"provider","operation_id","candidate_id","candidate","representative_mechanism","portfolio_relation","semantic_fidelity","selected_identity","host_independence","callbacks_handles","project_authority","lifecycle_isolation","incremental_backpressure","output_ownership","stability_coupling","performance_copies","distribution_security","testability_observability","effect_reuse","complexity","decision","falsifier"
"bun","BUN-TRANSPILE-SYNC","A","current operation-specific hybrid","direct-host-api","single representative family for this candidate","faithful in declared domain: highest fidelity for Bun-native host operations and callbacks; operation status: upstream operation; not frozen for 0.4","ambient Bun host selects runtime/engine; request selects config/targets; host cwd/env apply","Bun isolate -> Zig binding -> caller thread for sync transpile/scan or singleton native bundle thread/work pool for Bun.build; distribution: requires Bun host and exact supported host/platform binary","retains closures, plugin objects, virtual files, blobs, structured logs and BuildArtifact bytes; Transpiler is caller-owned; Bun.build is one-shot over hidden shared threads and exposes no cancel/context","ambient Bun host selects runtime/engine; request selects config/targets; host cwd/env apply","Transpiler is caller-owned; Bun.build is one-shot over hidden shared threads and exposes no cancel/context; required operation law: the native host form blocks its caller and exposes no cancellation handle; alternate boundaries must state any different isolation law","Transpiler is caller-owned; Bun.build is one-shot over hidden shared threads and exposes no cancel/context; state cost: few adapter concepts; ambient identity and non-cancellable native work remain","borrowed/in-memory blobs or provider-direct files; compile may mutate an outfile; required operation ownership: caller-owned transformed source value","documented public Bun 1.3.9 API, host-restricted, MIT plus bundled component licenses; compatibility: public Bun API/version; no independent engine handshake; support verdict: viable now for host-API operations","direct JS/native binding; few adapter concepts; ambient identity and non-cancellable native work remain","requires Bun host and exact supported host/platform binary","public Bun API/version; no independent engine handshake; evidence: Bun bun.d.ts:2350-2411 and JSTranspiler.zig:815-918 @ cf6cdbb","Reuse Effect Scope for owned handles/children, ChildProcess for selected processes, FileSystem/Path for explicit mutation, Stream only for a real typed event source, Layer for selection and dependency provision, and preserve Cause interruption.","few adapter concepts; ambient identity and non-cancellable native work remain","viable now for host-API operations","Reject if the mechanism cannot preserve transpile source synchronously under the authority/lifetime stated in MECHANISM-COVERAGE.csv."
"bun","BUN-TRANSPILE-SYNC","B","provider-host sidecars","runtime-hosted-sidecar","single representative family for this candidate","GATE-FAIL: cannot preserve synchronous caller-thread blocking or the frozen compile operation's selected-command/project/publication law, and arbitrary plugins/watch do not cross faithfully","not-applicable-after-semantic-gate","not-applicable-after-semantic-gate; explicit Bun child calling public Bun API","not-applicable-after-semantic-gate; faithful only for serializable source/options/bytes; plugin closures require selected provider-side code and cannot be JSON values","not-applicable-after-semantic-gate; effect-build selects binary/digest/protocol; provider process owns Bun engine/cwd/env","unproven/non-fit; one-shot or persistent process; request IDs, queue bounds, handshake, kill, restart and stale handles are adapter-owned; required operation law: the native host form blocks its caller and exposes no cancellation handle; alternate boundaries must state any different isolation law","unproven/non-fit; one-shot or persistent process; request IDs, queue bounds, handshake, kill, restart and stale handles are adapter-owned","unproven/non-fit; structured bytes may cross with copies; direct files mutate sidecar namespace; publication remains effect-build-owned; required operation ownership: caller-owned transformed source value","effect-build-owned prototype over documented public Bun API; not an upstream protocol; compatibility: exact version/capability/digest handshake required","not evaluated after semantic gate; effect-build-owned length-framed pipe/socket protocol","not evaluated after semantic gate; requires Bun binary on every provider host and protocol server source","bounded negative backed by Bun bun.d.ts:2350-2411 and JSTranspiler.zig:815-918 @ cf6cdbb","none until semantic gate passes","invalid/non-fit; adds protocol/session/crash/copy states; removes host-runtime coupling for serializable operations","reject for operation","Reopen only if upstream or a bounded probe supplies a supported faithful runtime-hosted-sidecar surface for transpile source synchronously."
"bun","BUN-TRANSPILE-SYNC","C","persistent provider sessions","persistent-session","single representative family for this candidate","GATE-FAIL: cannot preserve synchronous caller-thread blocking; Bun.build exposes no reusable context and executable compile has no session value","not-applicable-after-semantic-gate","not-applicable-after-semantic-gate; persistent Bun sidecar; native transpiler calls inside it","not-applicable-after-semantic-gate; serializable source/options/results; no closure transfer","not-applicable-after-semantic-gate; selected sidecar owns engine; caller owns handle lifecycle","unproven/non-fit; explicit handshake/create/use/close/shutdown; crash invalidates every generation handle; required operation law: the native host form blocks its caller and exposes no cancellation handle; alternate boundaries must state any different isolation law","unproven/non-fit; explicit handshake/create/use/close/shutdown; crash invalidates every generation handle","unproven/non-fit; in-memory copied results; required operation ownership: caller-owned transformed source value","effect-build prototype only; no upstream Bun session protocol; compatibility: protocol and Bun capabilities negotiated","not evaluated after semantic gate; framed RPC with generation-bound IDs","not evaluated after semantic gate; Bun plus owned server on each platform","bounded negative backed by Bun bun.d.ts:2350-2411 and JSTranspiler.zig:815-918 @ cf6cdbb","none until semantic gate passes","invalid/non-fit; queue/backpressure/stale-handle/idle-memory/restart states added","reject for operation","Reopen only if upstream or a bounded probe supplies a supported faithful persistent-session surface for transpile source synchronously."
"bun","BUN-TRANSPILE-SYNC","D","embedded/native/WASM engines","official-language-library","single representative family for this candidate","GATE-FAIL: no Bun operation has an official Go/Rust/C library boundary","not-applicable-after-semantic-gate","not-applicable-after-semantic-gate; not available as a supported provider surface","not-applicable-after-semantic-gate; no supported faithful request/result boundary","not-applicable-after-semantic-gate; would require effect-build to own an unsupported engine/ABI or substitute semantics","unproven/non-fit; unproven; required operation law: the native host form blocks its caller and exposes no cancellation handle; alternate boundaries must state any different isolation law","unproven/non-fit; unproven","unproven/non-fit; unproven; required operation ownership: caller-owned transformed source value","no supported non-JavaScript Bun compiler library found at bun-v1.3.9 after public docs/declarations/source-tree search; compatibility: unsupported coupling","not evaluated after semantic gate; none","not evaluated after semantic gate; would require new native/source distribution","bounded negative backed by Bun bun.d.ts:2350-2411 and JSTranspiler.zig:815-918 @ cf6cdbb","none until semantic gate passes","invalid/non-fit; a new language library would be upstream work or a fork","reject for operation","Reopen only if upstream or a bounded probe supplies a supported faithful official-language-library surface for transpile source synchronously."
"bun","BUN-TRANSPILE-SYNC","E","inverted/declarative integration","inverted-plugin","single representative family for this candidate","GATE-FAIL: a callback is an adjunct, not the build/compile/transpiler caller surface; loading code is not serializing a callback","not-applicable-after-semantic-gate","not-applicable-after-semantic-gate; Bun owns bundle threads and calls JS/native hooks","not-applicable-after-semantic-gate; preserves virtual modules and callbacks only when code runs inside Bun","not-applicable-after-semantic-gate; provider process controls schedule; caller/plugin controls hook code and mutable closure state","unproven/non-fit; plugin callback/reentrancy lifetime tied to build; no general cancellation; required operation law: the native host form blocks its caller and exposes no cancellation handle; alternate boundaries must state any different isolation law","unproven/non-fit; plugin callback/reentrancy lifetime tied to build; no general cancellation","unproven/non-fit; plugin may alter module/output graph; direct writes remain provider mutation; required operation ownership: caller-owned transformed source value","documented public plugin API; native onBeforeParse is narrow and platform-restricted; compatibility: Bun plugin API plus module/native ABI","not evaluated after semantic gate; direct callbacks inside Bun or explicitly selected provider-side module","not evaluated after semantic gate; plugin code/native addon must be installed and trusted in provider host","bounded negative backed by Bun bun.d.ts:2350-2411 and JSTranspiler.zig:815-918 @ cf6cdbb","none until semantic gate passes","invalid/non-fit; adds code-mobility/trust/reentrancy identity","reject for operation","Reopen only if upstream or a bounded probe supplies a supported faithful inverted-plugin surface for transpile source synchronously."
"bun","BUN-TRANSPILE-SYNC","F","operation-specific portfolio","direct-host-api","single selected route","faithful in declared domain: highest fidelity for Bun-native host operations and callbacks; operation status: upstream operation; not frozen for 0.4","ambient Bun host selects runtime/engine; request selects config/targets; host cwd/env apply","Bun isolate -> Zig binding -> caller thread for sync transpile/scan or singleton native bundle thread/work pool for Bun.build; distribution: requires Bun host and exact supported host/platform binary","retains closures, plugin objects, virtual files, blobs, structured logs and BuildArtifact bytes; Transpiler is caller-owned; Bun.build is one-shot over hidden shared threads and exposes no cancel/context","ambient Bun host selects runtime/engine; request selects config/targets; host cwd/env apply","Transpiler is caller-owned; Bun.build is one-shot over hidden shared threads and exposes no cancel/context; required operation law: the native host form blocks its caller and exposes no cancellation handle; alternate boundaries must state any different isolation law","Transpiler is caller-owned; Bun.build is one-shot over hidden shared threads and exposes no cancel/context; state cost: few adapter concepts; ambient identity and non-cancellable native work remain","borrowed/in-memory blobs or provider-direct files; compile may mutate an outfile; required operation ownership: caller-owned transformed source value","documented public Bun 1.3.9 API, host-restricted, MIT plus bundled component licenses; compatibility: public Bun API/version; no independent engine handshake; support verdict: viable now for host-API operations","direct JS/native binding; few adapter concepts; ambient identity and non-cancellable native work remain","requires Bun host and exact supported host/platform binary","public Bun API/version; no independent engine handshake; evidence: Bun bun.d.ts:2350-2411 and JSTranspiler.zig:815-918 @ cf6cdbb","Reuse Effect Scope for owned handles/children, ChildProcess for selected processes, FileSystem/Path for explicit mutation, Stream only for a real typed event source, Layer for selection and dependency provision, and preserve Cause interruption.","few adapter concepts; ambient identity and non-cancellable native work remain","direct-host-api in Bun; caller-thread blocking is part of the contract","Reject this portfolio if any selected route cannot preserve transpile source synchronously under its authority/lifetime record, or if one supported route preserves all required semantics with fewer total states."
"bun","BUN-TRANSPILE-ASYNC","A","current operation-specific hybrid","direct-host-api","single representative family for this candidate","faithful in declared domain: highest fidelity for Bun-native host operations and callbacks; operation status: upstream operation; not frozen for 0.4","ambient Bun host selects runtime/engine; request selects config/targets; host cwd/env apply","Bun isolate -> Zig binding -> caller thread for sync transpile/scan or singleton native bundle thread/work pool for Bun.build; distribution: requires Bun host and exact supported host/platform binary","retains closures, plugin objects, virtual files, blobs, structured logs and BuildArtifact bytes; Transpiler is caller-owned; Bun.build is one-shot over hidden shared threads and exposes no cancel/context","ambient Bun host selects runtime/engine; request selects config/targets; host cwd/env apply","Transpiler is caller-owned; Bun.build is one-shot over hidden shared threads and exposes no cancel/context; required operation law: one invocation with no provider-owned per-call cancellation handle; an isolating boundary must state its kill and outcome law","Transpiler is caller-owned; Bun.build is one-shot over hidden shared threads and exposes no cancel/context; state cost: few adapter concepts; ambient identity and non-cancellable native work remain","borrowed/in-memory blobs or provider-direct files; compile may mutate an outfile; required operation ownership: caller-owned transformed source value","documented public Bun 1.3.9 API, host-restricted, MIT plus bundled component licenses; compatibility: public Bun API/version; no independent engine handshake; support verdict: viable now for host-API operations","direct JS/native binding; few adapter concepts; ambient identity and non-cancellable native work remain","requires Bun host and exact supported host/platform binary","public Bun API/version; no independent engine handshake; evidence: Bun transpiler.mdx:71-93 and bun.d.ts:2350-2411 @ cf6cdbb","Reuse Effect Scope for owned handles/children, ChildProcess for selected processes, FileSystem/Path for explicit mutation, Stream only for a real typed event source, Layer for selection and dependency provision, and preserve Cause interruption.","few adapter concepts; ambient identity and non-cancellable native work remain","viable now for host-API operations","Reject if the mechanism cannot preserve transpile source asynchronously under the authority/lifetime stated in MECHANISM-COVERAGE.csv."
"bun","BUN-TRANSPILE-ASYNC","B","provider-host sidecars","runtime-hosted-sidecar","single representative family for this candidate","faithful in declared domain: useful only when host independence exposes structured Bun semantics unavailable to a Node orchestrator; operation status: upstream operation; not frozen for 0.4","effect-build selects binary/digest/protocol; provider process owns Bun engine/cwd/env","explicit Bun child calling public Bun API; distribution: requires Bun binary on every provider host and protocol server source","faithful only for serializable source/options/bytes; plugin closures require selected provider-side code and cannot be JSON values; one-shot or persistent process; request IDs, queue bounds, handshake, kill, restart and stale handles are adapter-owned","effect-build selects binary/digest/protocol; provider process owns Bun engine/cwd/env","one-shot or persistent process; request IDs, queue bounds, handshake, kill, restart and stale handles are adapter-owned; required operation law: one invocation with no provider-owned per-call cancellation handle; an isolating boundary must state its kill and outcome law","one-shot or persistent process; request IDs, queue bounds, handshake, kill, restart and stale handles are adapter-owned; state cost: adds protocol/session/crash/copy states; removes host-runtime coupling for serializable operations","structured bytes may cross with copies; direct files mutate sidecar namespace; publication remains effect-build-owned; required operation ownership: caller-owned transformed source value","effect-build-owned prototype over documented public Bun API; not an upstream protocol; compatibility: exact version/capability/digest handshake required; support verdict: viable with bounded package-private adapter","effect-build-owned length-framed pipe/socket protocol; adds protocol/session/crash/copy states; removes host-runtime coupling for serializable operations","requires Bun binary on every provider host and protocol server source","exact version/capability/digest handshake required; evidence: Bun transpiler.mdx:71-93 and bun.d.ts:2350-2411 @ cf6cdbb","Reuse Effect Scope for owned handles/children, ChildProcess for selected processes, FileSystem/Path for explicit mutation, Stream only for a real typed event source, Layer for selection and dependency provision, and preserve Cause interruption.","adds protocol/session/crash/copy states; removes host-runtime coupling for serializable operations","viable with bounded package-private adapter","Reject if the mechanism cannot preserve transpile source asynchronously under the authority/lifetime stated in MECHANISM-COVERAGE.csv."
"bun","BUN-TRANSPILE-ASYNC","C","persistent provider sessions","persistent-session","single representative family for this candidate","faithful in declared domain: batching can reuse configured Transpiler and amortize startup; operation status: upstream operation; not frozen for 0.4","selected sidecar owns engine; caller owns handle lifecycle","persistent Bun sidecar; native transpiler calls inside it; distribution: Bun plus owned server on each platform","serializable source/options/results; no closure transfer; explicit handshake/create/use/close/shutdown; crash invalidates every generation handle","selected sidecar owns engine; caller owns handle lifecycle","explicit handshake/create/use/close/shutdown; crash invalidates every generation handle; required operation law: one invocation with no provider-owned per-call cancellation handle; an isolating boundary must state its kill and outcome law","explicit handshake/create/use/close/shutdown; crash invalidates every generation handle; state cost: queue/backpressure/stale-handle/idle-memory/restart states added","in-memory copied results; required operation ownership: caller-owned transformed source value","effect-build prototype only; no upstream Bun session protocol; compatibility: protocol and Bun capabilities negotiated; support verdict: research-only unless batching demand is concrete","framed RPC with generation-bound IDs; queue/backpressure/stale-handle/idle-memory/restart states added","Bun plus owned server on each platform","protocol and Bun capabilities negotiated; evidence: Bun transpiler.mdx:71-93 and bun.d.ts:2350-2411 @ cf6cdbb","Reuse Effect Scope for owned handles/children, ChildProcess for selected processes, FileSystem/Path for explicit mutation, Stream only for a real typed event source, Layer for selection and dependency provision, and preserve Cause interruption.","queue/backpressure/stale-handle/idle-memory/restart states added","research-only unless batching demand is concrete","Reject if the mechanism cannot preserve transpile source asynchronously under the authority/lifetime stated in MECHANISM-COVERAGE.csv."
"bun","BUN-TRANSPILE-ASYNC","D","embedded/native/WASM engines","official-language-library","single representative family for this candidate","GATE-FAIL: no Bun operation has an official Go/Rust/C library boundary","not-applicable-after-semantic-gate","not-applicable-after-semantic-gate; not available as a supported provider surface","not-applicable-after-semantic-gate; no supported faithful request/result boundary","not-applicable-after-semantic-gate; would require effect-build to own an unsupported engine/ABI or substitute semantics","unproven/non-fit; unproven; required operation law: one invocation with no provider-owned per-call cancellation handle; an isolating boundary must state its kill and outcome law","unproven/non-fit; unproven","unproven/non-fit; unproven; required operation ownership: caller-owned transformed source value","no supported non-JavaScript Bun compiler library found at bun-v1.3.9 after public docs/declarations/source-tree search; compatibility: unsupported coupling","not evaluated after semantic gate; none","not evaluated after semantic gate; would require new native/source distribution","bounded negative backed by Bun transpiler.mdx:71-93 and bun.d.ts:2350-2411 @ cf6cdbb","none until semantic gate passes","invalid/non-fit; a new language library would be upstream work or a fork","reject for operation","Reopen only if upstream or a bounded probe supplies a supported faithful official-language-library surface for transpile source asynchronously."
"bun","BUN-TRANSPILE-ASYNC","E","inverted/declarative integration","inverted-plugin","single representative family for this candidate","GATE-FAIL: a callback is an adjunct, not the build/compile/transpiler caller surface; loading code is not serializing a callback","not-applicable-after-semantic-gate","not-applicable-after-semantic-gate; Bun owns bundle threads and calls JS/native hooks","not-applicable-after-semantic-gate; preserves virtual modules and callbacks only when code runs inside Bun","not-applicable-after-semantic-gate; provider process controls schedule; caller/plugin controls hook code and mutable closure state","unproven/non-fit; plugin callback/reentrancy lifetime tied to build; no general cancellation; required operation law: one invocation with no provider-owned per-call cancellation handle; an isolating boundary must state its kill and outcome law","unproven/non-fit; plugin callback/reentrancy lifetime tied to build; no general cancellation","unproven/non-fit; plugin may alter module/output graph; direct writes remain provider mutation; required operation ownership: caller-owned transformed source value","documented public plugin API; native onBeforeParse is narrow and platform-restricted; compatibility: Bun plugin API plus module/native ABI","not evaluated after semantic gate; direct callbacks inside Bun or explicitly selected provider-side module","not evaluated after semantic gate; plugin code/native addon must be installed and trusted in provider host","bounded negative backed by Bun transpiler.mdx:71-93 and bun.d.ts:2350-2411 @ cf6cdbb","none until semantic gate passes","invalid/non-fit; adds code-mobility/trust/reentrancy identity","reject for operation","Reopen only if upstream or a bounded probe supplies a supported faithful inverted-plugin surface for transpile source asynchronously."
"bun","BUN-TRANSPILE-ASYNC","F","operation-specific portfolio","direct-host-api","single selected route","faithful in declared domain: highest fidelity for Bun-native host operations and callbacks; operation status: upstream operation; not frozen for 0.4","ambient Bun host selects runtime/engine; request selects config/targets; host cwd/env apply","Bun isolate -> Zig binding -> caller thread for sync transpile/scan or singleton native bundle thread/work pool for Bun.build; distribution: requires Bun host and exact supported host/platform binary","retains closures, plugin objects, virtual files, blobs, structured logs and BuildArtifact bytes; Transpiler is caller-owned; Bun.build is one-shot over hidden shared threads and exposes no cancel/context","ambient Bun host selects runtime/engine; request selects config/targets; host cwd/env apply","Transpiler is caller-owned; Bun.build is one-shot over hidden shared threads and exposes no cancel/context; required operation law: one invocation with no provider-owned per-call cancellation handle; an isolating boundary must state its kill and outcome law","Transpiler is caller-owned; Bun.build is one-shot over hidden shared threads and exposes no cancel/context; state cost: few adapter concepts; ambient identity and non-cancellable native work remain","borrowed/in-memory blobs or provider-direct files; compile may mutate an outfile; required operation ownership: caller-owned transformed source value","documented public Bun 1.3.9 API, host-restricted, MIT plus bundled component licenses; compatibility: public Bun API/version; no independent engine handshake; support verdict: viable now for host-API operations","direct JS/native binding; few adapter concepts; ambient identity and non-cancellable native work remain","requires Bun host and exact supported host/platform binary","public Bun API/version; no independent engine handshake; evidence: Bun transpiler.mdx:71-93 and bun.d.ts:2350-2411 @ cf6cdbb","Reuse Effect Scope for owned handles/children, ChildProcess for selected processes, FileSystem/Path for explicit mutation, Stream only for a real typed event source, Layer for selection and dependency provision, and preserve Cause interruption.","few adapter concepts; ambient identity and non-cancellable native work remain","direct-host-api; runtime-hosted-sidecar only for a non-Bun orchestrator","Reject this portfolio if any selected route cannot preserve transpile source asynchronously under its authority/lifetime record, or if one supported route preserves all required semantics with fewer total states."
"bun","BUN-SCAN","A","current operation-specific hybrid","direct-host-api","single representative family for this candidate","faithful in declared domain: highest fidelity for Bun-native host operations and callbacks; operation status: upstream operation; not frozen for 0.4","ambient Bun host selects runtime/engine; request selects config/targets; host cwd/env apply","Bun isolate -> Zig binding -> caller thread for sync transpile/scan or singleton native bundle thread/work pool for Bun.build; distribution: requires Bun host and exact supported host/platform binary","retains closures, plugin objects, virtual files, blobs, structured logs and BuildArtifact bytes; Transpiler is caller-owned; Bun.build is one-shot over hidden shared threads and exposes no cancel/context","ambient Bun host selects runtime/engine; request selects config/targets; host cwd/env apply","Transpiler is caller-owned; Bun.build is one-shot over hidden shared threads and exposes no cancel/context","Transpiler is caller-owned; Bun.build is one-shot over hidden shared threads and exposes no cancel/context; state cost: few adapter concepts; ambient identity and non-cancellable native work remain","borrowed/in-memory blobs or provider-direct files; compile may mutate an outfile","documented public Bun 1.3.9 API, host-restricted, MIT plus bundled component licenses; compatibility: public Bun API/version; no independent engine handshake; support verdict: viable now for host-API operations","direct JS/native binding; few adapter concepts; ambient identity and non-cancellable native work remain","requires Bun host and exact supported host/platform binary","public Bun API/version; no independent engine handshake; evidence: Bun bun.d.ts:2350-2411 @ cf6cdbb","Reuse Effect Scope for owned handles/children, ChildProcess for selected processes, FileSystem/Path for explicit mutation, Stream only for a real typed event source, Layer for selection and dependency provision, and preserve Cause interruption.","few adapter concepts; ambient identity and non-cancellable native work remain","viable now for host-API operations","Reject if the mechanism cannot preserve scan exports/imports and fast imports under the authority/lifetime stated in MECHANISM-COVERAGE.csv."
"bun","BUN-SCAN","B","provider-host sidecars","runtime-hosted-sidecar","single representative family for this candidate","faithful in declared domain: useful only when host independence exposes structured Bun semantics unavailable to a Node orchestrator; operation status: upstream operation; not frozen for 0.4","effect-build selects binary/digest/protocol; provider process owns Bun engine/cwd/env","explicit Bun child calling public Bun API; distribution: requires Bun binary on every provider host and protocol server source","faithful only for serializable source/options/bytes; plugin closures require selected provider-side code and cannot be JSON values; one-shot or persistent process; request IDs, queue bounds, handshake, kill, restart and stale handles are adapter-owned","effect-build selects binary/digest/protocol; provider process owns Bun engine/cwd/env","one-shot or persistent process; request IDs, queue bounds, handshake, kill, restart and stale handles are adapter-owned","one-shot or persistent process; request IDs, queue bounds, handshake, kill, restart and stale handles are adapter-owned; state cost: adds protocol/session/crash/copy states; removes host-runtime coupling for serializable operations","structured bytes may cross with copies; direct files mutate sidecar namespace; publication remains effect-build-owned","effect-build-owned prototype over documented public Bun API; not an upstream protocol; compatibility: exact version/capability/digest handshake required; support verdict: viable with bounded package-private adapter","effect-build-owned length-framed pipe/socket protocol; adds protocol/session/crash/copy states; removes host-runtime coupling for serializable operations","requires Bun binary on every provider host and protocol server source","exact version/capability/digest handshake required; evidence: Bun bun.d.ts:2350-2411 @ cf6cdbb","Reuse Effect Scope for owned handles/children, ChildProcess for selected processes, FileSystem/Path for explicit mutation, Stream only for a real typed event source, Layer for selection and dependency provision, and preserve Cause interruption.","adds protocol/session/crash/copy states; removes host-runtime coupling for serializable operations","viable with bounded package-private adapter","Reject if the mechanism cannot preserve scan exports/imports and fast imports under the authority/lifetime stated in MECHANISM-COVERAGE.csv."
"bun","BUN-SCAN","C","persistent provider sessions","persistent-session","single representative family for this candidate","faithful in declared domain: batching can reuse configured Transpiler and amortize startup; operation status: upstream operation; not frozen for 0.4","selected sidecar owns engine; caller owns handle lifecycle","persistent Bun sidecar; native transpiler calls inside it; distribution: Bun plus owned server on each platform","serializable source/options/results; no closure transfer; explicit handshake/create/use/close/shutdown; crash invalidates every generation handle","selected sidecar owns engine; caller owns handle lifecycle","explicit handshake/create/use/close/shutdown; crash invalidates every generation handle","explicit handshake/create/use/close/shutdown; crash invalidates every generation handle; state cost: queue/backpressure/stale-handle/idle-memory/restart states added","in-memory copied results","effect-build prototype only; no upstream Bun session protocol; compatibility: protocol and Bun capabilities negotiated; support verdict: research-only unless batching demand is concrete","framed RPC with generation-bound IDs; queue/backpressure/stale-handle/idle-memory/restart states added","Bun plus owned server on each platform","protocol and Bun capabilities negotiated; evidence: Bun bun.d.ts:2350-2411 @ cf6cdbb","Reuse Effect Scope for owned handles/children, ChildProcess for selected processes, FileSystem/Path for explicit mutation, Stream only for a real typed event source, Layer for selection and dependency provision, and preserve Cause interruption.","queue/backpressure/stale-handle/idle-memory/restart states added","research-only unless batching demand is concrete","Reject if the mechanism cannot preserve scan exports/imports and fast imports under the authority/lifetime stated in MECHANISM-COVERAGE.csv."
"bun","BUN-SCAN","D","embedded/native/WASM engines","official-language-library","single representative family for this candidate","GATE-FAIL: no Bun operation has an official Go/Rust/C library boundary","not-applicable-after-semantic-gate","not-applicable-after-semantic-gate; not available as a supported provider surface","not-applicable-after-semantic-gate; no supported faithful request/result boundary","not-applicable-after-semantic-gate; would require effect-build to own an unsupported engine/ABI or substitute semantics","unproven/non-fit; unproven","unproven/non-fit; unproven","unproven/non-fit; unproven","no supported non-JavaScript Bun compiler library found at bun-v1.3.9 after public docs/declarations/source-tree search; compatibility: unsupported coupling","not evaluated after semantic gate; none","not evaluated after semantic gate; would require new native/source distribution","bounded negative backed by Bun bun.d.ts:2350-2411 @ cf6cdbb","none until semantic gate passes","invalid/non-fit; a new language library would be upstream work or a fork","reject for operation","Reopen only if upstream or a bounded probe supplies a supported faithful official-language-library surface for scan exports/imports and fast imports."
"bun","BUN-SCAN","E","inverted/declarative integration","inverted-plugin","single representative family for this candidate","GATE-FAIL: a callback is an adjunct, not the build/compile/transpiler caller surface; loading code is not serializing a callback","not-applicable-after-semantic-gate","not-applicable-after-semantic-gate; Bun owns bundle threads and calls JS/native hooks","not-applicable-after-semantic-gate; preserves virtual modules and callbacks only when code runs inside Bun","not-applicable-after-semantic-gate; provider process controls schedule; caller/plugin controls hook code and mutable closure state","unproven/non-fit; plugin callback/reentrancy lifetime tied to build; no general cancellation","unproven/non-fit; plugin callback/reentrancy lifetime tied to build; no general cancellation","unproven/non-fit; plugin may alter module/output graph; direct writes remain provider mutation","documented public plugin API; native onBeforeParse is narrow and platform-restricted; compatibility: Bun plugin API plus module/native ABI","not evaluated after semantic gate; direct callbacks inside Bun or explicitly selected provider-side module","not evaluated after semantic gate; plugin code/native addon must be installed and trusted in provider host","bounded negative backed by Bun bun.d.ts:2350-2411 @ cf6cdbb","none until semantic gate passes","invalid/non-fit; adds code-mobility/trust/reentrancy identity","reject for operation","Reopen only if upstream or a bounded probe supplies a supported faithful inverted-plugin surface for scan exports/imports and fast imports."
"bun","BUN-SCAN","F","operation-specific portfolio","direct-host-api","single selected route","faithful in declared domain: highest fidelity for Bun-native host operations and callbacks; operation status: upstream operation; not frozen for 0.4","ambient Bun host selects runtime/engine; request selects config/targets; host cwd/env apply","Bun isolate -> Zig binding -> caller thread for sync transpile/scan or singleton native bundle thread/work pool for Bun.build; distribution: requires Bun host and exact supported host/platform binary","retains closures, plugin objects, virtual files, blobs, structured logs and BuildArtifact bytes; Transpiler is caller-owned; Bun.build is one-shot over hidden shared threads and exposes no cancel/context","ambient Bun host selects runtime/engine; request selects config/targets; host cwd/env apply","Transpiler is caller-owned; Bun.build is one-shot over hidden shared threads and exposes no cancel/context","Transpiler is caller-owned; Bun.build is one-shot over hidden shared threads and exposes no cancel/context; state cost: few adapter concepts; ambient identity and non-cancellable native work remain","borrowed/in-memory blobs or provider-direct files; compile may mutate an outfile","documented public Bun 1.3.9 API, host-restricted, MIT plus bundled component licenses; compatibility: public Bun API/version; no independent engine handshake; support verdict: viable now for host-API operations","direct JS/native binding; few adapter concepts; ambient identity and non-cancellable native work remain","requires Bun host and exact supported host/platform binary","public Bun API/version; no independent engine handshake; evidence: Bun bun.d.ts:2350-2411 @ cf6cdbb","Reuse Effect Scope for owned handles/children, ChildProcess for selected processes, FileSystem/Path for explicit mutation, Stream only for a real typed event source, Layer for selection and dependency provision, and preserve Cause interruption.","few adapter concepts; ambient identity and non-cancellable native work remain","direct-host-api; bounded sidecar for serializable batching","Reject this portfolio if any selected route cannot preserve scan exports/imports and fast imports under its authority/lifetime record, or if one supported route preserves all required semantics with fewer total states."
"bun","BUN-BUILD-MEMORY","A","current operation-specific hybrid","direct-host-api","single representative family for this candidate","faithful in declared domain: highest fidelity for Bun-native host operations and callbacks; operation status: upstream operation; not frozen for 0.4","ambient Bun host selects runtime/engine; request selects config/targets; host cwd/env apply","Bun isolate -> Zig binding -> caller thread for sync transpile/scan or singleton native bundle thread/work pool for Bun.build; distribution: requires Bun host and exact supported host/platform binary","retains closures, plugin objects, virtual files, blobs, structured logs and BuildArtifact bytes; Transpiler is caller-owned; Bun.build is one-shot over hidden shared threads and exposes no cancel/context","ambient Bun host selects runtime/engine; request selects config/targets; host cwd/env apply","Transpiler is caller-owned; Bun.build is one-shot over hidden shared threads and exposes no cancel/context","Transpiler is caller-owned; Bun.build is one-shot over hidden shared threads and exposes no cancel/context; state cost: few adapter concepts; ambient identity and non-cancellable native work remain","borrowed/in-memory blobs or provider-direct files; compile may mutate an outfile","documented public Bun 1.3.9 API, host-restricted, MIT plus bundled component licenses; compatibility: public Bun API/version; no independent engine handshake; support verdict: viable now for host-API operations","direct JS/native binding; few adapter concepts; ambient identity and non-cancellable native work remain","requires Bun host and exact supported host/platform binary","public Bun API/version; no independent engine handshake; evidence: Bun bundler docs:295-335 and BuildConfig.files @ cf6cdbb","Reuse Effect Scope for owned handles/children, ChildProcess for selected processes, FileSystem/Path for explicit mutation, Stream only for a real typed event source, Layer for selection and dependency provision, and preserve Cause interruption.","few adapter concepts; ambient identity and non-cancellable native work remain","viable now for host-API operations","Reject if the mechanism cannot preserve build/bundle with structured in-memory outputs and virtual files under the authority/lifetime stated in MECHANISM-COVERAGE.csv."
"bun","BUN-BUILD-MEMORY","B","provider-host sidecars","runtime-hosted-sidecar","single representative family for this candidate","faithful in declared domain: useful only when host independence exposes structured Bun semantics unavailable to a Node orchestrator; operation status: upstream operation; not frozen for 0.4","effect-build selects binary/digest/protocol; provider process owns Bun engine/cwd/env","explicit Bun child calling public Bun API; distribution: requires Bun binary on every provider host and protocol server source","faithful only for serializable source/options/bytes; plugin closures require selected provider-side code and cannot be JSON values; one-shot or persistent process; request IDs, queue bounds, handshake, kill, restart and stale handles are adapter-owned","effect-build selects binary/digest/protocol; provider process owns Bun engine/cwd/env","one-shot or persistent process; request IDs, queue bounds, handshake, kill, restart and stale handles are adapter-owned","one-shot or persistent process; request IDs, queue bounds, handshake, kill, restart and stale handles are adapter-owned; state cost: adds protocol/session/crash/copy states; removes host-runtime coupling for serializable operations","structured bytes may cross with copies; direct files mutate sidecar namespace; publication remains effect-build-owned","effect-build-owned prototype over documented public Bun API; not an upstream protocol; compatibility: exact version/capability/digest handshake required; support verdict: viable with bounded package-private adapter","effect-build-owned length-framed pipe/socket protocol; adds protocol/session/crash/copy states; removes host-runtime coupling for serializable operations","requires Bun binary on every provider host and protocol server source","exact version/capability/digest handshake required; evidence: Bun bundler docs:295-335 and BuildConfig.files @ cf6cdbb","Reuse Effect Scope for owned handles/children, ChildProcess for selected processes, FileSystem/Path for explicit mutation, Stream only for a real typed event source, Layer for selection and dependency provision, and preserve Cause interruption.","adds protocol/session/crash/copy states; removes host-runtime coupling for serializable operations","viable with bounded package-private adapter","Reject if the mechanism cannot preserve build/bundle with structured in-memory outputs and virtual files under the authority/lifetime stated in MECHANISM-COVERAGE.csv."
"bun","BUN-BUILD-MEMORY","C","persistent provider sessions","persistent-session","single representative family for this candidate","GATE-FAIL: cannot preserve synchronous caller-thread blocking; Bun.build exposes no reusable context and executable compile has no session value","not-applicable-after-semantic-gate","not-applicable-after-semantic-gate; persistent Bun sidecar; native transpiler calls inside it","not-applicable-after-semantic-gate; serializable source/options/results; no closure transfer","not-applicable-after-semantic-gate; selected sidecar owns engine; caller owns handle lifecycle","unproven/non-fit; explicit handshake/create/use/close/shutdown; crash invalidates every generation handle","unproven/non-fit; explicit handshake/create/use/close/shutdown; crash invalidates every generation handle","unproven/non-fit; in-memory copied results","effect-build prototype only; no upstream Bun session protocol; compatibility: protocol and Bun capabilities negotiated","not evaluated after semantic gate; framed RPC with generation-bound IDs","not evaluated after semantic gate; Bun plus owned server on each platform","bounded negative backed by Bun bundler docs:295-335 and BuildConfig.files @ cf6cdbb","none until semantic gate passes","invalid/non-fit; queue/backpressure/stale-handle/idle-memory/restart states added","reject for operation","Reopen only if upstream or a bounded probe supplies a supported faithful persistent-session surface for build/bundle with structured in-memory outputs and virtual files."
"bun","BUN-BUILD-MEMORY","D","embedded/native/WASM engines","official-language-library","single representative family for this candidate","GATE-FAIL: no Bun operation has an official Go/Rust/C library boundary","not-applicable-after-semantic-gate","not-applicable-after-semantic-gate; not available as a supported provider surface","not-applicable-after-semantic-gate; no supported faithful request/result boundary","not-applicable-after-semantic-gate; would require effect-build to own an unsupported engine/ABI or substitute semantics","unproven/non-fit; unproven","unproven/non-fit; unproven","unproven/non-fit; unproven","no supported non-JavaScript Bun compiler library found at bun-v1.3.9 after public docs/declarations/source-tree search; compatibility: unsupported coupling","not evaluated after semantic gate; none","not evaluated after semantic gate; would require new native/source distribution","bounded negative backed by Bun bundler docs:295-335 and BuildConfig.files @ cf6cdbb","none until semantic gate passes","invalid/non-fit; a new language library would be upstream work or a fork","reject for operation","Reopen only if upstream or a bounded probe supplies a supported faithful official-language-library surface for build/bundle with structured in-memory outputs and virtual files."
"bun","BUN-BUILD-MEMORY","E","inverted/declarative integration","inverted-plugin","single representative family for this candidate","GATE-FAIL: a callback is an adjunct, not the build/compile/transpiler caller surface; loading code is not serializing a callback","not-applicable-after-semantic-gate","not-applicable-after-semantic-gate; Bun owns bundle threads and calls JS/native hooks","not-applicable-after-semantic-gate; preserves virtual modules and callbacks only when code runs inside Bun","not-applicable-after-semantic-gate; provider process controls schedule; caller/plugin controls hook code and mutable closure state","unproven/non-fit; plugin callback/reentrancy lifetime tied to build; no general cancellation","unproven/non-fit; plugin callback/reentrancy lifetime tied to build; no general cancellation","unproven/non-fit; plugin may alter module/output graph; direct writes remain provider mutation","documented public plugin API; native onBeforeParse is narrow and platform-restricted; compatibility: Bun plugin API plus module/native ABI","not evaluated after semantic gate; direct callbacks inside Bun or explicitly selected provider-side module","not evaluated after semantic gate; plugin code/native addon must be installed and trusted in provider host","bounded negative backed by Bun bundler docs:295-335 and BuildConfig.files @ cf6cdbb","none until semantic gate passes","invalid/non-fit; adds code-mobility/trust/reentrancy identity","reject for operation","Reopen only if upstream or a bounded probe supplies a supported faithful inverted-plugin surface for build/bundle with structured in-memory outputs and virtual files."
"bun","BUN-BUILD-MEMORY","F","operation-specific portfolio","direct-host-api","single selected route","faithful in declared domain: highest fidelity for Bun-native host operations and callbacks; operation status: upstream operation; not frozen for 0.4","ambient Bun host selects runtime/engine; request selects config/targets; host cwd/env apply","Bun isolate -> Zig binding -> caller thread for sync transpile/scan or singleton native bundle thread/work pool for Bun.build; distribution: requires Bun host and exact supported host/platform binary","retains closures, plugin objects, virtual files, blobs, structured logs and BuildArtifact bytes; Transpiler is caller-owned; Bun.build is one-shot over hidden shared threads and exposes no cancel/context","ambient Bun host selects runtime/engine; request selects config/targets; host cwd/env apply","Transpiler is caller-owned; Bun.build is one-shot over hidden shared threads and exposes no cancel/context","Transpiler is caller-owned; Bun.build is one-shot over hidden shared threads and exposes no cancel/context; state cost: few adapter concepts; ambient identity and non-cancellable native work remain","borrowed/in-memory blobs or provider-direct files; compile may mutate an outfile","documented public Bun 1.3.9 API, host-restricted, MIT plus bundled component licenses; compatibility: public Bun API/version; no independent engine handshake; support verdict: viable now for host-API operations","direct JS/native binding; few adapter concepts; ambient identity and non-cancellable native work remain","requires Bun host and exact supported host/platform binary","public Bun API/version; no independent engine handshake; evidence: Bun bundler docs:295-335 and BuildConfig.files @ cf6cdbb","Reuse Effect Scope for owned handles/children, ChildProcess for selected processes, FileSystem/Path for explicit mutation, Stream only for a real typed event source, Layer for selection and dependency provision, and preserve Cause interruption.","few adapter concepts; ambient identity and non-cancellable native work remain","direct-host-api; bounded sidecar when host independence matters","Reject this portfolio if any selected route cannot preserve build/bundle with structured in-memory outputs and virtual files under its authority/lifetime record, or if one supported route preserves all required semantics with fewer total states."
"bun","BUN-BUILD-DISK-ASSETS","A","current operation-specific hybrid","direct-host-api+selected-command","alternative routes selected by output/project authority","direct-host-api:faithful in declared domain: highest fidelity for Bun-native host operations and callbacks; operation status: v0.3 borrowed single-main wrapper exists; broader operation not frozen | selected-command:faithful in declared domain: best for compile and process/project-authority operations; operation status: v0.3 borrowed single-main wrapper exists; broader operation not frozen","direct-host-api:ambient Bun host selects runtime/engine; request selects config/targets; host cwd/env apply | selected-command:explicit/PATH selected binary; CLI owns project/config/env/target and possible runtime acquisition","direct-host-api:Bun isolate -> Zig binding -> caller thread for sync transpile/scan or singleton native bundle thread/work pool for Bun.build; distribution: requires Bun host and exact supported host/platform binary | selected-command:selected local Bun child; distribution: release binary per host; cross-target compile may acquire target runtime","direct-host-api:retains closures, plugin objects, virtual files, blobs, structured logs and BuildArtifact bytes; Transpiler is caller-owned; Bun.build is one-shot over hidden shared threads and exposes no cancel/context | selected-command:preserves native project/config/flags; loses arbitrary JS closures and structured result objects; one-shot child or raw watch process; Scope can kill process but does not invent provider cancellation","direct-host-api:ambient Bun host selects runtime/engine; request selects config/targets; host cwd/env apply | selected-command:explicit/PATH selected binary; CLI owns project/config/env/target and possible runtime acquisition","direct-host-api:Transpiler is caller-owned; Bun.build is one-shot over hidden shared threads and exposes no cancel/context | selected-command:one-shot child or raw watch process; Scope can kill process but does not invent provider cancellation","direct-host-api:Transpiler is caller-owned; Bun.build is one-shot over hidden shared threads and exposes no cancel/context; state cost: few adapter concepts; ambient identity and non-cancellable native work remain | selected-command:one-shot child or raw watch process; Scope can kill process but does not invent provider cancellation; state cost: reuses Effect process/lifecycle and adds no owned protocol","direct-host-api:borrowed/in-memory blobs or provider-direct files; compile may mutate an outfile | selected-command:provider-direct files; effect-build compile wraps one file in private staging/atomic rename","direct-host-api:documented public Bun 1.3.9 API, host-restricted, MIT plus bundled component licenses; compatibility: public Bun API/version; no independent engine handshake; support verdict: viable now for host-API operations | selected-command:documented public Bun 1.3.9 CLI, MIT plus bundled component licenses; compatibility: probe exact version/path/capability; terminal diagnostics are not typed machine events; support verdict: viable now","direct-host-api:direct JS/native binding; few adapter concepts; ambient identity and non-cancellable native work remain | selected-command:argv, terminal byte streams, filesystem; reuses Effect process/lifecycle and adds no owned protocol","direct-host-api:requires Bun host and exact supported host/platform binary | selected-command:release binary per host; cross-target compile may acquire target runtime","direct-host-api:public Bun API/version; no independent engine handshake; evidence: Bun bundler docs:155-173,295-335 @ cf6cdbb; Bundle.ts:366-463 | selected-command:probe exact version/path/capability; terminal diagnostics are not typed machine events; evidence: Bun bundler docs:155-173,295-335 @ cf6cdbb; Bundle.ts:366-463","Reuse Effect Scope for owned handles/children, ChildProcess for selected processes, FileSystem/Path for explicit mutation, Stream only for a real typed event source, Layer for selection and dependency provision, and preserve Cause interruption.","direct-host-api:few adapter concepts; ambient identity and non-cancellable native work remain | selected-command:reuses Effect process/lifecycle and adds no owned protocol","direct-host-api:viable now for host-API operations | selected-command:viable now","Reject if the mechanism cannot preserve direct multi-entry JS/CSS/HTML/assets build under the authority/lifetime stated in MECHANISM-COVERAGE.csv."
"bun","BUN-BUILD-DISK-ASSETS","B","provider-host sidecars","runtime-hosted-sidecar","single representative family for this candidate","GATE-FAIL: cannot preserve synchronous caller-thread blocking or the frozen compile operation's selected-command/project/publication law, and arbitrary plugins/watch do not cross faithfully","not-applicable-after-semantic-gate","not-applicable-after-semantic-gate; explicit Bun child calling public Bun API","not-applicable-after-semantic-gate; faithful only for serializable source/options/bytes; plugin closures require selected provider-side code and cannot be JSON values","not-applicable-after-semantic-gate; effect-build selects binary/digest/protocol; provider process owns Bun engine/cwd/env","unproven/non-fit; one-shot or persistent process; request IDs, queue bounds, handshake, kill, restart and stale handles are adapter-owned","unproven/non-fit; one-shot or persistent process; request IDs, queue bounds, handshake, kill, restart and stale handles are adapter-owned","unproven/non-fit; structured bytes may cross with copies; direct files mutate sidecar namespace; publication remains effect-build-owned","effect-build-owned prototype over documented public Bun API; not an upstream protocol; compatibility: exact version/capability/digest handshake required","not evaluated after semantic gate; effect-build-owned length-framed pipe/socket protocol","not evaluated after semantic gate; requires Bun binary on every provider host and protocol server source","bounded negative backed by Bun bundler docs:155-173,295-335 @ cf6cdbb; Bundle.ts:366-463","none until semantic gate passes","invalid/non-fit; adds protocol/session/crash/copy states; removes host-runtime coupling for serializable operations","reject for operation","Reopen only if upstream or a bounded probe supplies a supported faithful runtime-hosted-sidecar surface for direct multi-entry JS/CSS/HTML/assets build."
"bun","BUN-BUILD-DISK-ASSETS","C","persistent provider sessions","persistent-session","single representative family for this candidate","GATE-FAIL: cannot preserve synchronous caller-thread blocking; Bun.build exposes no reusable context and executable compile has no session value","not-applicable-after-semantic-gate","not-applicable-after-semantic-gate; persistent Bun sidecar; native transpiler calls inside it","not-applicable-after-semantic-gate; serializable source/options/results; no closure transfer","not-applicable-after-semantic-gate; selected sidecar owns engine; caller owns handle lifecycle","unproven/non-fit; explicit handshake/create/use/close/shutdown; crash invalidates every generation handle","unproven/non-fit; explicit handshake/create/use/close/shutdown; crash invalidates every generation handle","unproven/non-fit; in-memory copied results","effect-build prototype only; no upstream Bun session protocol; compatibility: protocol and Bun capabilities negotiated","not evaluated after semantic gate; framed RPC with generation-bound IDs","not evaluated after semantic gate; Bun plus owned server on each platform","bounded negative backed by Bun bundler docs:155-173,295-335 @ cf6cdbb; Bundle.ts:366-463","none until semantic gate passes","invalid/non-fit; queue/backpressure/stale-handle/idle-memory/restart states added","reject for operation","Reopen only if upstream or a bounded probe supplies a supported faithful persistent-session surface for direct multi-entry JS/CSS/HTML/assets build."
"bun","BUN-BUILD-DISK-ASSETS","D","embedded/native/WASM engines","official-language-library","single representative family for this candidate","GATE-FAIL: no Bun operation has an official Go/Rust/C library boundary","not-applicable-after-semantic-gate","not-applicable-after-semantic-gate; not available as a supported provider surface","not-applicable-after-semantic-gate; no supported faithful request/result boundary","not-applicable-after-semantic-gate; would require effect-build to own an unsupported engine/ABI or substitute semantics","unproven/non-fit; unproven","unproven/non-fit; unproven","unproven/non-fit; unproven","no supported non-JavaScript Bun compiler library found at bun-v1.3.9 after public docs/declarations/source-tree search; compatibility: unsupported coupling","not evaluated after semantic gate; none","not evaluated after semantic gate; would require new native/source distribution","bounded negative backed by Bun bundler docs:155-173,295-335 @ cf6cdbb; Bundle.ts:366-463","none until semantic gate passes","invalid/non-fit; a new language library would be upstream work or a fork","reject for operation","Reopen only if upstream or a bounded probe supplies a supported faithful official-language-library surface for direct multi-entry JS/CSS/HTML/assets build."
"bun","BUN-BUILD-DISK-ASSETS","E","inverted/declarative integration","inverted-plugin","single representative family for this candidate","GATE-FAIL: a callback is an adjunct, not the build/compile/transpiler caller surface; loading code is not serializing a callback","not-applicable-after-semantic-gate","not-applicable-after-semantic-gate; Bun owns bundle threads and calls JS/native hooks","not-applicable-after-semantic-gate; preserves virtual modules and callbacks only when code runs inside Bun","not-applicable-after-semantic-gate; provider process controls schedule; caller/plugin controls hook code and mutable closure state","unproven/non-fit; plugin callback/reentrancy lifetime tied to build; no general cancellation","unproven/non-fit; plugin callback/reentrancy lifetime tied to build; no general cancellation","unproven/non-fit; plugin may alter module/output graph; direct writes remain provider mutation","documented public plugin API; native onBeforeParse is narrow and platform-restricted; compatibility: Bun plugin API plus module/native ABI","not evaluated after semantic gate; direct callbacks inside Bun or explicitly selected provider-side module","not evaluated after semantic gate; plugin code/native addon must be installed and trusted in provider host","bounded negative backed by Bun bundler docs:155-173,295-335 @ cf6cdbb; Bundle.ts:366-463","none until semantic gate passes","invalid/non-fit; adds code-mobility/trust/reentrancy identity","reject for operation","Reopen only if upstream or a bounded probe supplies a supported faithful inverted-plugin surface for direct multi-entry JS/CSS/HTML/assets build."
"bun","BUN-BUILD-DISK-ASSETS","F","operation-specific portfolio","direct-host-api+selected-command","alternative routes selected by output/project authority","direct-host-api:faithful in declared domain: highest fidelity for Bun-native host operations and callbacks; operation status: v0.3 borrowed single-main wrapper exists; broader operation not frozen | selected-command:faithful in declared domain: best for compile and process/project-authority operations; operation status: v0.3 borrowed single-main wrapper exists; broader operation not frozen","direct-host-api:ambient Bun host selects runtime/engine; request selects config/targets; host cwd/env apply | selected-command:explicit/PATH selected binary; CLI owns project/config/env/target and possible runtime acquisition","direct-host-api:Bun isolate -> Zig binding -> caller thread for sync transpile/scan or singleton native bundle thread/work pool for Bun.build; distribution: requires Bun host and exact supported host/platform binary | selected-command:selected local Bun child; distribution: release binary per host; cross-target compile may acquire target runtime","direct-host-api:retains closures, plugin objects, virtual files, blobs, structured logs and BuildArtifact bytes; Transpiler is caller-owned; Bun.build is one-shot over hidden shared threads and exposes no cancel/context | selected-command:preserves native project/config/flags; loses arbitrary JS closures and structured result objects; one-shot child or raw watch process; Scope can kill process but does not invent provider cancellation","direct-host-api:ambient Bun host selects runtime/engine; request selects config/targets; host cwd/env apply | selected-command:explicit/PATH selected binary; CLI owns project/config/env/target and possible runtime acquisition","direct-host-api:Transpiler is caller-owned; Bun.build is one-shot over hidden shared threads and exposes no cancel/context | selected-command:one-shot child or raw watch process; Scope can kill process but does not invent provider cancellation","direct-host-api:Transpiler is caller-owned; Bun.build is one-shot over hidden shared threads and exposes no cancel/context; state cost: few adapter concepts; ambient identity and non-cancellable native work remain | selected-command:one-shot child or raw watch process; Scope can kill process but does not invent provider cancellation; state cost: reuses Effect process/lifecycle and adds no owned protocol","direct-host-api:borrowed/in-memory blobs or provider-direct files; compile may mutate an outfile | selected-command:provider-direct files; effect-build compile wraps one file in private staging/atomic rename","direct-host-api:documented public Bun 1.3.9 API, host-restricted, MIT plus bundled component licenses; compatibility: public Bun API/version; no independent engine handshake; support verdict: viable now for host-API operations | selected-command:documented public Bun 1.3.9 CLI, MIT plus bundled component licenses; compatibility: probe exact version/path/capability; terminal diagnostics are not typed machine events; support verdict: viable now","direct-host-api:direct JS/native binding; few adapter concepts; ambient identity and non-cancellable native work remain | selected-command:argv, terminal byte streams, filesystem; reuses Effect process/lifecycle and adds no owned protocol","direct-host-api:requires Bun host and exact supported host/platform binary | selected-command:release binary per host; cross-target compile may acquire target runtime","direct-host-api:public Bun API/version; no independent engine handshake; evidence: Bun bundler docs:155-173,295-335 @ cf6cdbb; Bundle.ts:366-463 | selected-command:probe exact version/path/capability; terminal diagnostics are not typed machine events; evidence: Bun bundler docs:155-173,295-335 @ cf6cdbb; Bundle.ts:366-463","Reuse Effect Scope for owned handles/children, ChildProcess for selected processes, FileSystem/Path for explicit mutation, Stream only for a real typed event source, Layer for selection and dependency provision, and preserve Cause interruption.","direct-host-api:few adapter concepts; ambient identity and non-cancellable native work remain | selected-command:reuses Effect process/lifecycle and adds no owned protocol","direct-host-api or selected-command according to authority; never claim multi-output transactionality","Reject this portfolio if any selected route cannot preserve direct multi-entry JS/CSS/HTML/assets build under its authority/lifetime record, or if one supported route preserves all required semantics with fewer total states."
"bun","BUN-PLUGINS-VIRTUAL","A","current operation-specific hybrid","direct-host-api","single representative family for this candidate","faithful in declared domain: highest fidelity for Bun-native host operations and callbacks; operation status: upstream operation; not frozen for 0.4","ambient Bun host selects runtime/engine; request selects config/targets; host cwd/env apply","Bun isolate -> Zig binding -> caller thread for sync transpile/scan or singleton native bundle thread/work pool for Bun.build; distribution: requires Bun host and exact supported host/platform binary","retains closures, plugin objects, virtual files, blobs, structured logs and BuildArtifact bytes; Transpiler is caller-owned; Bun.build is one-shot over hidden shared threads and exposes no cancel/context","ambient Bun host selects runtime/engine; request selects config/targets; host cwd/env apply","Transpiler is caller-owned; Bun.build is one-shot over hidden shared threads and exposes no cancel/context","Transpiler is caller-owned; Bun.build is one-shot over hidden shared threads and exposes no cancel/context; state cost: few adapter concepts; ambient identity and non-cancellable native work remain","borrowed/in-memory blobs or provider-direct files; compile may mutate an outfile","documented public Bun 1.3.9 API, host-restricted, MIT plus bundled component licenses; compatibility: public Bun API/version; no independent engine handshake; support verdict: viable now for host-API operations","direct JS/native binding; few adapter concepts; ambient identity and non-cancellable native work remain","requires Bun host and exact supported host/platform binary","public Bun API/version; no independent engine handshake; evidence: Bun plugin docs:314-336 and bundle_v2.zig:2340-2354 @ cf6cdbb","Reuse Effect Scope for owned handles/children, ChildProcess for selected processes, FileSystem/Path for explicit mutation, Stream only for a real typed event source, Layer for selection and dependency provision, and preserve Cause interruption.","few adapter concepts; ambient identity and non-cancellable native work remain","viable now for host-API operations","Reject if the mechanism cannot preserve plugins, macros, virtual inputs, native onBeforeParse under the authority/lifetime stated in MECHANISM-COVERAGE.csv."
"bun","BUN-PLUGINS-VIRTUAL","B","provider-host sidecars","runtime-hosted-sidecar","single representative family for this candidate","GATE-FAIL: cannot preserve synchronous caller-thread blocking or the frozen compile operation's selected-command/project/publication law, and arbitrary plugins/watch do not cross faithfully","not-applicable-after-semantic-gate","not-applicable-after-semantic-gate; explicit Bun child calling public Bun API","not-applicable-after-semantic-gate; faithful only for serializable source/options/bytes; plugin closures require selected provider-side code and cannot be JSON values","not-applicable-after-semantic-gate; effect-build selects binary/digest/protocol; provider process owns Bun engine/cwd/env","unproven/non-fit; one-shot or persistent process; request IDs, queue bounds, handshake, kill, restart and stale handles are adapter-owned","unproven/non-fit; one-shot or persistent process; request IDs, queue bounds, handshake, kill, restart and stale handles are adapter-owned","unproven/non-fit; structured bytes may cross with copies; direct files mutate sidecar namespace; publication remains effect-build-owned","effect-build-owned prototype over documented public Bun API; not an upstream protocol; compatibility: exact version/capability/digest handshake required","not evaluated after semantic gate; effect-build-owned length-framed pipe/socket protocol","not evaluated after semantic gate; requires Bun binary on every provider host and protocol server source","bounded negative backed by Bun plugin docs:314-336 and bundle_v2.zig:2340-2354 @ cf6cdbb","none until semantic gate passes","invalid/non-fit; adds protocol/session/crash/copy states; removes host-runtime coupling for serializable operations","reject for operation","Reopen only if upstream or a bounded probe supplies a supported faithful runtime-hosted-sidecar surface for plugins, macros, virtual inputs, native onBeforeParse."
"bun","BUN-PLUGINS-VIRTUAL","C","persistent provider sessions","persistent-session","single representative family for this candidate","GATE-FAIL: cannot preserve synchronous caller-thread blocking; Bun.build exposes no reusable context and executable compile has no session value","not-applicable-after-semantic-gate","not-applicable-after-semantic-gate; persistent Bun sidecar; native transpiler calls inside it","not-applicable-after-semantic-gate; serializable source/options/results; no closure transfer","not-applicable-after-semantic-gate; selected sidecar owns engine; caller owns handle lifecycle","unproven/non-fit; explicit handshake/create/use/close/shutdown; crash invalidates every generation handle","unproven/non-fit; explicit handshake/create/use/close/shutdown; crash invalidates every generation handle","unproven/non-fit; in-memory copied results","effect-build prototype only; no upstream Bun session protocol; compatibility: protocol and Bun capabilities negotiated","not evaluated after semantic gate; framed RPC with generation-bound IDs","not evaluated after semantic gate; Bun plus owned server on each platform","bounded negative backed by Bun plugin docs:314-336 and bundle_v2.zig:2340-2354 @ cf6cdbb","none until semantic gate passes","invalid/non-fit; queue/backpressure/stale-handle/idle-memory/restart states added","reject for operation","Reopen only if upstream or a bounded probe supplies a supported faithful persistent-session surface for plugins, macros, virtual inputs, native onBeforeParse."
"bun","BUN-PLUGINS-VIRTUAL","D","embedded/native/WASM engines","official-language-library","single representative family for this candidate","GATE-FAIL: no Bun operation has an official Go/Rust/C library boundary","not-applicable-after-semantic-gate","not-applicable-after-semantic-gate; not available as a supported provider surface","not-applicable-after-semantic-gate; no supported faithful request/result boundary","not-applicable-after-semantic-gate; would require effect-build to own an unsupported engine/ABI or substitute semantics","unproven/non-fit; unproven","unproven/non-fit; unproven","unproven/non-fit; unproven","no supported non-JavaScript Bun compiler library found at bun-v1.3.9 after public docs/declarations/source-tree search; compatibility: unsupported coupling","not evaluated after semantic gate; none","not evaluated after semantic gate; would require new native/source distribution","bounded negative backed by Bun plugin docs:314-336 and bundle_v2.zig:2340-2354 @ cf6cdbb","none until semantic gate passes","invalid/non-fit; a new language library would be upstream work or a fork","reject for operation","Reopen only if upstream or a bounded probe supplies a supported faithful official-language-library surface for plugins, macros, virtual inputs, native onBeforeParse."
"bun","BUN-PLUGINS-VIRTUAL","E","inverted/declarative integration","inverted-plugin","single representative family for this candidate","faithful in declared domain: truthful for the exact plugin/virtual-input operation; operation status: upstream operation; not frozen for 0.4","provider process controls schedule; caller/plugin controls hook code and mutable closure state","Bun owns bundle threads and calls JS/native hooks; distribution: plugin code/native addon must be installed and trusted in provider host","preserves virtual modules and callbacks only when code runs inside Bun; plugin callback/reentrancy lifetime tied to build; no general cancellation","provider process controls schedule; caller/plugin controls hook code and mutable closure state","plugin callback/reentrancy lifetime tied to build; no general cancellation","plugin callback/reentrancy lifetime tied to build; no general cancellation; state cost: adds code-mobility/trust/reentrancy identity","plugin may alter module/output graph; direct writes remain provider mutation","documented public plugin API; native onBeforeParse is narrow and platform-restricted; compatibility: Bun plugin API plus module/native ABI; support verdict: viable now only as provider-native direct integration","direct callbacks inside Bun or explicitly selected provider-side module; adds code-mobility/trust/reentrancy identity","plugin code/native addon must be installed and trusted in provider host","Bun plugin API plus module/native ABI; evidence: Bun plugin docs:314-336 and bundle_v2.zig:2340-2354 @ cf6cdbb","Reuse Effect Scope for owned handles/children, ChildProcess for selected processes, FileSystem/Path for explicit mutation, Stream only for a real typed event source, Layer for selection and dependency provision, and preserve Cause interruption.","adds code-mobility/trust/reentrancy identity","viable now only as provider-native direct integration","Reject if the mechanism cannot preserve plugins, macros, virtual inputs, native onBeforeParse under the authority/lifetime stated in MECHANISM-COVERAGE.csv."
"bun","BUN-PLUGINS-VIRTUAL","F","operation-specific portfolio","direct-host-api","single selected route","faithful in declared domain: highest fidelity for Bun-native host operations and callbacks; operation status: upstream operation; not frozen for 0.4","ambient Bun host selects runtime/engine; request selects config/targets; host cwd/env apply","Bun isolate -> Zig binding -> caller thread for sync transpile/scan or singleton native bundle thread/work pool for Bun.build; distribution: requires Bun host and exact supported host/platform binary","retains closures, plugin objects, virtual files, blobs, structured logs and BuildArtifact bytes; Transpiler is caller-owned; Bun.build is one-shot over hidden shared threads and exposes no cancel/context","ambient Bun host selects runtime/engine; request selects config/targets; host cwd/env apply","Transpiler is caller-owned; Bun.build is one-shot over hidden shared threads and exposes no cancel/context","Transpiler is caller-owned; Bun.build is one-shot over hidden shared threads and exposes no cancel/context; state cost: few adapter concepts; ambient identity and non-cancellable native work remain","borrowed/in-memory blobs or provider-direct files; compile may mutate an outfile","documented public Bun 1.3.9 API, host-restricted, MIT plus bundled component licenses; compatibility: public Bun API/version; no independent engine handshake; support verdict: viable now for host-API operations","direct JS/native binding; few adapter concepts; ambient identity and non-cancellable native work remain","requires Bun host and exact supported host/platform binary","public Bun API/version; no independent engine handshake; evidence: Bun plugin docs:314-336 and bundle_v2.zig:2340-2354 @ cf6cdbb","Reuse Effect Scope for owned handles/children, ChildProcess for selected processes, FileSystem/Path for explicit mutation, Stream only for a real typed event source, Layer for selection and dependency provision, and preserve Cause interruption.","few adapter concepts; ambient identity and non-cancellable native work remain","direct-host-api; provider-side selected module only as an explicit trust contract","Reject this portfolio if any selected route cannot preserve plugins, macros, virtual inputs, native onBeforeParse under its authority/lifetime record, or if one supported route preserves all required semantics with fewer total states."
"bun","BUN-COMPILE-SCALAR","A","current operation-specific hybrid","selected-command","single representative family for this candidate","faithful in declared domain: best for compile and process/project-authority operations; operation status: CAN-BUN-012 frozen for 0.4","explicit/PATH selected binary; CLI owns project/config/env/target and possible runtime acquisition","selected local Bun child; distribution: release binary per host; cross-target compile may acquire target runtime","preserves native project/config/flags; loses arbitrary JS closures and structured result objects; one-shot child or raw watch process; Scope can kill process but does not invent provider cancellation","explicit/PATH selected binary; CLI owns project/config/env/target and possible runtime acquisition","one-shot child or raw watch process; Scope can kill process but does not invent provider cancellation; required operation law: one owned invocation and one private candidate must remain scoped until validation or cleanup","one-shot child or raw watch process; Scope can kill process but does not invent provider cancellation; state cost: reuses Effect process/lifecycle and adds no owned protocol","provider-direct files; effect-build compile wraps one file in private staging/atomic rename; required operation ownership: one validated atomic-published executable","documented public Bun 1.3.9 CLI, MIT plus bundled component licenses; compatibility: probe exact version/path/capability; terminal diagnostics are not typed machine events; support verdict: viable now","argv, terminal byte streams, filesystem; reuses Effect process/lifecycle and adds no owned protocol","release binary per host; cross-target compile may acquire target runtime","probe exact version/path/capability; terminal diagnostics are not typed machine events; evidence: Adapter.ts:74-114; CompilerEngine.ts:386-457; SURFACE.json","Reuse Effect Scope for owned handles/children, ChildProcess for selected processes, FileSystem/Path for explicit mutation, Stream only for a real typed event source, Layer for selection and dependency provision, and preserve Cause interruption.","reuses Effect process/lifecycle and adds no owned protocol","viable now","Reject if the mechanism cannot preserve compile one executable under the authority/lifetime stated in MECHANISM-COVERAGE.csv."
"bun","BUN-COMPILE-SCALAR","B","provider-host sidecars","runtime-hosted-sidecar","single representative family for this candidate","GATE-FAIL: cannot preserve synchronous caller-thread blocking or the frozen compile operation's selected-command/project/publication law, and arbitrary plugins/watch do not cross faithfully","not-applicable-after-semantic-gate","not-applicable-after-semantic-gate; explicit Bun child calling public Bun API","not-applicable-after-semantic-gate; faithful only for serializable source/options/bytes; plugin closures require selected provider-side code and cannot be JSON values","not-applicable-after-semantic-gate; effect-build selects binary/digest/protocol; provider process owns Bun engine/cwd/env","unproven/non-fit; one-shot or persistent process; request IDs, queue bounds, handshake, kill, restart and stale handles are adapter-owned; required operation law: one owned invocation and one private candidate must remain scoped until validation or cleanup","unproven/non-fit; one-shot or persistent process; request IDs, queue bounds, handshake, kill, restart and stale handles are adapter-owned","unproven/non-fit; structured bytes may cross with copies; direct files mutate sidecar namespace; publication remains effect-build-owned; required operation ownership: one validated atomic-published executable","effect-build-owned prototype over documented public Bun API; not an upstream protocol; compatibility: exact version/capability/digest handshake required","not evaluated after semantic gate; effect-build-owned length-framed pipe/socket protocol","not evaluated after semantic gate; requires Bun binary on every provider host and protocol server source","bounded negative backed by Adapter.ts:74-114; CompilerEngine.ts:386-457; SURFACE.json","none until semantic gate passes","invalid/non-fit; adds protocol/session/crash/copy states; removes host-runtime coupling for serializable operations","reject for operation","Reopen only if upstream or a bounded probe supplies a supported faithful runtime-hosted-sidecar surface for compile one executable."
"bun","BUN-COMPILE-SCALAR","C","persistent provider sessions","persistent-session","single representative family for this candidate","GATE-FAIL: cannot preserve synchronous caller-thread blocking; Bun.build exposes no reusable context and executable compile has no session value","not-applicable-after-semantic-gate","not-applicable-after-semantic-gate; persistent Bun sidecar; native transpiler calls inside it","not-applicable-after-semantic-gate; serializable source/options/results; no closure transfer","not-applicable-after-semantic-gate; selected sidecar owns engine; caller owns handle lifecycle","unproven/non-fit; explicit handshake/create/use/close/shutdown; crash invalidates every generation handle; required operation law: one owned invocation and one private candidate must remain scoped until validation or cleanup","unproven/non-fit; explicit handshake/create/use/close/shutdown; crash invalidates every generation handle","unproven/non-fit; in-memory copied results; required operation ownership: one validated atomic-published executable","effect-build prototype only; no upstream Bun session protocol; compatibility: protocol and Bun capabilities negotiated","not evaluated after semantic gate; framed RPC with generation-bound IDs","not evaluated after semantic gate; Bun plus owned server on each platform","bounded negative backed by Adapter.ts:74-114; CompilerEngine.ts:386-457; SURFACE.json","none until semantic gate passes","invalid/non-fit; queue/backpressure/stale-handle/idle-memory/restart states added","reject for operation","Reopen only if upstream or a bounded probe supplies a supported faithful persistent-session surface for compile one executable."
"bun","BUN-COMPILE-SCALAR","D","embedded/native/WASM engines","official-language-library","single representative family for this candidate","GATE-FAIL: no Bun operation has an official Go/Rust/C library boundary","not-applicable-after-semantic-gate","not-applicable-after-semantic-gate; not available as a supported provider surface","not-applicable-after-semantic-gate; no supported faithful request/result boundary","not-applicable-after-semantic-gate; would require effect-build to own an unsupported engine/ABI or substitute semantics","unproven/non-fit; unproven; required operation law: one owned invocation and one private candidate must remain scoped until validation or cleanup","unproven/non-fit; unproven","unproven/non-fit; unproven; required operation ownership: one validated atomic-published executable","no supported non-JavaScript Bun compiler library found at bun-v1.3.9 after public docs/declarations/source-tree search; compatibility: unsupported coupling","not evaluated after semantic gate; none","not evaluated after semantic gate; would require new native/source distribution","bounded negative backed by Adapter.ts:74-114; CompilerEngine.ts:386-457; SURFACE.json","none until semantic gate passes","invalid/non-fit; a new language library would be upstream work or a fork","reject for operation","Reopen only if upstream or a bounded probe supplies a supported faithful official-language-library surface for compile one executable."
"bun","BUN-COMPILE-SCALAR","E","inverted/declarative integration","inverted-plugin","single representative family for this candidate","GATE-FAIL: a callback is an adjunct, not the build/compile/transpiler caller surface; loading code is not serializing a callback","not-applicable-after-semantic-gate","not-applicable-after-semantic-gate; Bun owns bundle threads and calls JS/native hooks","not-applicable-after-semantic-gate; preserves virtual modules and callbacks only when code runs inside Bun","not-applicable-after-semantic-gate; provider process controls schedule; caller/plugin controls hook code and mutable closure state","unproven/non-fit; plugin callback/reentrancy lifetime tied to build; no general cancellation; required operation law: one owned invocation and one private candidate must remain scoped until validation or cleanup","unproven/non-fit; plugin callback/reentrancy lifetime tied to build; no general cancellation","unproven/non-fit; plugin may alter module/output graph; direct writes remain provider mutation; required operation ownership: one validated atomic-published executable","documented public plugin API; native onBeforeParse is narrow and platform-restricted; compatibility: Bun plugin API plus module/native ABI","not evaluated after semantic gate; direct callbacks inside Bun or explicitly selected provider-side module","not evaluated after semantic gate; plugin code/native addon must be installed and trusted in provider host","bounded negative backed by Adapter.ts:74-114; CompilerEngine.ts:386-457; SURFACE.json","none until semantic gate passes","invalid/non-fit; adds code-mobility/trust/reentrancy identity","reject for operation","Reopen only if upstream or a bounded probe supplies a supported faithful inverted-plugin surface for compile one executable."
"bun","BUN-COMPILE-SCALAR","F","operation-specific portfolio","selected-command","single selected route","faithful in declared domain: best for compile and process/project-authority operations; operation status: CAN-BUN-012 frozen for 0.4","explicit/PATH selected binary; CLI owns project/config/env/target and possible runtime acquisition","selected local Bun child; distribution: release binary per host; cross-target compile may acquire target runtime","preserves native project/config/flags; loses arbitrary JS closures and structured result objects; one-shot child or raw watch process; Scope can kill process but does not invent provider cancellation","explicit/PATH selected binary; CLI owns project/config/env/target and possible runtime acquisition","one-shot child or raw watch process; Scope can kill process but does not invent provider cancellation; required operation law: one owned invocation and one private candidate must remain scoped until validation or cleanup","one-shot child or raw watch process; Scope can kill process but does not invent provider cancellation; state cost: reuses Effect process/lifecycle and adds no owned protocol","provider-direct files; effect-build compile wraps one file in private staging/atomic rename; required operation ownership: one validated atomic-published executable","documented public Bun 1.3.9 CLI, MIT plus bundled component licenses; compatibility: probe exact version/path/capability; terminal diagnostics are not typed machine events; support verdict: viable now","argv, terminal byte streams, filesystem; reuses Effect process/lifecycle and adds no owned protocol","release binary per host; cross-target compile may acquire target runtime","probe exact version/path/capability; terminal diagnostics are not typed machine events; evidence: Adapter.ts:74-114; CompilerEngine.ts:386-457; SURFACE.json","Reuse Effect Scope for owned handles/children, ChildProcess for selected processes, FileSystem/Path for explicit mutation, Stream only for a real typed event source, Layer for selection and dependency provision, and preserve Cause interruption.","reuses Effect process/lifecycle and adds no owned protocol","selected-command with Effect staging/publication","Reject this portfolio if any selected route cannot preserve compile one executable under its authority/lifetime record, or if one supported route preserves all required semantics with fewer total states."
"bun","BUN-COMPILE-MATRIX","A","current operation-specific hybrid","selected-command","single representative family for this candidate","faithful in declared domain: best for compile and process/project-authority operations; operation status: derived operation frozen for 0.4","explicit/PATH selected binary; CLI owns project/config/env/target and possible runtime acquisition","selected local Bun child; distribution: release binary per host; cross-target compile may acquire target runtime","preserves native project/config/flags; loses arbitrary JS closures and structured result objects; one-shot child or raw watch process; Scope can kill process but does not invent provider cancellation","explicit/PATH selected binary; CLI owns project/config/env/target and possible runtime acquisition","one-shot child or raw watch process; Scope can kill process but does not invent provider cancellation; required operation law: independent scalar cells; interruption closes active cells but does not roll back completed cells","one-shot child or raw watch process; Scope can kill process but does not invent provider cancellation; state cost: reuses Effect process/lifecycle and adds no owned protocol","provider-direct files; effect-build compile wraps one file in private staging/atomic rename; required operation ownership: partial-success report; successful atomic publications survive failures in other cells","documented public Bun 1.3.9 CLI, MIT plus bundled component licenses; compatibility: probe exact version/path/capability; terminal diagnostics are not typed machine events; support verdict: viable now","argv, terminal byte streams, filesystem; reuses Effect process/lifecycle and adds no owned protocol","release binary per host; cross-target compile may acquire target runtime","probe exact version/path/capability; terminal diagnostics are not typed machine events; evidence: CompilerEngine.ts:459-501; SURFACE.json derivedOperations","Reuse Effect Scope for owned handles/children, ChildProcess for selected processes, FileSystem/Path for explicit mutation, Stream only for a real typed event source, Layer for selection and dependency provision, and preserve Cause interruption.","reuses Effect process/lifecycle and adds no owned protocol","viable now","Reject if the mechanism cannot preserve compile a homogeneous-provider executable matrix under the authority/lifetime stated in MECHANISM-COVERAGE.csv."
"bun","BUN-COMPILE-MATRIX","B","provider-host sidecars","runtime-hosted-sidecar","single representative family for this candidate","GATE-FAIL: cannot preserve synchronous caller-thread blocking or the frozen compile operation's selected-command/project/publication law, and arbitrary plugins/watch do not cross faithfully","not-applicable-after-semantic-gate","not-applicable-after-semantic-gate; explicit Bun child calling public Bun API","not-applicable-after-semantic-gate; faithful only for serializable source/options/bytes; plugin closures require selected provider-side code and cannot be JSON values","not-applicable-after-semantic-gate; effect-build selects binary/digest/protocol; provider process owns Bun engine/cwd/env","unproven/non-fit; one-shot or persistent process; request IDs, queue bounds, handshake, kill, restart and stale handles are adapter-owned; required operation law: independent scalar cells; interruption closes active cells but does not roll back completed cells","unproven/non-fit; one-shot or persistent process; request IDs, queue bounds, handshake, kill, restart and stale handles are adapter-owned","unproven/non-fit; structured bytes may cross with copies; direct files mutate sidecar namespace; publication remains effect-build-owned; required operation ownership: partial-success report; successful atomic publications survive failures in other cells","effect-build-owned prototype over documented public Bun API; not an upstream protocol; compatibility: exact version/capability/digest handshake required","not evaluated after semantic gate; effect-build-owned length-framed pipe/socket protocol","not evaluated after semantic gate; requires Bun binary on every provider host and protocol server source","bounded negative backed by CompilerEngine.ts:459-501; SURFACE.json derivedOperations","none until semantic gate passes","invalid/non-fit; adds protocol/session/crash/copy states; removes host-runtime coupling for serializable operations","reject for operation","Reopen only if upstream or a bounded probe supplies a supported faithful runtime-hosted-sidecar surface for compile a homogeneous-provider executable matrix."
"bun","BUN-COMPILE-MATRIX","C","persistent provider sessions","persistent-session","single representative family for this candidate","GATE-FAIL: cannot preserve synchronous caller-thread blocking; Bun.build exposes no reusable context and executable compile has no session value","not-applicable-after-semantic-gate","not-applicable-after-semantic-gate; persistent Bun sidecar; native transpiler calls inside it","not-applicable-after-semantic-gate; serializable source/options/results; no closure transfer","not-applicable-after-semantic-gate; selected sidecar owns engine; caller owns handle lifecycle","unproven/non-fit; explicit handshake/create/use/close/shutdown; crash invalidates every generation handle; required operation law: independent scalar cells; interruption closes active cells but does not roll back completed cells","unproven/non-fit; explicit handshake/create/use/close/shutdown; crash invalidates every generation handle","unproven/non-fit; in-memory copied results; required operation ownership: partial-success report; successful atomic publications survive failures in other cells","effect-build prototype only; no upstream Bun session protocol; compatibility: protocol and Bun capabilities negotiated","not evaluated after semantic gate; framed RPC with generation-bound IDs","not evaluated after semantic gate; Bun plus owned server on each platform","bounded negative backed by CompilerEngine.ts:459-501; SURFACE.json derivedOperations","none until semantic gate passes","invalid/non-fit; queue/backpressure/stale-handle/idle-memory/restart states added","reject for operation","Reopen only if upstream or a bounded probe supplies a supported faithful persistent-session surface for compile a homogeneous-provider executable matrix."
"bun","BUN-COMPILE-MATRIX","D","embedded/native/WASM engines","official-language-library","single representative family for this candidate","GATE-FAIL: no Bun operation has an official Go/Rust/C library boundary","not-applicable-after-semantic-gate","not-applicable-after-semantic-gate; not available as a supported provider surface","not-applicable-after-semantic-gate; no supported faithful request/result boundary","not-applicable-after-semantic-gate; would require effect-build to own an unsupported engine/ABI or substitute semantics","unproven/non-fit; unproven; required operation law: independent scalar cells; interruption closes active cells but does not roll back completed cells","unproven/non-fit; unproven","unproven/non-fit; unproven; required operation ownership: partial-success report; successful atomic publications survive failures in other cells","no supported non-JavaScript Bun compiler library found at bun-v1.3.9 after public docs/declarations/source-tree search; compatibility: unsupported coupling","not evaluated after semantic gate; none","not evaluated after semantic gate; would require new native/source distribution","bounded negative backed by CompilerEngine.ts:459-501; SURFACE.json derivedOperations","none until semantic gate passes","invalid/non-fit; a new language library would be upstream work or a fork","reject for operation","Reopen only if upstream or a bounded probe supplies a supported faithful official-language-library surface for compile a homogeneous-provider executable matrix."
"bun","BUN-COMPILE-MATRIX","E","inverted/declarative integration","inverted-plugin","single representative family for this candidate","GATE-FAIL: a callback is an adjunct, not the build/compile/transpiler caller surface; loading code is not serializing a callback","not-applicable-after-semantic-gate","not-applicable-after-semantic-gate; Bun owns bundle threads and calls JS/native hooks","not-applicable-after-semantic-gate; preserves virtual modules and callbacks only when code runs inside Bun","not-applicable-after-semantic-gate; provider process controls schedule; caller/plugin controls hook code and mutable closure state","unproven/non-fit; plugin callback/reentrancy lifetime tied to build; no general cancellation; required operation law: independent scalar cells; interruption closes active cells but does not roll back completed cells","unproven/non-fit; plugin callback/reentrancy lifetime tied to build; no general cancellation","unproven/non-fit; plugin may alter module/output graph; direct writes remain provider mutation; required operation ownership: partial-success report; successful atomic publications survive failures in other cells","documented public plugin API; native onBeforeParse is narrow and platform-restricted; compatibility: Bun plugin API plus module/native ABI","not evaluated after semantic gate; direct callbacks inside Bun or explicitly selected provider-side module","not evaluated after semantic gate; plugin code/native addon must be installed and trusted in provider host","bounded negative backed by CompilerEngine.ts:459-501; SURFACE.json derivedOperations","none until semantic gate passes","invalid/non-fit; adds code-mobility/trust/reentrancy identity","reject for operation","Reopen only if upstream or a bounded probe supplies a supported faithful inverted-plugin surface for compile a homogeneous-provider executable matrix."
"bun","BUN-COMPILE-MATRIX","F","operation-specific portfolio","selected-command","single selected route","faithful in declared domain: best for compile and process/project-authority operations; operation status: derived operation frozen for 0.4","explicit/PATH selected binary; CLI owns project/config/env/target and possible runtime acquisition","selected local Bun child; distribution: release binary per host; cross-target compile may acquire target runtime","preserves native project/config/flags; loses arbitrary JS closures and structured result objects; one-shot child or raw watch process; Scope can kill process but does not invent provider cancellation","explicit/PATH selected binary; CLI owns project/config/env/target and possible runtime acquisition","one-shot child or raw watch process; Scope can kill process but does not invent provider cancellation; required operation law: independent scalar cells; interruption closes active cells but does not roll back completed cells","one-shot child or raw watch process; Scope can kill process but does not invent provider cancellation; state cost: reuses Effect process/lifecycle and adds no owned protocol","provider-direct files; effect-build compile wraps one file in private staging/atomic rename; required operation ownership: partial-success report; successful atomic publications survive failures in other cells","documented public Bun 1.3.9 CLI, MIT plus bundled component licenses; compatibility: probe exact version/path/capability; terminal diagnostics are not typed machine events; support verdict: viable now","argv, terminal byte streams, filesystem; reuses Effect process/lifecycle and adds no owned protocol","release binary per host; cross-target compile may acquire target runtime","probe exact version/path/capability; terminal diagnostics are not typed machine events; evidence: CompilerEngine.ts:459-501; SURFACE.json derivedOperations","Reuse Effect Scope for owned handles/children, ChildProcess for selected processes, FileSystem/Path for explicit mutation, Stream only for a real typed event source, Layer for selection and dependency provision, and preserve Cause interruption.","reuses Effect process/lifecycle and adds no owned protocol","repeated selected-command scalar cells under bounded Effect concurrency","Reject this portfolio if any selected route cannot preserve compile a homogeneous-provider executable matrix under its authority/lifetime record, or if one supported route preserves all required semantics with fewer total states."
"bun","BUN-WATCH","A","current operation-specific hybrid","selected-command","single representative family for this candidate","faithful in declared domain: best for compile and process/project-authority operations; operation status: upstream command only; not frozen","explicit/PATH selected binary; CLI owns project/config/env/target and possible runtime acquisition","selected local Bun child; distribution: release binary per host; cross-target compile may acquire target runtime","preserves native project/config/flags; loses arbitrary JS closures and structured result objects; one-shot child or raw watch process; Scope can kill process but does not invent provider cancellation","explicit/PATH selected binary; CLI owns project/config/env/target and possible runtime acquisition","one-shot child or raw watch process; Scope can kill process but does not invent provider cancellation","one-shot child or raw watch process; Scope can kill process but does not invent provider cancellation; state cost: reuses Effect process/lifecycle and adds no owned protocol","provider-direct files; effect-build compile wraps one file in private staging/atomic rename","documented public Bun 1.3.9 CLI, MIT plus bundled component licenses; compatibility: probe exact version/path/capability; terminal diagnostics are not typed machine events; support verdict: viable now","argv, terminal byte streams, filesystem; reuses Effect process/lifecycle and adds no owned protocol","release binary per host; cross-target compile may acquire target runtime","probe exact version/path/capability; terminal diagnostics are not typed machine events; evidence: Bun bundler docs:147-153 @ cf6cdbb; issue 5866","Reuse Effect Scope for owned handles/children, ChildProcess for selected processes, FileSystem/Path for explicit mutation, Stream only for a real typed event source, Layer for selection and dependency provision, and preserve Cause interruption.","reuses Effect process/lifecycle and adds no owned protocol","viable now","Reject if the mechanism cannot preserve watch/rebuild under the authority/lifetime stated in MECHANISM-COVERAGE.csv."
"bun","BUN-WATCH","B","provider-host sidecars","runtime-hosted-sidecar","single representative family for this candidate","GATE-FAIL: cannot preserve synchronous caller-thread blocking or the frozen compile operation's selected-command/project/publication law, and arbitrary plugins/watch do not cross faithfully","not-applicable-after-semantic-gate","not-applicable-after-semantic-gate; explicit Bun child calling public Bun API","not-applicable-after-semantic-gate; faithful only for serializable source/options/bytes; plugin closures require selected provider-side code and cannot be JSON values","not-applicable-after-semantic-gate; effect-build selects binary/digest/protocol; provider process owns Bun engine/cwd/env","unproven/non-fit; one-shot or persistent process; request IDs, queue bounds, handshake, kill, restart and stale handles are adapter-owned","unproven/non-fit; one-shot or persistent process; request IDs, queue bounds, handshake, kill, restart and stale handles are adapter-owned","unproven/non-fit; structured bytes may cross with copies; direct files mutate sidecar namespace; publication remains effect-build-owned","effect-build-owned prototype over documented public Bun API; not an upstream protocol; compatibility: exact version/capability/digest handshake required","not evaluated after semantic gate; effect-build-owned length-framed pipe/socket protocol","not evaluated after semantic gate; requires Bun binary on every provider host and protocol server source","bounded negative backed by Bun bundler docs:147-153 @ cf6cdbb; issue 5866","none until semantic gate passes","invalid/non-fit; adds protocol/session/crash/copy states; removes host-runtime coupling for serializable operations","reject for operation","Reopen only if upstream or a bounded probe supplies a supported faithful runtime-hosted-sidecar surface for watch/rebuild."
"bun","BUN-WATCH","C","persistent provider sessions","persistent-session","single representative family for this candidate","GATE-FAIL: cannot preserve synchronous caller-thread blocking; Bun.build exposes no reusable context and executable compile has no session value","not-applicable-after-semantic-gate","not-applicable-after-semantic-gate; persistent Bun sidecar; native transpiler calls inside it","not-applicable-after-semantic-gate; serializable source/options/results; no closure transfer","not-applicable-after-semantic-gate; selected sidecar owns engine; caller owns handle lifecycle","unproven/non-fit; explicit handshake/create/use/close/shutdown; crash invalidates every generation handle","unproven/non-fit; explicit handshake/create/use/close/shutdown; crash invalidates every generation handle","unproven/non-fit; in-memory copied results","effect-build prototype only; no upstream Bun session protocol; compatibility: protocol and Bun capabilities negotiated","not evaluated after semantic gate; framed RPC with generation-bound IDs","not evaluated after semantic gate; Bun plus owned server on each platform","bounded negative backed by Bun bundler docs:147-153 @ cf6cdbb; issue 5866","none until semantic gate passes","invalid/non-fit; queue/backpressure/stale-handle/idle-memory/restart states added","reject for operation","Reopen only if upstream or a bounded probe supplies a supported faithful persistent-session surface for watch/rebuild."
"bun","BUN-WATCH","D","embedded/native/WASM engines","official-language-library","single representative family for this candidate","GATE-FAIL: no Bun operation has an official Go/Rust/C library boundary","not-applicable-after-semantic-gate","not-applicable-after-semantic-gate; not available as a supported provider surface","not-applicable-after-semantic-gate; no supported faithful request/result boundary","not-applicable-after-semantic-gate; would require effect-build to own an unsupported engine/ABI or substitute semantics","unproven/non-fit; unproven","unproven/non-fit; unproven","unproven/non-fit; unproven","no supported non-JavaScript Bun compiler library found at bun-v1.3.9 after public docs/declarations/source-tree search; compatibility: unsupported coupling","not evaluated after semantic gate; none","not evaluated after semantic gate; would require new native/source distribution","bounded negative backed by Bun bundler docs:147-153 @ cf6cdbb; issue 5866","none until semantic gate passes","invalid/non-fit; a new language library would be upstream work or a fork","reject for operation","Reopen only if upstream or a bounded probe supplies a supported faithful official-language-library surface for watch/rebuild."
"bun","BUN-WATCH","E","inverted/declarative integration","inverted-plugin","single representative family for this candidate","GATE-FAIL: a callback is an adjunct, not the build/compile/transpiler caller surface; loading code is not serializing a callback","not-applicable-after-semantic-gate","not-applicable-after-semantic-gate; Bun owns bundle threads and calls JS/native hooks","not-applicable-after-semantic-gate; preserves virtual modules and callbacks only when code runs inside Bun","not-applicable-after-semantic-gate; provider process controls schedule; caller/plugin controls hook code and mutable closure state","unproven/non-fit; plugin callback/reentrancy lifetime tied to build; no general cancellation","unproven/non-fit; plugin callback/reentrancy lifetime tied to build; no general cancellation","unproven/non-fit; plugin may alter module/output graph; direct writes remain provider mutation","documented public plugin API; native onBeforeParse is narrow and platform-restricted; compatibility: Bun plugin API plus module/native ABI","not evaluated after semantic gate; direct callbacks inside Bun or explicitly selected provider-side module","not evaluated after semantic gate; plugin code/native addon must be installed and trusted in provider host","bounded negative backed by Bun bundler docs:147-153 @ cf6cdbb; issue 5866","none until semantic gate passes","invalid/non-fit; adds code-mobility/trust/reentrancy identity","reject for operation","Reopen only if upstream or a bounded probe supplies a supported faithful inverted-plugin surface for watch/rebuild."
"bun","BUN-WATCH","F","operation-specific portfolio","selected-command","single selected route","faithful in declared domain: best for compile and process/project-authority operations; operation status: upstream command only; not frozen","explicit/PATH selected binary; CLI owns project/config/env/target and possible runtime acquisition","selected local Bun child; distribution: release binary per host; cross-target compile may acquire target runtime","preserves native project/config/flags; loses arbitrary JS closures and structured result objects; one-shot child or raw watch process; Scope can kill process but does not invent provider cancellation","explicit/PATH selected binary; CLI owns project/config/env/target and possible runtime acquisition","one-shot child or raw watch process; Scope can kill process but does not invent provider cancellation","one-shot child or raw watch process; Scope can kill process but does not invent provider cancellation; state cost: reuses Effect process/lifecycle and adds no owned protocol","provider-direct files; effect-build compile wraps one file in private staging/atomic rename","documented public Bun 1.3.9 CLI, MIT plus bundled component licenses; compatibility: probe exact version/path/capability; terminal diagnostics are not typed machine events; support verdict: viable now","argv, terminal byte streams, filesystem; reuses Effect process/lifecycle and adds no owned protocol","release binary per host; cross-target compile may acquire target runtime","probe exact version/path/capability; terminal diagnostics are not typed machine events; evidence: Bun bundler docs:147-153 @ cf6cdbb; issue 5866","Reuse Effect Scope for owned handles/children, ChildProcess for selected processes, FileSystem/Path for explicit mutation, Stream only for a real typed event source, Layer for selection and dependency provision, and preserve Cause interruption.","reuses Effect process/lifecycle and adds no owned protocol","selected-command raw process until upstream exposes a typed context","Reject this portfolio if any selected route cannot preserve watch/rebuild under its authority/lifetime record, or if one supported route preserves all required semantics with fewer total states."
"deno","DENO-TRANSPILE","A","current operation-specific hybrid","selected-command","single representative family for this candidate","faithful in declared domain: only truthful current compile/check/declaration/watch mechanism; operation status: experimental command; not frozen","explicit/PATH selected Deno owns config/import-map/lock/permissions/env/targets and acquisition","selected local Deno child; bundle may spawn esbuild; compile may acquire denort; distribution: Deno plus denort/esbuild acquisition/caches according to operation","highest native project authority; terminal diagnostics not stable typed events; one-shot or raw watch process; Effect owns child scope only","explicit/PATH selected Deno owns config/import-map/lock/permissions/env/targets and acquisition","one-shot or raw watch process; Effect owns child scope only","one-shot or raw watch process; Effect owns child scope only; state cost: reuses process/file capabilities; cache/network mutation remains provider-owned","stdout/direct files; effect-build compile adds private staging and atomic publication","documented public Deno 2.9.3 CLI; bundle/transpile and compile --bundle are experimental where marked, MIT; compatibility: probe exact path/version/capability; selected Deno and denort must align; support verdict: viable now","argv, terminal streams, filesystem/network/cache; reuses process/file capabilities; cache/network mutation remains provider-owned","Deno plus denort/esbuild acquisition/caches according to operation","probe exact path/version/capability; selected Deno and denort must align; evidence: Deno cli/lib.rs:216-223 and transpile.rs:107-174 @ f39575e","Reuse Effect Scope for owned handles/children, ChildProcess for selected processes, FileSystem/Path for explicit mutation, Stream only for a real typed event source, Layer for selection and dependency provision, and preserve Cause interruption.","reuses process/file capabilities; cache/network mutation remains provider-owned","viable now","Reject if the mechanism cannot preserve transpile source without declaration emission under the authority/lifetime stated in MECHANISM-COVERAGE.csv."
"deno","DENO-TRANSPILE","B","provider-host sidecars","runtime-hosted-sidecar","single representative family for this candidate","GATE-FAIL: Deno exposes no public project-transpile runtime API; compile/transpile sidecars would merely wrap CLI, and persistence does not reuse the inner engine","not-applicable-after-semantic-gate","not-applicable-after-semantic-gate; selected Deno child calls public runtime API","not-applicable-after-semantic-gate; structured serializable bytes/options; no callbacks/session/check/declarations beyond public API","not-applicable-after-semantic-gate; explicit Deno version/path/capabilities plus explicit cwd/config/import-map/lock/permissions","unproven/non-fit; process can persist, but each Deno.bundle call still creates a thread and esbuild child","unproven/non-fit; process can persist, but each Deno.bundle call still creates a thread and esbuild child","unproven/non-fit; bytes cross with copies; direct-write mode mutates provider filesystem","effect-build-owned design over experimental Deno APIs; no upstream machine protocol; compatibility: exact protocol/runtime/capability handshake","not evaluated after semantic gate; effect-build-owned framed pipe/socket protocol","not evaluated after semantic gate; Deno binary plus server source","bounded negative backed by Deno cli/lib.rs:216-223 and transpile.rs:107-174 @ f39575e","none until semantic gate passes","invalid/non-fit; adds protocol/process while preserving only a narrow experimental gain","reject for operation","Reopen only if upstream or a bounded probe supplies a supported faithful runtime-hosted-sidecar surface for transpile source without declaration emission."
"deno","DENO-TRANSPILE","C","persistent provider sessions","persistent-session","single representative family for this candidate","GATE-FAIL: a daemon cannot truthfully claim incremental state for the public API","not-applicable-after-semantic-gate","not-applicable-after-semantic-gate; not available as a supported provider surface","not-applicable-after-semantic-gate; no supported faithful request/result boundary","not-applicable-after-semantic-gate; would require effect-build to own an unsupported engine/ABI or substitute semantics","unproven/non-fit; unproven","unproven/non-fit; unproven","unproven/non-fit; unproven","Deno.bundle exposes no reusable handle and recreates its inner service; CLI watch's context is private; compatibility: unsupported coupling","not evaluated after semantic gate; none","not evaluated after semantic gate; would require new native/source distribution","bounded negative backed by Deno cli/lib.rs:216-223 and transpile.rs:107-174 @ f39575e","none until semantic gate passes","invalid/non-fit; session IDs/backpressure/crash/idle state without reusable provider state","reject for operation","Reopen only if upstream or a bounded probe supplies a supported faithful persistent-session surface for transpile source without declaration emission."
"deno","DENO-TRANSPILE","D","embedded/native/WASM engines","official-language-library","single representative family for this candidate","GATE-FAIL: the inventoried DENO-TRANSPILE operation retains Deno project authority; deno_ast does not","not-applicable-after-semantic-gate","not-applicable-after-semantic-gate; caller Rust process","not-applicable-after-semantic-gate; pure per-file parse/transpile only; no project graph/config/import map/permissions/check/declarations","not-applicable-after-semantic-gate; Rust dependency selects parser/transpiler; caller must supply options","unproven/non-fit; one-shot Rust values","unproven/non-fit; one-shot Rust values","unproven/non-fit; in-memory transformed source","Deno-owned deno_ast 0.53.3, MIT, explicit non-SemVer support posture; compatibility: exact crate coupling","not evaluated after semantic gate; direct Rust calls","not evaluated after semantic gate; Rust toolchain and native dependencies","bounded negative backed by Deno cli/lib.rs:216-223 and transpile.rs:107-174 @ f39575e","none until semantic gate passes","invalid/non-fit; new Rust bridge/toolchain for a deliberately narrower product","reject for operation","Reopen only if upstream or a bounded probe supplies a supported faithful official-language-library surface for transpile source without declaration emission."
"deno","DENO-TRANSPILE","E","inverted/declarative integration","inverted-plugin","single representative family for this candidate","GATE-FAIL: does not expose Deno's own bundler or preserve its project semantics","not-applicable-after-semantic-gate","not-applicable-after-semantic-gate; not available as a supported provider surface","not-applicable-after-semantic-gate; no supported faithful request/result boundary","not-applicable-after-semantic-gate; would require effect-build to own an unsupported engine/ABI or substitute semantics","unproven/non-fit; unproven","unproven/non-fit; unproven","unproven/non-fit; unproven","deno_bundle_runtime exposes a BundleProvider hook, but the embedder must supply a different engine; Deno's CliBundleProvider is private; compatibility: unsupported coupling","not evaluated after semantic gate; none","not evaluated after semantic gate; would require new native/source distribution","bounded negative backed by Deno cli/lib.rs:216-223 and transpile.rs:107-174 @ f39575e","none until semantic gate passes","invalid/non-fit; would substitute an engine and duplicate Deno resolution/config logic","reject for operation","Reopen only if upstream or a bounded probe supplies a supported faithful inverted-plugin surface for transpile source without declaration emission."
"deno","DENO-TRANSPILE","F","operation-specific portfolio","selected-command","single selected route","faithful in declared domain: only truthful current compile/check/declaration/watch mechanism; operation status: experimental command; not frozen","explicit/PATH selected Deno owns config/import-map/lock/permissions/env/targets and acquisition","selected local Deno child; bundle may spawn esbuild; compile may acquire denort; distribution: Deno plus denort/esbuild acquisition/caches according to operation","highest native project authority; terminal diagnostics not stable typed events; one-shot or raw watch process; Effect owns child scope only","explicit/PATH selected Deno owns config/import-map/lock/permissions/env/targets and acquisition","one-shot or raw watch process; Effect owns child scope only","one-shot or raw watch process; Effect owns child scope only; state cost: reuses process/file capabilities; cache/network mutation remains provider-owned","stdout/direct files; effect-build compile adds private staging and atomic publication","documented public Deno 2.9.3 CLI; bundle/transpile and compile --bundle are experimental where marked, MIT; compatibility: probe exact path/version/capability; selected Deno and denort must align; support verdict: viable now","argv, terminal streams, filesystem/network/cache; reuses process/file capabilities; cache/network mutation remains provider-owned","Deno plus denort/esbuild acquisition/caches according to operation","probe exact path/version/capability; selected Deno and denort must align; evidence: Deno cli/lib.rs:216-223 and transpile.rs:107-174 @ f39575e","Reuse Effect Scope for owned handles/children, ChildProcess for selected processes, FileSystem/Path for explicit mutation, Stream only for a real typed event source, Layer for selection and dependency provision, and preserve Cause interruption.","reuses process/file capabilities; cache/network mutation remains provider-owned","selected-command for project-aware transpilation; deno_ast only for a distinct pure transform","Reject this portfolio if any selected route cannot preserve transpile source without declaration emission under its authority/lifetime record, or if one supported route preserves all required semantics with fewer total states."
"deno","DENO-BUNDLE-MEMORY","A","current operation-specific hybrid","direct-host-api","single representative family for this candidate","faithful in declared domain: structured experimental bundle inside a Deno host; operation status: experimental upstream operation; not frozen","ambient Deno launch flags/cwd/config/permissions are cloned; private provider selects esbuild helper","Deno isolate -> Rust op -> fresh OS thread/current-thread Tokio -> esbuild 0.25.5 service child per call; distribution: requires Deno host; may acquire internal esbuild package","structured output bytes; no public plugins, virtual map, check/declarations, watch, or session; one-shot call; no public cancel/context and inner child is recreated","ambient Deno launch flags/cwd/config/permissions are cloned; private provider selects esbuild helper","one-shot call; no public cancel/context and inner child is recreated","one-shot call; no public cancel/context and inner child is recreated; state cost: low caller code but hidden thread/child/acquisition and no cancellation","structured bytes or provider-direct writes","documented public experimental Deno 2.9.3 API requiring unstable bundle, MIT; compatibility: experimental API and hidden helper identity; support verdict: viable only as experimental host-restricted operation","direct runtime op then internal framed stdio to esbuild; low caller code but hidden thread/child/acquisition and no cancellation","requires Deno host; may acquire internal esbuild package","experimental API and hidden helper identity; evidence: Deno lib.deno.unstable.d.ts:11-199 and provider.rs:119-184 @ f39575e","Reuse Effect Scope for owned handles/children, ChildProcess for selected processes, FileSystem/Path for explicit mutation, Stream only for a real typed event source, Layer for selection and dependency provision, and preserve Cause interruption.","low caller code but hidden thread/child/acquisition and no cancellation","viable only as experimental host-restricted operation","Reject if the mechanism cannot preserve structured in-memory bundle under the authority/lifetime stated in MECHANISM-COVERAGE.csv."
"deno","DENO-BUNDLE-MEMORY","B","provider-host sidecars","runtime-hosted-sidecar","single representative family for this candidate","faithful in declared domain: host-independent access to structured experimental Deno.bundle; operation status: experimental upstream operation; not frozen","explicit Deno version/path/capabilities plus explicit cwd/config/import-map/lock/permissions","selected Deno child calls public runtime API; distribution: Deno binary plus server source","structured serializable bytes/options; no callbacks/session/check/declarations beyond public API; process can persist, but each Deno.bundle call still creates a thread and esbuild child","explicit Deno version/path/capabilities plus explicit cwd/config/import-map/lock/permissions","process can persist, but each Deno.bundle call still creates a thread and esbuild child","process can persist, but each Deno.bundle call still creates a thread and esbuild child; state cost: adds protocol/process while preserving only a narrow experimental gain","bytes cross with copies; direct-write mode mutates provider filesystem","effect-build-owned design over experimental Deno APIs; no upstream machine protocol; compatibility: exact protocol/runtime/capability handshake; support verdict: viable with bounded package-private adapter","effect-build-owned framed pipe/socket protocol; adds protocol/process while preserving only a narrow experimental gain","Deno binary plus server source","exact protocol/runtime/capability handshake; evidence: Deno lib.deno.unstable.d.ts:11-199 and provider.rs:119-184 @ f39575e","Reuse Effect Scope for owned handles/children, ChildProcess for selected processes, FileSystem/Path for explicit mutation, Stream only for a real typed event source, Layer for selection and dependency provision, and preserve Cause interruption.","adds protocol/process while preserving only a narrow experimental gain","viable with bounded package-private adapter","Reject if the mechanism cannot preserve structured in-memory bundle under the authority/lifetime stated in MECHANISM-COVERAGE.csv."
"deno","DENO-BUNDLE-MEMORY","C","persistent provider sessions","persistent-session","single representative family for this candidate","GATE-FAIL: a daemon cannot truthfully claim incremental state for the public API","not-applicable-after-semantic-gate","not-applicable-after-semantic-gate; not available as a supported provider surface","not-applicable-after-semantic-gate; no supported faithful request/result boundary","not-applicable-after-semantic-gate; would require effect-build to own an unsupported engine/ABI or substitute semantics","unproven/non-fit; unproven","unproven/non-fit; unproven","unproven/non-fit; unproven","Deno.bundle exposes no reusable handle and recreates its inner service; CLI watch's context is private; compatibility: unsupported coupling","not evaluated after semantic gate; none","not evaluated after semantic gate; would require new native/source distribution","bounded negative backed by Deno lib.deno.unstable.d.ts:11-199 and provider.rs:119-184 @ f39575e","none until semantic gate passes","invalid/non-fit; session IDs/backpressure/crash/idle state without reusable provider state","reject for operation","Reopen only if upstream or a bounded probe supplies a supported faithful persistent-session surface for structured in-memory bundle."
"deno","DENO-BUNDLE-MEMORY","D","embedded/native/WASM engines","official-language-library","single representative family for this candidate","GATE-FAIL: the inventoried DENO-TRANSPILE operation retains Deno project authority; deno_ast does not","not-applicable-after-semantic-gate","not-applicable-after-semantic-gate; caller Rust process","not-applicable-after-semantic-gate; pure per-file parse/transpile only; no project graph/config/import map/permissions/check/declarations","not-applicable-after-semantic-gate; Rust dependency selects parser/transpiler; caller must supply options","unproven/non-fit; one-shot Rust values","unproven/non-fit; one-shot Rust values","unproven/non-fit; in-memory transformed source","Deno-owned deno_ast 0.53.3, MIT, explicit non-SemVer support posture; compatibility: exact crate coupling","not evaluated after semantic gate; direct Rust calls","not evaluated after semantic gate; Rust toolchain and native dependencies","bounded negative backed by Deno lib.deno.unstable.d.ts:11-199 and provider.rs:119-184 @ f39575e","none until semantic gate passes","invalid/non-fit; new Rust bridge/toolchain for a deliberately narrower product","reject for operation","Reopen only if upstream or a bounded probe supplies a supported faithful official-language-library surface for structured in-memory bundle."
"deno","DENO-BUNDLE-MEMORY","E","inverted/declarative integration","inverted-plugin","single representative family for this candidate","GATE-FAIL: does not expose Deno's own bundler or preserve its project semantics","not-applicable-after-semantic-gate","not-applicable-after-semantic-gate; not available as a supported provider surface","not-applicable-after-semantic-gate; no supported faithful request/result boundary","not-applicable-after-semantic-gate; would require effect-build to own an unsupported engine/ABI or substitute semantics","unproven/non-fit; unproven","unproven/non-fit; unproven","unproven/non-fit; unproven","deno_bundle_runtime exposes a BundleProvider hook, but the embedder must supply a different engine; Deno's CliBundleProvider is private; compatibility: unsupported coupling","not evaluated after semantic gate; none","not evaluated after semantic gate; would require new native/source distribution","bounded negative backed by Deno lib.deno.unstable.d.ts:11-199 and provider.rs:119-184 @ f39575e","none until semantic gate passes","invalid/non-fit; would substitute an engine and duplicate Deno resolution/config logic","reject for operation","Reopen only if upstream or a bounded probe supplies a supported faithful inverted-plugin surface for structured in-memory bundle."
"deno","DENO-BUNDLE-MEMORY","F","operation-specific portfolio","direct-host-api","single selected route","faithful in declared domain: structured experimental bundle inside a Deno host; operation status: experimental upstream operation; not frozen","ambient Deno launch flags/cwd/config/permissions are cloned; private provider selects esbuild helper","Deno isolate -> Rust op -> fresh OS thread/current-thread Tokio -> esbuild 0.25.5 service child per call; distribution: requires Deno host; may acquire internal esbuild package","structured output bytes; no public plugins, virtual map, check/declarations, watch, or session; one-shot call; no public cancel/context and inner child is recreated","ambient Deno launch flags/cwd/config/permissions are cloned; private provider selects esbuild helper","one-shot call; no public cancel/context and inner child is recreated","one-shot call; no public cancel/context and inner child is recreated; state cost: low caller code but hidden thread/child/acquisition and no cancellation","structured bytes or provider-direct writes","documented public experimental Deno 2.9.3 API requiring unstable bundle, MIT; compatibility: experimental API and hidden helper identity; support verdict: viable only as experimental host-restricted operation","direct runtime op then internal framed stdio to esbuild; low caller code but hidden thread/child/acquisition and no cancellation","requires Deno host; may acquire internal esbuild package","experimental API and hidden helper identity; evidence: Deno lib.deno.unstable.d.ts:11-199 and provider.rs:119-184 @ f39575e","Reuse Effect Scope for owned handles/children, ChildProcess for selected processes, FileSystem/Path for explicit mutation, Stream only for a real typed event source, Layer for selection and dependency provision, and preserve Cause interruption.","low caller code but hidden thread/child/acquisition and no cancellation","direct Deno.bundle or bounded selected-Deno sidecar; explicitly experimental","Reject this portfolio if any selected route cannot preserve structured in-memory bundle under its authority/lifetime record, or if one supported route preserves all required semantics with fewer total states."
"deno","DENO-BUNDLE-STDOUT","A","current operation-specific hybrid","selected-command","single representative family for this candidate","faithful in declared domain: only truthful current compile/check/declaration/watch mechanism; operation status: experimental upstream operation; not frozen","explicit/PATH selected Deno owns config/import-map/lock/permissions/env/targets and acquisition","selected local Deno child; bundle may spawn esbuild; compile may acquire denort; distribution: Deno plus denort/esbuild acquisition/caches according to operation","highest native project authority; terminal diagnostics not stable typed events; one-shot or raw watch process; Effect owns child scope only","explicit/PATH selected Deno owns config/import-map/lock/permissions/env/targets and acquisition","one-shot or raw watch process; Effect owns child scope only","one-shot or raw watch process; Effect owns child scope only; state cost: reuses process/file capabilities; cache/network mutation remains provider-owned","stdout/direct files; effect-build compile adds private staging and atomic publication; required operation ownership: caller-owned collected bytes; no durable publication","documented public Deno 2.9.3 CLI; bundle/transpile and compile --bundle are experimental where marked, MIT; compatibility: probe exact path/version/capability; selected Deno and denort must align; support verdict: viable now","argv, terminal streams, filesystem/network/cache; reuses process/file capabilities; cache/network mutation remains provider-owned","Deno plus denort/esbuild acquisition/caches according to operation","probe exact path/version/capability; selected Deno and denort must align; evidence: Deno cli/lib.rs:159-165 and bundle/mod.rs @ f39575e","Reuse Effect Scope for owned handles/children, ChildProcess for selected processes, FileSystem/Path for explicit mutation, Stream only for a real typed event source, Layer for selection and dependency provision, and preserve Cause interruption.","reuses process/file capabilities; cache/network mutation remains provider-owned","viable now","Reject if the mechanism cannot preserve bundle to stdout under the authority/lifetime stated in MECHANISM-COVERAGE.csv."
"deno","DENO-BUNDLE-STDOUT","B","provider-host sidecars","runtime-hosted-sidecar","single representative family for this candidate","GATE-FAIL: Deno exposes no public project-transpile runtime API; compile/transpile sidecars would merely wrap CLI, and persistence does not reuse the inner engine","not-applicable-after-semantic-gate","not-applicable-after-semantic-gate; selected Deno child calls public runtime API","not-applicable-after-semantic-gate; structured serializable bytes/options; no callbacks/session/check/declarations beyond public API","not-applicable-after-semantic-gate; explicit Deno version/path/capabilities plus explicit cwd/config/import-map/lock/permissions","unproven/non-fit; process can persist, but each Deno.bundle call still creates a thread and esbuild child","unproven/non-fit; process can persist, but each Deno.bundle call still creates a thread and esbuild child","unproven/non-fit; bytes cross with copies; direct-write mode mutates provider filesystem; required operation ownership: caller-owned collected bytes; no durable publication","effect-build-owned design over experimental Deno APIs; no upstream machine protocol; compatibility: exact protocol/runtime/capability handshake","not evaluated after semantic gate; effect-build-owned framed pipe/socket protocol","not evaluated after semantic gate; Deno binary plus server source","bounded negative backed by Deno cli/lib.rs:159-165 and bundle/mod.rs @ f39575e","none until semantic gate passes","invalid/non-fit; adds protocol/process while preserving only a narrow experimental gain","reject for operation","Reopen only if upstream or a bounded probe supplies a supported faithful runtime-hosted-sidecar surface for bundle to stdout."
"deno","DENO-BUNDLE-STDOUT","C","persistent provider sessions","persistent-session","single representative family for this candidate","GATE-FAIL: a daemon cannot truthfully claim incremental state for the public API","not-applicable-after-semantic-gate","not-applicable-after-semantic-gate; not available as a supported provider surface","not-applicable-after-semantic-gate; no supported faithful request/result boundary","not-applicable-after-semantic-gate; would require effect-build to own an unsupported engine/ABI or substitute semantics","unproven/non-fit; unproven","unproven/non-fit; unproven","unproven/non-fit; unproven; required operation ownership: caller-owned collected bytes; no durable publication","Deno.bundle exposes no reusable handle and recreates its inner service; CLI watch's context is private; compatibility: unsupported coupling","not evaluated after semantic gate; none","not evaluated after semantic gate; would require new native/source distribution","bounded negative backed by Deno cli/lib.rs:159-165 and bundle/mod.rs @ f39575e","none until semantic gate passes","invalid/non-fit; session IDs/backpressure/crash/idle state without reusable provider state","reject for operation","Reopen only if upstream or a bounded probe supplies a supported faithful persistent-session surface for bundle to stdout."
"deno","DENO-BUNDLE-STDOUT","D","embedded/native/WASM engines","official-language-library","single representative family for this candidate","GATE-FAIL: the inventoried DENO-TRANSPILE operation retains Deno project authority; deno_ast does not","not-applicable-after-semantic-gate","not-applicable-after-semantic-gate; caller Rust process","not-applicable-after-semantic-gate; pure per-file parse/transpile only; no project graph/config/import map/permissions/check/declarations","not-applicable-after-semantic-gate; Rust dependency selects parser/transpiler; caller must supply options","unproven/non-fit; one-shot Rust values","unproven/non-fit; one-shot Rust values","unproven/non-fit; in-memory transformed source; required operation ownership: caller-owned collected bytes; no durable publication","Deno-owned deno_ast 0.53.3, MIT, explicit non-SemVer support posture; compatibility: exact crate coupling","not evaluated after semantic gate; direct Rust calls","not evaluated after semantic gate; Rust toolchain and native dependencies","bounded negative backed by Deno cli/lib.rs:159-165 and bundle/mod.rs @ f39575e","none until semantic gate passes","invalid/non-fit; new Rust bridge/toolchain for a deliberately narrower product","reject for operation","Reopen only if upstream or a bounded probe supplies a supported faithful official-language-library surface for bundle to stdout."
"deno","DENO-BUNDLE-STDOUT","E","inverted/declarative integration","inverted-plugin","single representative family for this candidate","GATE-FAIL: does not expose Deno's own bundler or preserve its project semantics","not-applicable-after-semantic-gate","not-applicable-after-semantic-gate; not available as a supported provider surface","not-applicable-after-semantic-gate; no supported faithful request/result boundary","not-applicable-after-semantic-gate; would require effect-build to own an unsupported engine/ABI or substitute semantics","unproven/non-fit; unproven","unproven/non-fit; unproven","unproven/non-fit; unproven; required operation ownership: caller-owned collected bytes; no durable publication","deno_bundle_runtime exposes a BundleProvider hook, but the embedder must supply a different engine; Deno's CliBundleProvider is private; compatibility: unsupported coupling","not evaluated after semantic gate; none","not evaluated after semantic gate; would require new native/source distribution","bounded negative backed by Deno cli/lib.rs:159-165 and bundle/mod.rs @ f39575e","none until semantic gate passes","invalid/non-fit; would substitute an engine and duplicate Deno resolution/config logic","reject for operation","Reopen only if upstream or a bounded probe supplies a supported faithful inverted-plugin surface for bundle to stdout."
"deno","DENO-BUNDLE-STDOUT","F","operation-specific portfolio","selected-command","single selected route","faithful in declared domain: only truthful current compile/check/declaration/watch mechanism; operation status: experimental upstream operation; not frozen","explicit/PATH selected Deno owns config/import-map/lock/permissions/env/targets and acquisition","selected local Deno child; bundle may spawn esbuild; compile may acquire denort; distribution: Deno plus denort/esbuild acquisition/caches according to operation","highest native project authority; terminal diagnostics not stable typed events; one-shot or raw watch process; Effect owns child scope only","explicit/PATH selected Deno owns config/import-map/lock/permissions/env/targets and acquisition","one-shot or raw watch process; Effect owns child scope only","one-shot or raw watch process; Effect owns child scope only; state cost: reuses process/file capabilities; cache/network mutation remains provider-owned","stdout/direct files; effect-build compile adds private staging and atomic publication; required operation ownership: caller-owned collected bytes; no durable publication","documented public Deno 2.9.3 CLI; bundle/transpile and compile --bundle are experimental where marked, MIT; compatibility: probe exact path/version/capability; selected Deno and denort must align; support verdict: viable now","argv, terminal streams, filesystem/network/cache; reuses process/file capabilities; cache/network mutation remains provider-owned","Deno plus denort/esbuild acquisition/caches according to operation","probe exact path/version/capability; selected Deno and denort must align; evidence: Deno cli/lib.rs:159-165 and bundle/mod.rs @ f39575e","Reuse Effect Scope for owned handles/children, ChildProcess for selected processes, FileSystem/Path for explicit mutation, Stream only for a real typed event source, Layer for selection and dependency provision, and preserve Cause interruption.","reuses process/file capabilities; cache/network mutation remains provider-owned","selected-command with bounded stdout collection and native project authority","Reject this portfolio if any selected route cannot preserve bundle to stdout under its authority/lifetime record, or if one supported route preserves all required semantics with fewer total states."
"deno","DENO-BUNDLE-DISK","A","current operation-specific hybrid","selected-command","single representative family for this candidate","faithful in declared domain: only truthful current compile/check/declaration/watch mechanism; operation status: experimental upstream operation; not frozen","explicit/PATH selected Deno owns config/import-map/lock/permissions/env/targets and acquisition","selected local Deno child; bundle may spawn esbuild; compile may acquire denort; distribution: Deno plus denort/esbuild acquisition/caches according to operation","highest native project authority; terminal diagnostics not stable typed events; one-shot or raw watch process; Effect owns child scope only","explicit/PATH selected Deno owns config/import-map/lock/permissions/env/targets and acquisition","one-shot or raw watch process; Effect owns child scope only","one-shot or raw watch process; Effect owns child scope only; state cost: reuses process/file capabilities; cache/network mutation remains provider-owned","stdout/direct files; effect-build compile adds private staging and atomic publication; required operation ownership: provider-direct durable output graph; no transactionality claim","documented public Deno 2.9.3 CLI; bundle/transpile and compile --bundle are experimental where marked, MIT; compatibility: probe exact path/version/capability; selected Deno and denort must align; support verdict: viable now","argv, terminal streams, filesystem/network/cache; reuses process/file capabilities; cache/network mutation remains provider-owned","Deno plus denort/esbuild acquisition/caches according to operation","probe exact path/version/capability; selected Deno and denort must align; evidence: Deno cli/lib.rs:159-165 and bundle/mod.rs @ f39575e","Reuse Effect Scope for owned handles/children, ChildProcess for selected processes, FileSystem/Path for explicit mutation, Stream only for a real typed event source, Layer for selection and dependency provision, and preserve Cause interruption.","reuses process/file capabilities; cache/network mutation remains provider-owned","viable now","Reject if the mechanism cannot preserve bundle directly to disk with multi-output assets under the authority/lifetime stated in MECHANISM-COVERAGE.csv."
"deno","DENO-BUNDLE-DISK","B","provider-host sidecars","runtime-hosted-sidecar","single representative family for this candidate","GATE-FAIL: Deno exposes no public project-transpile runtime API; compile/transpile sidecars would merely wrap CLI, and persistence does not reuse the inner engine","not-applicable-after-semantic-gate","not-applicable-after-semantic-gate; selected Deno child calls public runtime API","not-applicable-after-semantic-gate; structured serializable bytes/options; no callbacks/session/check/declarations beyond public API","not-applicable-after-semantic-gate; explicit Deno version/path/capabilities plus explicit cwd/config/import-map/lock/permissions","unproven/non-fit; process can persist, but each Deno.bundle call still creates a thread and esbuild child","unproven/non-fit; process can persist, but each Deno.bundle call still creates a thread and esbuild child","unproven/non-fit; bytes cross with copies; direct-write mode mutates provider filesystem; required operation ownership: provider-direct durable output graph; no transactionality claim","effect-build-owned design over experimental Deno APIs; no upstream machine protocol; compatibility: exact protocol/runtime/capability handshake","not evaluated after semantic gate; effect-build-owned framed pipe/socket protocol","not evaluated after semantic gate; Deno binary plus server source","bounded negative backed by Deno cli/lib.rs:159-165 and bundle/mod.rs @ f39575e","none until semantic gate passes","invalid/non-fit; adds protocol/process while preserving only a narrow experimental gain","reject for operation","Reopen only if upstream or a bounded probe supplies a supported faithful runtime-hosted-sidecar surface for bundle directly to disk with multi-output assets."
"deno","DENO-BUNDLE-DISK","C","persistent provider sessions","persistent-session","single representative family for this candidate","GATE-FAIL: a daemon cannot truthfully claim incremental state for the public API","not-applicable-after-semantic-gate","not-applicable-after-semantic-gate; not available as a supported provider surface","not-applicable-after-semantic-gate; no supported faithful request/result boundary","not-applicable-after-semantic-gate; would require effect-build to own an unsupported engine/ABI or substitute semantics","unproven/non-fit; unproven","unproven/non-fit; unproven","unproven/non-fit; unproven; required operation ownership: provider-direct durable output graph; no transactionality claim","Deno.bundle exposes no reusable handle and recreates its inner service; CLI watch's context is private; compatibility: unsupported coupling","not evaluated after semantic gate; none","not evaluated after semantic gate; would require new native/source distribution","bounded negative backed by Deno cli/lib.rs:159-165 and bundle/mod.rs @ f39575e","none until semantic gate passes","invalid/non-fit; session IDs/backpressure/crash/idle state without reusable provider state","reject for operation","Reopen only if upstream or a bounded probe supplies a supported faithful persistent-session surface for bundle directly to disk with multi-output assets."
"deno","DENO-BUNDLE-DISK","D","embedded/native/WASM engines","official-language-library","single representative family for this candidate","GATE-FAIL: the inventoried DENO-TRANSPILE operation retains Deno project authority; deno_ast does not","not-applicable-after-semantic-gate","not-applicable-after-semantic-gate; caller Rust process","not-applicable-after-semantic-gate; pure per-file parse/transpile only; no project graph/config/import map/permissions/check/declarations","not-applicable-after-semantic-gate; Rust dependency selects parser/transpiler; caller must supply options","unproven/non-fit; one-shot Rust values","unproven/non-fit; one-shot Rust values","unproven/non-fit; in-memory transformed source; required operation ownership: provider-direct durable output graph; no transactionality claim","Deno-owned deno_ast 0.53.3, MIT, explicit non-SemVer support posture; compatibility: exact crate coupling","not evaluated after semantic gate; direct Rust calls","not evaluated after semantic gate; Rust toolchain and native dependencies","bounded negative backed by Deno cli/lib.rs:159-165 and bundle/mod.rs @ f39575e","none until semantic gate passes","invalid/non-fit; new Rust bridge/toolchain for a deliberately narrower product","reject for operation","Reopen only if upstream or a bounded probe supplies a supported faithful official-language-library surface for bundle directly to disk with multi-output assets."
"deno","DENO-BUNDLE-DISK","E","inverted/declarative integration","inverted-plugin","single representative family for this candidate","GATE-FAIL: does not expose Deno's own bundler or preserve its project semantics","not-applicable-after-semantic-gate","not-applicable-after-semantic-gate; not available as a supported provider surface","not-applicable-after-semantic-gate; no supported faithful request/result boundary","not-applicable-after-semantic-gate; would require effect-build to own an unsupported engine/ABI or substitute semantics","unproven/non-fit; unproven","unproven/non-fit; unproven","unproven/non-fit; unproven; required operation ownership: provider-direct durable output graph; no transactionality claim","deno_bundle_runtime exposes a BundleProvider hook, but the embedder must supply a different engine; Deno's CliBundleProvider is private; compatibility: unsupported coupling","not evaluated after semantic gate; none","not evaluated after semantic gate; would require new native/source distribution","bounded negative backed by Deno cli/lib.rs:159-165 and bundle/mod.rs @ f39575e","none until semantic gate passes","invalid/non-fit; would substitute an engine and duplicate Deno resolution/config logic","reject for operation","Reopen only if upstream or a bounded probe supplies a supported faithful inverted-plugin surface for bundle directly to disk with multi-output assets."
"deno","DENO-BUNDLE-DISK","F","operation-specific portfolio","selected-command","single selected route","faithful in declared domain: only truthful current compile/check/declaration/watch mechanism; operation status: experimental upstream operation; not frozen","explicit/PATH selected Deno owns config/import-map/lock/permissions/env/targets and acquisition","selected local Deno child; bundle may spawn esbuild; compile may acquire denort; distribution: Deno plus denort/esbuild acquisition/caches according to operation","highest native project authority; terminal diagnostics not stable typed events; one-shot or raw watch process; Effect owns child scope only","explicit/PATH selected Deno owns config/import-map/lock/permissions/env/targets and acquisition","one-shot or raw watch process; Effect owns child scope only","one-shot or raw watch process; Effect owns child scope only; state cost: reuses process/file capabilities; cache/network mutation remains provider-owned","stdout/direct files; effect-build compile adds private staging and atomic publication; required operation ownership: provider-direct durable output graph; no transactionality claim","documented public Deno 2.9.3 CLI; bundle/transpile and compile --bundle are experimental where marked, MIT; compatibility: probe exact path/version/capability; selected Deno and denort must align; support verdict: viable now","argv, terminal streams, filesystem/network/cache; reuses process/file capabilities; cache/network mutation remains provider-owned","Deno plus denort/esbuild acquisition/caches according to operation","probe exact path/version/capability; selected Deno and denort must align; evidence: Deno cli/lib.rs:159-165 and bundle/mod.rs @ f39575e","Reuse Effect Scope for owned handles/children, ChildProcess for selected processes, FileSystem/Path for explicit mutation, Stream only for a real typed event source, Layer for selection and dependency provision, and preserve Cause interruption.","reuses process/file capabilities; cache/network mutation remains provider-owned","selected-command for native project authority; provider-direct multi-output mutation","Reject this portfolio if any selected route cannot preserve bundle directly to disk with multi-output assets under its authority/lifetime record, or if one supported route preserves all required semantics with fewer total states."
"deno","DENO-CHECK","A","current operation-specific hybrid","selected-command","single representative family for this candidate","faithful in declared domain: only truthful current compile/check/declaration/watch mechanism; operation status: not frozen","explicit/PATH selected Deno owns config/import-map/lock/permissions/env/targets and acquisition","selected local Deno child; bundle may spawn esbuild; compile may acquire denort; distribution: Deno plus denort/esbuild acquisition/caches according to operation","highest native project authority; terminal diagnostics not stable typed events; one-shot or raw watch process; Effect owns child scope only","explicit/PATH selected Deno owns config/import-map/lock/permissions/env/targets and acquisition","one-shot or raw watch process; Effect owns child scope only","one-shot or raw watch process; Effect owns child scope only; state cost: reuses process/file capabilities; cache/network mutation remains provider-owned","stdout/direct files; effect-build compile adds private staging and atomic publication; required operation ownership: diagnostics and success/failure, not declaration files","documented public Deno 2.9.3 CLI; bundle/transpile and compile --bundle are experimental where marked, MIT; compatibility: probe exact path/version/capability; selected Deno and denort must align; support verdict: viable now","argv, terminal streams, filesystem/network/cache; reuses process/file capabilities; cache/network mutation remains provider-owned","Deno plus denort/esbuild acquisition/caches according to operation","probe exact path/version/capability; selected Deno and denort must align; evidence: Deno bundle/mod.rs:306-395 @ f39575e","Reuse Effect Scope for owned handles/children, ChildProcess for selected processes, FileSystem/Path for explicit mutation, Stream only for a real typed event source, Layer for selection and dependency provision, and preserve Cause interruption.","reuses process/file capabilities; cache/network mutation remains provider-owned","viable now","Reject if the mechanism cannot preserve type-check a bundle/project under the authority/lifetime stated in MECHANISM-COVERAGE.csv."
"deno","DENO-CHECK","B","provider-host sidecars","runtime-hosted-sidecar","single representative family for this candidate","GATE-FAIL: Deno exposes no public project-transpile runtime API; compile/transpile sidecars would merely wrap CLI, and persistence does not reuse the inner engine","not-applicable-after-semantic-gate","not-applicable-after-semantic-gate; selected Deno child calls public runtime API","not-applicable-after-semantic-gate; structured serializable bytes/options; no callbacks/session/check/declarations beyond public API","not-applicable-after-semantic-gate; explicit Deno version/path/capabilities plus explicit cwd/config/import-map/lock/permissions","unproven/non-fit; process can persist, but each Deno.bundle call still creates a thread and esbuild child","unproven/non-fit; process can persist, but each Deno.bundle call still creates a thread and esbuild child","unproven/non-fit; bytes cross with copies; direct-write mode mutates provider filesystem; required operation ownership: diagnostics and success/failure, not declaration files","effect-build-owned design over experimental Deno APIs; no upstream machine protocol; compatibility: exact protocol/runtime/capability handshake","not evaluated after semantic gate; effect-build-owned framed pipe/socket protocol","not evaluated after semantic gate; Deno binary plus server source","bounded negative backed by Deno bundle/mod.rs:306-395 @ f39575e","none until semantic gate passes","invalid/non-fit; adds protocol/process while preserving only a narrow experimental gain","reject for operation","Reopen only if upstream or a bounded probe supplies a supported faithful runtime-hosted-sidecar surface for type-check a bundle/project."
"deno","DENO-CHECK","C","persistent provider sessions","persistent-session","single representative family for this candidate","GATE-FAIL: a daemon cannot truthfully claim incremental state for the public API","not-applicable-after-semantic-gate","not-applicable-after-semantic-gate; not available as a supported provider surface","not-applicable-after-semantic-gate; no supported faithful request/result boundary","not-applicable-after-semantic-gate; would require effect-build to own an unsupported engine/ABI or substitute semantics","unproven/non-fit; unproven","unproven/non-fit; unproven","unproven/non-fit; unproven; required operation ownership: diagnostics and success/failure, not declaration files","Deno.bundle exposes no reusable handle and recreates its inner service; CLI watch's context is private; compatibility: unsupported coupling","not evaluated after semantic gate; none","not evaluated after semantic gate; would require new native/source distribution","bounded negative backed by Deno bundle/mod.rs:306-395 @ f39575e","none until semantic gate passes","invalid/non-fit; session IDs/backpressure/crash/idle state without reusable provider state","reject for operation","Reopen only if upstream or a bounded probe supplies a supported faithful persistent-session surface for type-check a bundle/project."
"deno","DENO-CHECK","D","embedded/native/WASM engines","official-language-library","single representative family for this candidate","GATE-FAIL: the inventoried DENO-TRANSPILE operation retains Deno project authority; deno_ast does not","not-applicable-after-semantic-gate","not-applicable-after-semantic-gate; caller Rust process","not-applicable-after-semantic-gate; pure per-file parse/transpile only; no project graph/config/import map/permissions/check/declarations","not-applicable-after-semantic-gate; Rust dependency selects parser/transpiler; caller must supply options","unproven/non-fit; one-shot Rust values","unproven/non-fit; one-shot Rust values","unproven/non-fit; in-memory transformed source; required operation ownership: diagnostics and success/failure, not declaration files","Deno-owned deno_ast 0.53.3, MIT, explicit non-SemVer support posture; compatibility: exact crate coupling","not evaluated after semantic gate; direct Rust calls","not evaluated after semantic gate; Rust toolchain and native dependencies","bounded negative backed by Deno bundle/mod.rs:306-395 @ f39575e","none until semantic gate passes","invalid/non-fit; new Rust bridge/toolchain for a deliberately narrower product","reject for operation","Reopen only if upstream or a bounded probe supplies a supported faithful official-language-library surface for type-check a bundle/project."
"deno","DENO-CHECK","E","inverted/declarative integration","inverted-plugin","single representative family for this candidate","GATE-FAIL: does not expose Deno's own bundler or preserve its project semantics","not-applicable-after-semantic-gate","not-applicable-after-semantic-gate; not available as a supported provider surface","not-applicable-after-semantic-gate; no supported faithful request/result boundary","not-applicable-after-semantic-gate; would require effect-build to own an unsupported engine/ABI or substitute semantics","unproven/non-fit; unproven","unproven/non-fit; unproven","unproven/non-fit; unproven; required operation ownership: diagnostics and success/failure, not declaration files","deno_bundle_runtime exposes a BundleProvider hook, but the embedder must supply a different engine; Deno's CliBundleProvider is private; compatibility: unsupported coupling","not evaluated after semantic gate; none","not evaluated after semantic gate; would require new native/source distribution","bounded negative backed by Deno bundle/mod.rs:306-395 @ f39575e","none until semantic gate passes","invalid/non-fit; would substitute an engine and duplicate Deno resolution/config logic","reject for operation","Reopen only if upstream or a bounded probe supplies a supported faithful inverted-plugin surface for type-check a bundle/project."
"deno","DENO-CHECK","F","operation-specific portfolio","selected-command","single selected route","faithful in declared domain: only truthful current compile/check/declaration/watch mechanism; operation status: not frozen","explicit/PATH selected Deno owns config/import-map/lock/permissions/env/targets and acquisition","selected local Deno child; bundle may spawn esbuild; compile may acquire denort; distribution: Deno plus denort/esbuild acquisition/caches according to operation","highest native project authority; terminal diagnostics not stable typed events; one-shot or raw watch process; Effect owns child scope only","explicit/PATH selected Deno owns config/import-map/lock/permissions/env/targets and acquisition","one-shot or raw watch process; Effect owns child scope only","one-shot or raw watch process; Effect owns child scope only; state cost: reuses process/file capabilities; cache/network mutation remains provider-owned","stdout/direct files; effect-build compile adds private staging and atomic publication; required operation ownership: diagnostics and success/failure, not declaration files","documented public Deno 2.9.3 CLI; bundle/transpile and compile --bundle are experimental where marked, MIT; compatibility: probe exact path/version/capability; selected Deno and denort must align; support verdict: viable now","argv, terminal streams, filesystem/network/cache; reuses process/file capabilities; cache/network mutation remains provider-owned","Deno plus denort/esbuild acquisition/caches according to operation","probe exact path/version/capability; selected Deno and denort must align; evidence: Deno bundle/mod.rs:306-395 @ f39575e","Reuse Effect Scope for owned handles/children, ChildProcess for selected processes, FileSystem/Path for explicit mutation, Stream only for a real typed event source, Layer for selection and dependency provision, and preserve Cause interruption.","reuses process/file capabilities; cache/network mutation remains provider-owned","selected-command; host bundle API explicitly disables checking","Reject this portfolio if any selected route cannot preserve type-check a bundle/project under its authority/lifetime record, or if one supported route preserves all required semantics with fewer total states."
"deno","DENO-DECLARATIONS","A","current operation-specific hybrid","selected-command","single representative family for this candidate","faithful in declared domain: only truthful current compile/check/declaration/watch mechanism; operation status: not frozen","explicit/PATH selected Deno owns config/import-map/lock/permissions/env/targets and acquisition","selected local Deno child; bundle may spawn esbuild; compile may acquire denort; distribution: Deno plus denort/esbuild acquisition/caches according to operation","highest native project authority; terminal diagnostics not stable typed events; one-shot or raw watch process; Effect owns child scope only","explicit/PATH selected Deno owns config/import-map/lock/permissions/env/targets and acquisition","one-shot or raw watch process; Effect owns child scope only","one-shot or raw watch process; Effect owns child scope only; state cost: reuses process/file capabilities; cache/network mutation remains provider-owned","stdout/direct files; effect-build compile adds private staging and atomic publication; required operation ownership: provider-direct declaration/source-map output set","documented public Deno 2.9.3 CLI; bundle/transpile and compile --bundle are experimental where marked, MIT; compatibility: probe exact path/version/capability; selected Deno and denort must align; support verdict: viable now","argv, terminal streams, filesystem/network/cache; reuses process/file capabilities; cache/network mutation remains provider-owned","Deno plus denort/esbuild acquisition/caches according to operation","probe exact path/version/capability; selected Deno and denort must align; evidence: Deno transpile.rs:236-331 @ f39575e","Reuse Effect Scope for owned handles/children, ChildProcess for selected processes, FileSystem/Path for explicit mutation, Stream only for a real typed event source, Layer for selection and dependency provision, and preserve Cause interruption.","reuses process/file capabilities; cache/network mutation remains provider-owned","viable now","Reject if the mechanism cannot preserve emit declarations while transpiling under the authority/lifetime stated in MECHANISM-COVERAGE.csv."
"deno","DENO-DECLARATIONS","B","provider-host sidecars","runtime-hosted-sidecar","single representative family for this candidate","GATE-FAIL: Deno exposes no public project-transpile runtime API; compile/transpile sidecars would merely wrap CLI, and persistence does not reuse the inner engine","not-applicable-after-semantic-gate","not-applicable-after-semantic-gate; selected Deno child calls public runtime API","not-applicable-after-semantic-gate; structured serializable bytes/options; no callbacks/session/check/declarations beyond public API","not-applicable-after-semantic-gate; explicit Deno version/path/capabilities plus explicit cwd/config/import-map/lock/permissions","unproven/non-fit; process can persist, but each Deno.bundle call still creates a thread and esbuild child","unproven/non-fit; process can persist, but each Deno.bundle call still creates a thread and esbuild child","unproven/non-fit; bytes cross with copies; direct-write mode mutates provider filesystem; required operation ownership: provider-direct declaration/source-map output set","effect-build-owned design over experimental Deno APIs; no upstream machine protocol; compatibility: exact protocol/runtime/capability handshake","not evaluated after semantic gate; effect-build-owned framed pipe/socket protocol","not evaluated after semantic gate; Deno binary plus server source","bounded negative backed by Deno transpile.rs:236-331 @ f39575e","none until semantic gate passes","invalid/non-fit; adds protocol/process while preserving only a narrow experimental gain","reject for operation","Reopen only if upstream or a bounded probe supplies a supported faithful runtime-hosted-sidecar surface for emit declarations while transpiling."
"deno","DENO-DECLARATIONS","C","persistent provider sessions","persistent-session","single representative family for this candidate","GATE-FAIL: a daemon cannot truthfully claim incremental state for the public API","not-applicable-after-semantic-gate","not-applicable-after-semantic-gate; not available as a supported provider surface","not-applicable-after-semantic-gate; no supported faithful request/result boundary","not-applicable-after-semantic-gate; would require effect-build to own an unsupported engine/ABI or substitute semantics","unproven/non-fit; unproven","unproven/non-fit; unproven","unproven/non-fit; unproven; required operation ownership: provider-direct declaration/source-map output set","Deno.bundle exposes no reusable handle and recreates its inner service; CLI watch's context is private; compatibility: unsupported coupling","not evaluated after semantic gate; none","not evaluated after semantic gate; would require new native/source distribution","bounded negative backed by Deno transpile.rs:236-331 @ f39575e","none until semantic gate passes","invalid/non-fit; session IDs/backpressure/crash/idle state without reusable provider state","reject for operation","Reopen only if upstream or a bounded probe supplies a supported faithful persistent-session surface for emit declarations while transpiling."
"deno","DENO-DECLARATIONS","D","embedded/native/WASM engines","official-language-library","single representative family for this candidate","GATE-FAIL: the inventoried DENO-TRANSPILE operation retains Deno project authority; deno_ast does not","not-applicable-after-semantic-gate","not-applicable-after-semantic-gate; caller Rust process","not-applicable-after-semantic-gate; pure per-file parse/transpile only; no project graph/config/import map/permissions/check/declarations","not-applicable-after-semantic-gate; Rust dependency selects parser/transpiler; caller must supply options","unproven/non-fit; one-shot Rust values","unproven/non-fit; one-shot Rust values","unproven/non-fit; in-memory transformed source; required operation ownership: provider-direct declaration/source-map output set","Deno-owned deno_ast 0.53.3, MIT, explicit non-SemVer support posture; compatibility: exact crate coupling","not evaluated after semantic gate; direct Rust calls","not evaluated after semantic gate; Rust toolchain and native dependencies","bounded negative backed by Deno transpile.rs:236-331 @ f39575e","none until semantic gate passes","invalid/non-fit; new Rust bridge/toolchain for a deliberately narrower product","reject for operation","Reopen only if upstream or a bounded probe supplies a supported faithful official-language-library surface for emit declarations while transpiling."
"deno","DENO-DECLARATIONS","E","inverted/declarative integration","inverted-plugin","single representative family for this candidate","GATE-FAIL: does not expose Deno's own bundler or preserve its project semantics","not-applicable-after-semantic-gate","not-applicable-after-semantic-gate; not available as a supported provider surface","not-applicable-after-semantic-gate; no supported faithful request/result boundary","not-applicable-after-semantic-gate; would require effect-build to own an unsupported engine/ABI or substitute semantics","unproven/non-fit; unproven","unproven/non-fit; unproven","unproven/non-fit; unproven; required operation ownership: provider-direct declaration/source-map output set","deno_bundle_runtime exposes a BundleProvider hook, but the embedder must supply a different engine; Deno's CliBundleProvider is private; compatibility: unsupported coupling","not evaluated after semantic gate; none","not evaluated after semantic gate; would require new native/source distribution","bounded negative backed by Deno transpile.rs:236-331 @ f39575e","none until semantic gate passes","invalid/non-fit; would substitute an engine and duplicate Deno resolution/config logic","reject for operation","Reopen only if upstream or a bounded probe supplies a supported faithful inverted-plugin surface for emit declarations while transpiling."
"deno","DENO-DECLARATIONS","F","operation-specific portfolio","selected-command","single selected route","faithful in declared domain: only truthful current compile/check/declaration/watch mechanism; operation status: not frozen","explicit/PATH selected Deno owns config/import-map/lock/permissions/env/targets and acquisition","selected local Deno child; bundle may spawn esbuild; compile may acquire denort; distribution: Deno plus denort/esbuild acquisition/caches according to operation","highest native project authority; terminal diagnostics not stable typed events; one-shot or raw watch process; Effect owns child scope only","explicit/PATH selected Deno owns config/import-map/lock/permissions/env/targets and acquisition","one-shot or raw watch process; Effect owns child scope only","one-shot or raw watch process; Effect owns child scope only; state cost: reuses process/file capabilities; cache/network mutation remains provider-owned","stdout/direct files; effect-build compile adds private staging and atomic publication; required operation ownership: provider-direct declaration/source-map output set","documented public Deno 2.9.3 CLI; bundle/transpile and compile --bundle are experimental where marked, MIT; compatibility: probe exact path/version/capability; selected Deno and denort must align; support verdict: viable now","argv, terminal streams, filesystem/network/cache; reuses process/file capabilities; cache/network mutation remains provider-owned","Deno plus denort/esbuild acquisition/caches according to operation","probe exact path/version/capability; selected Deno and denort must align; evidence: Deno transpile.rs:236-331 @ f39575e","Reuse Effect Scope for owned handles/children, ChildProcess for selected processes, FileSystem/Path for explicit mutation, Stream only for a real typed event source, Layer for selection and dependency provision, and preserve Cause interruption.","reuses process/file capabilities; cache/network mutation remains provider-owned","selected-command with native project/type-checker authority","Reject this portfolio if any selected route cannot preserve emit declarations while transpiling under its authority/lifetime record, or if one supported route preserves all required semantics with fewer total states."
"deno","DENO-PROJECT-AUTHORITY","A","current operation-specific hybrid","selected-command","single representative family for this candidate","faithful in declared domain: only truthful current compile/check/declaration/watch mechanism; operation status: authority dimension used by provider operations","explicit/PATH selected Deno owns config/import-map/lock/permissions/env/targets and acquisition","selected local Deno child; bundle may spawn esbuild; compile may acquire denort; distribution: Deno plus denort/esbuild acquisition/caches according to operation","highest native project authority; terminal diagnostics not stable typed events; one-shot or raw watch process; Effect owns child scope only","explicit/PATH selected Deno owns config/import-map/lock/permissions/env/targets and acquisition","one-shot or raw watch process; Effect owns child scope only","one-shot or raw watch process; Effect owns child scope only; state cost: reuses process/file capabilities; cache/network mutation remains provider-owned","stdout/direct files; effect-build compile adds private staging and atomic publication","documented public Deno 2.9.3 CLI; bundle/transpile and compile --bundle are experimental where marked, MIT; compatibility: probe exact path/version/capability; selected Deno and denort must align; support verdict: viable now","argv, terminal streams, filesystem/network/cache; reuses process/file capabilities; cache/network mutation remains provider-owned","Deno plus denort/esbuild acquisition/caches according to operation","probe exact path/version/capability; selected Deno and denort must align; evidence: Deno exact CLI flags/config source @ f39575e","Reuse Effect Scope for owned handles/children, ChildProcess for selected processes, FileSystem/Path for explicit mutation, Stream only for a real typed event source, Layer for selection and dependency provision, and preserve Cause interruption.","reuses process/file capabilities; cache/network mutation remains provider-owned","viable now","Reject if the mechanism cannot preserve deno.json/workspace/import-map/lock/environment/permissions under the authority/lifetime stated in MECHANISM-COVERAGE.csv."
"deno","DENO-PROJECT-AUTHORITY","B","provider-host sidecars","runtime-hosted-sidecar","single representative family for this candidate","GATE-FAIL: Deno exposes no public project-transpile runtime API; compile/transpile sidecars would merely wrap CLI, and persistence does not reuse the inner engine","not-applicable-after-semantic-gate","not-applicable-after-semantic-gate; selected Deno child calls public runtime API","not-applicable-after-semantic-gate; structured serializable bytes/options; no callbacks/session/check/declarations beyond public API","not-applicable-after-semantic-gate; explicit Deno version/path/capabilities plus explicit cwd/config/import-map/lock/permissions","unproven/non-fit; process can persist, but each Deno.bundle call still creates a thread and esbuild child","unproven/non-fit; process can persist, but each Deno.bundle call still creates a thread and esbuild child","unproven/non-fit; bytes cross with copies; direct-write mode mutates provider filesystem","effect-build-owned design over experimental Deno APIs; no upstream machine protocol; compatibility: exact protocol/runtime/capability handshake","not evaluated after semantic gate; effect-build-owned framed pipe/socket protocol","not evaluated after semantic gate; Deno binary plus server source","bounded negative backed by Deno exact CLI flags/config source @ f39575e","none until semantic gate passes","invalid/non-fit; adds protocol/process while preserving only a narrow experimental gain","reject for operation","Reopen only if upstream or a bounded probe supplies a supported faithful runtime-hosted-sidecar surface for deno.json/workspace/import-map/lock/environment/permissions."
"deno","DENO-PROJECT-AUTHORITY","C","persistent provider sessions","persistent-session","single representative family for this candidate","GATE-FAIL: a daemon cannot truthfully claim incremental state for the public API","not-applicable-after-semantic-gate","not-applicable-after-semantic-gate; not available as a supported provider surface","not-applicable-after-semantic-gate; no supported faithful request/result boundary","not-applicable-after-semantic-gate; would require effect-build to own an unsupported engine/ABI or substitute semantics","unproven/non-fit; unproven","unproven/non-fit; unproven","unproven/non-fit; unproven","Deno.bundle exposes no reusable handle and recreates its inner service; CLI watch's context is private; compatibility: unsupported coupling","not evaluated after semantic gate; none","not evaluated after semantic gate; would require new native/source distribution","bounded negative backed by Deno exact CLI flags/config source @ f39575e","none until semantic gate passes","invalid/non-fit; session IDs/backpressure/crash/idle state without reusable provider state","reject for operation","Reopen only if upstream or a bounded probe supplies a supported faithful persistent-session surface for deno.json/workspace/import-map/lock/environment/permissions."
"deno","DENO-PROJECT-AUTHORITY","D","embedded/native/WASM engines","official-language-library","single representative family for this candidate","GATE-FAIL: the inventoried DENO-TRANSPILE operation retains Deno project authority; deno_ast does not","not-applicable-after-semantic-gate","not-applicable-after-semantic-gate; caller Rust process","not-applicable-after-semantic-gate; pure per-file parse/transpile only; no project graph/config/import map/permissions/check/declarations","not-applicable-after-semantic-gate; Rust dependency selects parser/transpiler; caller must supply options","unproven/non-fit; one-shot Rust values","unproven/non-fit; one-shot Rust values","unproven/non-fit; in-memory transformed source","Deno-owned deno_ast 0.53.3, MIT, explicit non-SemVer support posture; compatibility: exact crate coupling","not evaluated after semantic gate; direct Rust calls","not evaluated after semantic gate; Rust toolchain and native dependencies","bounded negative backed by Deno exact CLI flags/config source @ f39575e","none until semantic gate passes","invalid/non-fit; new Rust bridge/toolchain for a deliberately narrower product","reject for operation","Reopen only if upstream or a bounded probe supplies a supported faithful official-language-library surface for deno.json/workspace/import-map/lock/environment/permissions."
"deno","DENO-PROJECT-AUTHORITY","E","inverted/declarative integration","declarative-artifact","adjunct only; requires a selected primary route","adjunct-only-not-standalone: required adjunct for the exact project-authority operation","low-artifact-does-not-select-runtime; project files and permission flags remain canonical rather than flattened into generic options","not an executor; distribution: ordinary source/project artifacts","not an executor; retained inputs: preserves scopes/imports/locks/compile includes; does not itself execute","project files and permission flags remain canonical rather than flattened into generic options","consumed by primary route; durable project state consumed per command","not a standalone session; durable project state consumed per command","configuration only; private eszip/standalone formats are not stable interchange","documented public Deno project/config surface; compatibility: Deno config schema/version","filesystem/project handoff; reduces duplicated normalization when kept native","ordinary source/project artifacts","observe artifact and selected primary route; Deno config schema/version","Reuse Effect Scope for owned handles/children, ChildProcess for selected processes, FileSystem/Path for explicit mutation, Stream only for a real typed event source, Layer for selection and dependency provision, and preserve Cause interruption.","reduces duplicated normalization when kept native","viable adjunct, not a standalone operation mechanism; adjunct only","Reject as a standalone candidate; retain only as an adjunct to the explicitly selected primary route for deno.json/workspace/import-map/lock/environment/permissions."
"deno","DENO-PROJECT-AUTHORITY","F","operation-specific portfolio","selected-command+declarative-artifact","selected command with native project artifacts as required adjuncts","selected-command:faithful in declared domain: only truthful current compile/check/declaration/watch mechanism; operation status: authority dimension used by provider operations | declarative-artifact:adjunct-only-not-standalone: required adjunct for the exact project-authority operation","selected-command:explicit/PATH selected Deno owns config/import-map/lock/permissions/env/targets and acquisition | declarative-artifact:low-artifact-does-not-select-runtime; project files and permission flags remain canonical rather than flattened into generic options","selected-command:selected local Deno child; bundle may spawn esbuild; compile may acquire denort; distribution: Deno plus denort/esbuild acquisition/caches according to operation | declarative-artifact:not an executor; distribution: ordinary source/project artifacts","selected-command:highest native project authority; terminal diagnostics not stable typed events; one-shot or raw watch process; Effect owns child scope only | declarative-artifact:not an executor; retained inputs: preserves scopes/imports/locks/compile includes; does not itself execute","selected-command:explicit/PATH selected Deno owns config/import-map/lock/permissions/env/targets and acquisition | declarative-artifact:project files and permission flags remain canonical rather than flattened into generic options","selected-command:one-shot or raw watch process; Effect owns child scope only | declarative-artifact:consumed by primary route; durable project state consumed per command","selected-command:one-shot or raw watch process; Effect owns child scope only; state cost: reuses process/file capabilities; cache/network mutation remains provider-owned | declarative-artifact:not a standalone session; durable project state consumed per command","selected-command:stdout/direct files; effect-build compile adds private staging and atomic publication | declarative-artifact:configuration only; private eszip/standalone formats are not stable interchange","selected-command:documented public Deno 2.9.3 CLI; bundle/transpile and compile --bundle are experimental where marked, MIT; compatibility: probe exact path/version/capability; selected Deno and denort must align; support verdict: viable now | declarative-artifact:documented public Deno project/config surface; compatibility: Deno config schema/version","selected-command:argv, terminal streams, filesystem/network/cache; reuses process/file capabilities; cache/network mutation remains provider-owned | declarative-artifact:filesystem/project handoff; reduces duplicated normalization when kept native","selected-command:Deno plus denort/esbuild acquisition/caches according to operation | declarative-artifact:ordinary source/project artifacts","selected-command:probe exact path/version/capability; selected Deno and denort must align; evidence: Deno exact CLI flags/config source @ f39575e | declarative-artifact:observe artifact and selected primary route; Deno config schema/version","Reuse Effect Scope for owned handles/children, ChildProcess for selected processes, FileSystem/Path for explicit mutation, Stream only for a real typed event source, Layer for selection and dependency provision, and preserve Cause interruption.","selected-command:reuses process/file capabilities; cache/network mutation remains provider-owned | declarative-artifact:reduces duplicated normalization when kept native","selected-command plus native declarative project files","Reject this portfolio if any selected route cannot preserve deno.json/workspace/import-map/lock/environment/permissions under its authority/lifetime record, or if one supported route preserves all required semantics with fewer total states."
"deno","DENO-COMPILE-SCALAR","A","current operation-specific hybrid","selected-command","single representative family for this candidate","faithful in declared domain: only truthful current compile/check/declaration/watch mechanism; operation status: CAN-DENO-010 frozen for 0.4","explicit/PATH selected Deno owns config/import-map/lock/permissions/env/targets and acquisition","selected local Deno child; bundle may spawn esbuild; compile may acquire denort; distribution: Deno plus denort/esbuild acquisition/caches according to operation","highest native project authority; terminal diagnostics not stable typed events; one-shot or raw watch process; Effect owns child scope only","explicit/PATH selected Deno owns config/import-map/lock/permissions/env/targets and acquisition","one-shot or raw watch process; Effect owns child scope only; required operation law: one owned invocation and one private candidate must remain scoped until validation or cleanup; provider acquisition/cache effects may outlive failure","one-shot or raw watch process; Effect owns child scope only; state cost: reuses process/file capabilities; cache/network mutation remains provider-owned","stdout/direct files; effect-build compile adds private staging and atomic publication; required operation ownership: one validated atomic-published executable; provider cache mutation may survive","documented public Deno 2.9.3 CLI; bundle/transpile and compile --bundle are experimental where marked, MIT; compatibility: probe exact path/version/capability; selected Deno and denort must align; support verdict: viable now","argv, terminal streams, filesystem/network/cache; reuses process/file capabilities; cache/network mutation remains provider-owned","Deno plus denort/esbuild acquisition/caches according to operation","probe exact path/version/capability; selected Deno and denort must align; evidence: Adapter.ts:168-205; compile.rs:189-218,713-799; CompilerEngine.ts:386-457; SURFACE.json","Reuse Effect Scope for owned handles/children, ChildProcess for selected processes, FileSystem/Path for explicit mutation, Stream only for a real typed event source, Layer for selection and dependency provision, and preserve Cause interruption.","reuses process/file capabilities; cache/network mutation remains provider-owned","viable now","Reject if the mechanism cannot preserve compile one executable under the authority/lifetime stated in MECHANISM-COVERAGE.csv."
"deno","DENO-COMPILE-SCALAR","B","provider-host sidecars","runtime-hosted-sidecar","single representative family for this candidate","GATE-FAIL: Deno exposes no public project-transpile runtime API; compile/transpile sidecars would merely wrap CLI, and persistence does not reuse the inner engine","not-applicable-after-semantic-gate","not-applicable-after-semantic-gate; selected Deno child calls public runtime API","not-applicable-after-semantic-gate; structured serializable bytes/options; no callbacks/session/check/declarations beyond public API","not-applicable-after-semantic-gate; explicit Deno version/path/capabilities plus explicit cwd/config/import-map/lock/permissions","unproven/non-fit; process can persist, but each Deno.bundle call still creates a thread and esbuild child; required operation law: one owned invocation and one private candidate must remain scoped until validation or cleanup; provider acquisition/cache effects may outlive failure","unproven/non-fit; process can persist, but each Deno.bundle call still creates a thread and esbuild child","unproven/non-fit; bytes cross with copies; direct-write mode mutates provider filesystem; required operation ownership: one validated atomic-published executable; provider cache mutation may survive","effect-build-owned design over experimental Deno APIs; no upstream machine protocol; compatibility: exact protocol/runtime/capability handshake","not evaluated after semantic gate; effect-build-owned framed pipe/socket protocol","not evaluated after semantic gate; Deno binary plus server source","bounded negative backed by Adapter.ts:168-205; compile.rs:189-218,713-799; CompilerEngine.ts:386-457; SURFACE.json","none until semantic gate passes","invalid/non-fit; adds protocol/process while preserving only a narrow experimental gain","reject for operation","Reopen only if upstream or a bounded probe supplies a supported faithful runtime-hosted-sidecar surface for compile one executable."
"deno","DENO-COMPILE-SCALAR","C","persistent provider sessions","persistent-session","single representative family for this candidate","GATE-FAIL: a daemon cannot truthfully claim incremental state for the public API","not-applicable-after-semantic-gate","not-applicable-after-semantic-gate; not available as a supported provider surface","not-applicable-after-semantic-gate; no supported faithful request/result boundary","not-applicable-after-semantic-gate; would require effect-build to own an unsupported engine/ABI or substitute semantics","unproven/non-fit; unproven; required operation law: one owned invocation and one private candidate must remain scoped until validation or cleanup; provider acquisition/cache effects may outlive failure","unproven/non-fit; unproven","unproven/non-fit; unproven; required operation ownership: one validated atomic-published executable; provider cache mutation may survive","Deno.bundle exposes no reusable handle and recreates its inner service; CLI watch's context is private; compatibility: unsupported coupling","not evaluated after semantic gate; none","not evaluated after semantic gate; would require new native/source distribution","bounded negative backed by Adapter.ts:168-205; compile.rs:189-218,713-799; CompilerEngine.ts:386-457; SURFACE.json","none until semantic gate passes","invalid/non-fit; session IDs/backpressure/crash/idle state without reusable provider state","reject for operation","Reopen only if upstream or a bounded probe supplies a supported faithful persistent-session surface for compile one executable."
"deno","DENO-COMPILE-SCALAR","D","embedded/native/WASM engines","official-language-library","single representative family for this candidate","GATE-FAIL: the inventoried DENO-TRANSPILE operation retains Deno project authority; deno_ast does not","not-applicable-after-semantic-gate","not-applicable-after-semantic-gate; caller Rust process","not-applicable-after-semantic-gate; pure per-file parse/transpile only; no project graph/config/import map/permissions/check/declarations","not-applicable-after-semantic-gate; Rust dependency selects parser/transpiler; caller must supply options","unproven/non-fit; one-shot Rust values; required operation law: one owned invocation and one private candidate must remain scoped until validation or cleanup; provider acquisition/cache effects may outlive failure","unproven/non-fit; one-shot Rust values","unproven/non-fit; in-memory transformed source; required operation ownership: one validated atomic-published executable; provider cache mutation may survive","Deno-owned deno_ast 0.53.3, MIT, explicit non-SemVer support posture; compatibility: exact crate coupling","not evaluated after semantic gate; direct Rust calls","not evaluated after semantic gate; Rust toolchain and native dependencies","bounded negative backed by Adapter.ts:168-205; compile.rs:189-218,713-799; CompilerEngine.ts:386-457; SURFACE.json","none until semantic gate passes","invalid/non-fit; new Rust bridge/toolchain for a deliberately narrower product","reject for operation","Reopen only if upstream or a bounded probe supplies a supported faithful official-language-library surface for compile one executable."
"deno","DENO-COMPILE-SCALAR","E","inverted/declarative integration","inverted-plugin","single representative family for this candidate","GATE-FAIL: does not expose Deno's own bundler or preserve its project semantics","not-applicable-after-semantic-gate","not-applicable-after-semantic-gate; not available as a supported provider surface","not-applicable-after-semantic-gate; no supported faithful request/result boundary","not-applicable-after-semantic-gate; would require effect-build to own an unsupported engine/ABI or substitute semantics","unproven/non-fit; unproven; required operation law: one owned invocation and one private candidate must remain scoped until validation or cleanup; provider acquisition/cache effects may outlive failure","unproven/non-fit; unproven","unproven/non-fit; unproven; required operation ownership: one validated atomic-published executable; provider cache mutation may survive","deno_bundle_runtime exposes a BundleProvider hook, but the embedder must supply a different engine; Deno's CliBundleProvider is private; compatibility: unsupported coupling","not evaluated after semantic gate; none","not evaluated after semantic gate; would require new native/source distribution","bounded negative backed by Adapter.ts:168-205; compile.rs:189-218,713-799; CompilerEngine.ts:386-457; SURFACE.json","none until semantic gate passes","invalid/non-fit; would substitute an engine and duplicate Deno resolution/config logic","reject for operation","Reopen only if upstream or a bounded probe supplies a supported faithful inverted-plugin surface for compile one executable."
"deno","DENO-COMPILE-SCALAR","F","operation-specific portfolio","selected-command","single selected route","faithful in declared domain: only truthful current compile/check/declaration/watch mechanism; operation status: CAN-DENO-010 frozen for 0.4","explicit/PATH selected Deno owns config/import-map/lock/permissions/env/targets and acquisition","selected local Deno child; bundle may spawn esbuild; compile may acquire denort; distribution: Deno plus denort/esbuild acquisition/caches according to operation","highest native project authority; terminal diagnostics not stable typed events; one-shot or raw watch process; Effect owns child scope only","explicit/PATH selected Deno owns config/import-map/lock/permissions/env/targets and acquisition","one-shot or raw watch process; Effect owns child scope only; required operation law: one owned invocation and one private candidate must remain scoped until validation or cleanup; provider acquisition/cache effects may outlive failure","one-shot or raw watch process; Effect owns child scope only; state cost: reuses process/file capabilities; cache/network mutation remains provider-owned","stdout/direct files; effect-build compile adds private staging and atomic publication; required operation ownership: one validated atomic-published executable; provider cache mutation may survive","documented public Deno 2.9.3 CLI; bundle/transpile and compile --bundle are experimental where marked, MIT; compatibility: probe exact path/version/capability; selected Deno and denort must align; support verdict: viable now","argv, terminal streams, filesystem/network/cache; reuses process/file capabilities; cache/network mutation remains provider-owned","Deno plus denort/esbuild acquisition/caches according to operation","probe exact path/version/capability; selected Deno and denort must align; evidence: Adapter.ts:168-205; compile.rs:189-218,713-799; CompilerEngine.ts:386-457; SURFACE.json","Reuse Effect Scope for owned handles/children, ChildProcess for selected processes, FileSystem/Path for explicit mutation, Stream only for a real typed event source, Layer for selection and dependency provision, and preserve Cause interruption.","reuses process/file capabilities; cache/network mutation remains provider-owned","selected-command with Effect staging/publication","Reject this portfolio if any selected route cannot preserve compile one executable under its authority/lifetime record, or if one supported route preserves all required semantics with fewer total states."
"deno","DENO-COMPILE-MATRIX","A","current operation-specific hybrid","selected-command","single representative family for this candidate","faithful in declared domain: only truthful current compile/check/declaration/watch mechanism; operation status: derived operation frozen for 0.4","explicit/PATH selected Deno owns config/import-map/lock/permissions/env/targets and acquisition","selected local Deno child; bundle may spawn esbuild; compile may acquire denort; distribution: Deno plus denort/esbuild acquisition/caches according to operation","highest native project authority; terminal diagnostics not stable typed events; one-shot or raw watch process; Effect owns child scope only","explicit/PATH selected Deno owns config/import-map/lock/permissions/env/targets and acquisition","one-shot or raw watch process; Effect owns child scope only; required operation law: independent scalar cells/acquisitions; interruption closes active cells without implying rollback","one-shot or raw watch process; Effect owns child scope only; state cost: reuses process/file capabilities; cache/network mutation remains provider-owned","stdout/direct files; effect-build compile adds private staging and atomic publication; required operation ownership: partial-success report; successful publications and provider cache mutations are not rolled back","documented public Deno 2.9.3 CLI; bundle/transpile and compile --bundle are experimental where marked, MIT; compatibility: probe exact path/version/capability; selected Deno and denort must align; support verdict: viable now","argv, terminal streams, filesystem/network/cache; reuses process/file capabilities; cache/network mutation remains provider-owned","Deno plus denort/esbuild acquisition/caches according to operation","probe exact path/version/capability; selected Deno and denort must align; evidence: CompilerEngine.ts:459-501; SURFACE.json derivedOperations","Reuse Effect Scope for owned handles/children, ChildProcess for selected processes, FileSystem/Path for explicit mutation, Stream only for a real typed event source, Layer for selection and dependency provision, and preserve Cause interruption.","reuses process/file capabilities; cache/network mutation remains provider-owned","viable now","Reject if the mechanism cannot preserve compile a homogeneous-provider executable matrix under the authority/lifetime stated in MECHANISM-COVERAGE.csv."
"deno","DENO-COMPILE-MATRIX","B","provider-host sidecars","runtime-hosted-sidecar","single representative family for this candidate","GATE-FAIL: Deno exposes no public project-transpile runtime API; compile/transpile sidecars would merely wrap CLI, and persistence does not reuse the inner engine","not-applicable-after-semantic-gate","not-applicable-after-semantic-gate; selected Deno child calls public runtime API","not-applicable-after-semantic-gate; structured serializable bytes/options; no callbacks/session/check/declarations beyond public API","not-applicable-after-semantic-gate; explicit Deno version/path/capabilities plus explicit cwd/config/import-map/lock/permissions","unproven/non-fit; process can persist, but each Deno.bundle call still creates a thread and esbuild child; required operation law: independent scalar cells/acquisitions; interruption closes active cells without implying rollback","unproven/non-fit; process can persist, but each Deno.bundle call still creates a thread and esbuild child","unproven/non-fit; bytes cross with copies; direct-write mode mutates provider filesystem; required operation ownership: partial-success report; successful publications and provider cache mutations are not rolled back","effect-build-owned design over experimental Deno APIs; no upstream machine protocol; compatibility: exact protocol/runtime/capability handshake","not evaluated after semantic gate; effect-build-owned framed pipe/socket protocol","not evaluated after semantic gate; Deno binary plus server source","bounded negative backed by CompilerEngine.ts:459-501; SURFACE.json derivedOperations","none until semantic gate passes","invalid/non-fit; adds protocol/process while preserving only a narrow experimental gain","reject for operation","Reopen only if upstream or a bounded probe supplies a supported faithful runtime-hosted-sidecar surface for compile a homogeneous-provider executable matrix."
"deno","DENO-COMPILE-MATRIX","C","persistent provider sessions","persistent-session","single representative family for this candidate","GATE-FAIL: a daemon cannot truthfully claim incremental state for the public API","not-applicable-after-semantic-gate","not-applicable-after-semantic-gate; not available as a supported provider surface","not-applicable-after-semantic-gate; no supported faithful request/result boundary","not-applicable-after-semantic-gate; would require effect-build to own an unsupported engine/ABI or substitute semantics","unproven/non-fit; unproven; required operation law: independent scalar cells/acquisitions; interruption closes active cells without implying rollback","unproven/non-fit; unproven","unproven/non-fit; unproven; required operation ownership: partial-success report; successful publications and provider cache mutations are not rolled back","Deno.bundle exposes no reusable handle and recreates its inner service; CLI watch's context is private; compatibility: unsupported coupling","not evaluated after semantic gate; none","not evaluated after semantic gate; would require new native/source distribution","bounded negative backed by CompilerEngine.ts:459-501; SURFACE.json derivedOperations","none until semantic gate passes","invalid/non-fit; session IDs/backpressure/crash/idle state without reusable provider state","reject for operation","Reopen only if upstream or a bounded probe supplies a supported faithful persistent-session surface for compile a homogeneous-provider executable matrix."
"deno","DENO-COMPILE-MATRIX","D","embedded/native/WASM engines","official-language-library","single representative family for this candidate","GATE-FAIL: the inventoried DENO-TRANSPILE operation retains Deno project authority; deno_ast does not","not-applicable-after-semantic-gate","not-applicable-after-semantic-gate; caller Rust process","not-applicable-after-semantic-gate; pure per-file parse/transpile only; no project graph/config/import map/permissions/check/declarations","not-applicable-after-semantic-gate; Rust dependency selects parser/transpiler; caller must supply options","unproven/non-fit; one-shot Rust values; required operation law: independent scalar cells/acquisitions; interruption closes active cells without implying rollback","unproven/non-fit; one-shot Rust values","unproven/non-fit; in-memory transformed source; required operation ownership: partial-success report; successful publications and provider cache mutations are not rolled back","Deno-owned deno_ast 0.53.3, MIT, explicit non-SemVer support posture; compatibility: exact crate coupling","not evaluated after semantic gate; direct Rust calls","not evaluated after semantic gate; Rust toolchain and native dependencies","bounded negative backed by CompilerEngine.ts:459-501; SURFACE.json derivedOperations","none until semantic gate passes","invalid/non-fit; new Rust bridge/toolchain for a deliberately narrower product","reject for operation","Reopen only if upstream or a bounded probe supplies a supported faithful official-language-library surface for compile a homogeneous-provider executable matrix."
"deno","DENO-COMPILE-MATRIX","E","inverted/declarative integration","inverted-plugin","single representative family for this candidate","GATE-FAIL: does not expose Deno's own bundler or preserve its project semantics","not-applicable-after-semantic-gate","not-applicable-after-semantic-gate; not available as a supported provider surface","not-applicable-after-semantic-gate; no supported faithful request/result boundary","not-applicable-after-semantic-gate; would require effect-build to own an unsupported engine/ABI or substitute semantics","unproven/non-fit; unproven; required operation law: independent scalar cells/acquisitions; interruption closes active cells without implying rollback","unproven/non-fit; unproven","unproven/non-fit; unproven; required operation ownership: partial-success report; successful publications and provider cache mutations are not rolled back","deno_bundle_runtime exposes a BundleProvider hook, but the embedder must supply a different engine; Deno's CliBundleProvider is private; compatibility: unsupported coupling","not evaluated after semantic gate; none","not evaluated after semantic gate; would require new native/source distribution","bounded negative backed by CompilerEngine.ts:459-501; SURFACE.json derivedOperations","none until semantic gate passes","invalid/non-fit; would substitute an engine and duplicate Deno resolution/config logic","reject for operation","Reopen only if upstream or a bounded probe supplies a supported faithful inverted-plugin surface for compile a homogeneous-provider executable matrix."
"deno","DENO-COMPILE-MATRIX","F","operation-specific portfolio","selected-command","single selected route","faithful in declared domain: only truthful current compile/check/declaration/watch mechanism; operation status: derived operation frozen for 0.4","explicit/PATH selected Deno owns config/import-map/lock/permissions/env/targets and acquisition","selected local Deno child; bundle may spawn esbuild; compile may acquire denort; distribution: Deno plus denort/esbuild acquisition/caches according to operation","highest native project authority; terminal diagnostics not stable typed events; one-shot or raw watch process; Effect owns child scope only","explicit/PATH selected Deno owns config/import-map/lock/permissions/env/targets and acquisition","one-shot or raw watch process; Effect owns child scope only; required operation law: independent scalar cells/acquisitions; interruption closes active cells without implying rollback","one-shot or raw watch process; Effect owns child scope only; state cost: reuses process/file capabilities; cache/network mutation remains provider-owned","stdout/direct files; effect-build compile adds private staging and atomic publication; required operation ownership: partial-success report; successful publications and provider cache mutations are not rolled back","documented public Deno 2.9.3 CLI; bundle/transpile and compile --bundle are experimental where marked, MIT; compatibility: probe exact path/version/capability; selected Deno and denort must align; support verdict: viable now","argv, terminal streams, filesystem/network/cache; reuses process/file capabilities; cache/network mutation remains provider-owned","Deno plus denort/esbuild acquisition/caches according to operation","probe exact path/version/capability; selected Deno and denort must align; evidence: CompilerEngine.ts:459-501; SURFACE.json derivedOperations","Reuse Effect Scope for owned handles/children, ChildProcess for selected processes, FileSystem/Path for explicit mutation, Stream only for a real typed event source, Layer for selection and dependency provision, and preserve Cause interruption.","reuses process/file capabilities; cache/network mutation remains provider-owned","repeated selected-command scalar cells under bounded Effect concurrency","Reject this portfolio if any selected route cannot preserve compile a homogeneous-provider executable matrix under its authority/lifetime record, or if one supported route preserves all required semantics with fewer total states."
"deno","DENO-RUNTIME-ACQUISITION","A","current operation-specific hybrid","selected-command","single representative family for this candidate","faithful in declared domain: only truthful current compile/check/declaration/watch mechanism; operation status: part of compile, not a separate public operation","explicit/PATH selected Deno owns config/import-map/lock/permissions/env/targets and acquisition","selected local Deno child; bundle may spawn esbuild; compile may acquire denort; distribution: Deno plus denort/esbuild acquisition/caches according to operation","highest native project authority; terminal diagnostics not stable typed events; one-shot or raw watch process; Effect owns child scope only","explicit/PATH selected Deno owns config/import-map/lock/permissions/env/targets and acquisition","one-shot or raw watch process; Effect owns child scope only","one-shot or raw watch process; Effect owns child scope only; state cost: reuses process/file capabilities; cache/network mutation remains provider-owned","stdout/direct files; effect-build compile adds private staging and atomic publication","documented public Deno 2.9.3 CLI; bundle/transpile and compile --bundle are experimental where marked, MIT; compatibility: probe exact path/version/capability; selected Deno and denort must align; support verdict: viable now","argv, terminal streams, filesystem/network/cache; reuses process/file capabilities; cache/network mutation remains provider-owned","Deno plus denort/esbuild acquisition/caches according to operation","probe exact path/version/capability; selected Deno and denort must align; evidence: Deno standalone/binary.rs:376-435,502-538 @ f39575e","Reuse Effect Scope for owned handles/children, ChildProcess for selected processes, FileSystem/Path for explicit mutation, Stream only for a real typed event source, Layer for selection and dependency provision, and preserve Cause interruption.","reuses process/file capabilities; cache/network mutation remains provider-owned","viable now","Reject if the mechanism cannot preserve target denort acquisition and target binding under the authority/lifetime stated in MECHANISM-COVERAGE.csv."
"deno","DENO-RUNTIME-ACQUISITION","B","provider-host sidecars","runtime-hosted-sidecar","single representative family for this candidate","GATE-FAIL: Deno exposes no public project-transpile runtime API; compile/transpile sidecars would merely wrap CLI, and persistence does not reuse the inner engine","not-applicable-after-semantic-gate","not-applicable-after-semantic-gate; selected Deno child calls public runtime API","not-applicable-after-semantic-gate; structured serializable bytes/options; no callbacks/session/check/declarations beyond public API","not-applicable-after-semantic-gate; explicit Deno version/path/capabilities plus explicit cwd/config/import-map/lock/permissions","unproven/non-fit; process can persist, but each Deno.bundle call still creates a thread and esbuild child","unproven/non-fit; process can persist, but each Deno.bundle call still creates a thread and esbuild child","unproven/non-fit; bytes cross with copies; direct-write mode mutates provider filesystem","effect-build-owned design over experimental Deno APIs; no upstream machine protocol; compatibility: exact protocol/runtime/capability handshake","not evaluated after semantic gate; effect-build-owned framed pipe/socket protocol","not evaluated after semantic gate; Deno binary plus server source","bounded negative backed by Deno standalone/binary.rs:376-435,502-538 @ f39575e","none until semantic gate passes","invalid/non-fit; adds protocol/process while preserving only a narrow experimental gain","reject for operation","Reopen only if upstream or a bounded probe supplies a supported faithful runtime-hosted-sidecar surface for target denort acquisition and target binding."
"deno","DENO-RUNTIME-ACQUISITION","C","persistent provider sessions","persistent-session","single representative family for this candidate","GATE-FAIL: a daemon cannot truthfully claim incremental state for the public API","not-applicable-after-semantic-gate","not-applicable-after-semantic-gate; not available as a supported provider surface","not-applicable-after-semantic-gate; no supported faithful request/result boundary","not-applicable-after-semantic-gate; would require effect-build to own an unsupported engine/ABI or substitute semantics","unproven/non-fit; unproven","unproven/non-fit; unproven","unproven/non-fit; unproven","Deno.bundle exposes no reusable handle and recreates its inner service; CLI watch's context is private; compatibility: unsupported coupling","not evaluated after semantic gate; none","not evaluated after semantic gate; would require new native/source distribution","bounded negative backed by Deno standalone/binary.rs:376-435,502-538 @ f39575e","none until semantic gate passes","invalid/non-fit; session IDs/backpressure/crash/idle state without reusable provider state","reject for operation","Reopen only if upstream or a bounded probe supplies a supported faithful persistent-session surface for target denort acquisition and target binding."
"deno","DENO-RUNTIME-ACQUISITION","D","embedded/native/WASM engines","official-language-library","single representative family for this candidate","GATE-FAIL: the inventoried DENO-TRANSPILE operation retains Deno project authority; deno_ast does not","not-applicable-after-semantic-gate","not-applicable-after-semantic-gate; caller Rust process","not-applicable-after-semantic-gate; pure per-file parse/transpile only; no project graph/config/import map/permissions/check/declarations","not-applicable-after-semantic-gate; Rust dependency selects parser/transpiler; caller must supply options","unproven/non-fit; one-shot Rust values","unproven/non-fit; one-shot Rust values","unproven/non-fit; in-memory transformed source","Deno-owned deno_ast 0.53.3, MIT, explicit non-SemVer support posture; compatibility: exact crate coupling","not evaluated after semantic gate; direct Rust calls","not evaluated after semantic gate; Rust toolchain and native dependencies","bounded negative backed by Deno standalone/binary.rs:376-435,502-538 @ f39575e","none until semantic gate passes","invalid/non-fit; new Rust bridge/toolchain for a deliberately narrower product","reject for operation","Reopen only if upstream or a bounded probe supplies a supported faithful official-language-library surface for target denort acquisition and target binding."
"deno","DENO-RUNTIME-ACQUISITION","E","inverted/declarative integration","inverted-plugin","single representative family for this candidate","GATE-FAIL: does not expose Deno's own bundler or preserve its project semantics","not-applicable-after-semantic-gate","not-applicable-after-semantic-gate; not available as a supported provider surface","not-applicable-after-semantic-gate; no supported faithful request/result boundary","not-applicable-after-semantic-gate; would require effect-build to own an unsupported engine/ABI or substitute semantics","unproven/non-fit; unproven","unproven/non-fit; unproven","unproven/non-fit; unproven","deno_bundle_runtime exposes a BundleProvider hook, but the embedder must supply a different engine; Deno's CliBundleProvider is private; compatibility: unsupported coupling","not evaluated after semantic gate; none","not evaluated after semantic gate; would require new native/source distribution","bounded negative backed by Deno standalone/binary.rs:376-435,502-538 @ f39575e","none until semantic gate passes","invalid/non-fit; would substitute an engine and duplicate Deno resolution/config logic","reject for operation","Reopen only if upstream or a bounded probe supplies a supported faithful inverted-plugin surface for target denort acquisition and target binding."
"deno","DENO-RUNTIME-ACQUISITION","F","operation-specific portfolio","selected-command","single selected route","faithful in declared domain: only truthful current compile/check/declaration/watch mechanism; operation status: part of compile, not a separate public operation","explicit/PATH selected Deno owns config/import-map/lock/permissions/env/targets and acquisition","selected local Deno child; bundle may spawn esbuild; compile may acquire denort; distribution: Deno plus denort/esbuild acquisition/caches according to operation","highest native project authority; terminal diagnostics not stable typed events; one-shot or raw watch process; Effect owns child scope only","explicit/PATH selected Deno owns config/import-map/lock/permissions/env/targets and acquisition","one-shot or raw watch process; Effect owns child scope only","one-shot or raw watch process; Effect owns child scope only; state cost: reuses process/file capabilities; cache/network mutation remains provider-owned","stdout/direct files; effect-build compile adds private staging and atomic publication","documented public Deno 2.9.3 CLI; bundle/transpile and compile --bundle are experimental where marked, MIT; compatibility: probe exact path/version/capability; selected Deno and denort must align; support verdict: viable now","argv, terminal streams, filesystem/network/cache; reuses process/file capabilities; cache/network mutation remains provider-owned","Deno plus denort/esbuild acquisition/caches according to operation","probe exact path/version/capability; selected Deno and denort must align; evidence: Deno standalone/binary.rs:376-435,502-538 @ f39575e","Reuse Effect Scope for owned handles/children, ChildProcess for selected processes, FileSystem/Path for explicit mutation, Stream only for a real typed event source, Layer for selection and dependency provision, and preserve Cause interruption.","reuses process/file capabilities; cache/network mutation remains provider-owned","leave under selected Deno authority; observe cache/network mutation","Reject this portfolio if any selected route cannot preserve target denort acquisition and target binding under its authority/lifetime record, or if one supported route preserves all required semantics with fewer total states."
"deno","DENO-WATCH","A","current operation-specific hybrid","selected-command","single representative family for this candidate","faithful in declared domain: only truthful current compile/check/declaration/watch mechanism; operation status: command process only; not frozen","explicit/PATH selected Deno owns config/import-map/lock/permissions/env/targets and acquisition","selected local Deno child; bundle may spawn esbuild; compile may acquire denort; distribution: Deno plus denort/esbuild acquisition/caches according to operation","highest native project authority; terminal diagnostics not stable typed events; one-shot or raw watch process; Effect owns child scope only","explicit/PATH selected Deno owns config/import-map/lock/permissions/env/targets and acquisition","one-shot or raw watch process; Effect owns child scope only","one-shot or raw watch process; Effect owns child scope only; state cost: reuses process/file capabilities; cache/network mutation remains provider-owned","stdout/direct files; effect-build compile adds private staging and atomic publication","documented public Deno 2.9.3 CLI; bundle/transpile and compile --bundle are experimental where marked, MIT; compatibility: probe exact path/version/capability; selected Deno and denort must align; support verdict: viable now","argv, terminal streams, filesystem/network/cache; reuses process/file capabilities; cache/network mutation remains provider-owned","Deno plus denort/esbuild acquisition/caches according to operation","probe exact path/version/capability; selected Deno and denort must align; evidence: Deno bundle/mod.rs:1066-1167 and compile.rs:42-67 @ f39575e","Reuse Effect Scope for owned handles/children, ChildProcess for selected processes, FileSystem/Path for explicit mutation, Stream only for a real typed event source, Layer for selection and dependency provision, and preserve Cause interruption.","reuses process/file capabilities; cache/network mutation remains provider-owned","viable now","Reject if the mechanism cannot preserve bundle/compile watch and private rebuild context under the authority/lifetime stated in MECHANISM-COVERAGE.csv."
"deno","DENO-WATCH","B","provider-host sidecars","runtime-hosted-sidecar","single representative family for this candidate","GATE-FAIL: Deno exposes no public project-transpile runtime API; compile/transpile sidecars would merely wrap CLI, and persistence does not reuse the inner engine","not-applicable-after-semantic-gate","not-applicable-after-semantic-gate; selected Deno child calls public runtime API","not-applicable-after-semantic-gate; structured serializable bytes/options; no callbacks/session/check/declarations beyond public API","not-applicable-after-semantic-gate; explicit Deno version/path/capabilities plus explicit cwd/config/import-map/lock/permissions","unproven/non-fit; process can persist, but each Deno.bundle call still creates a thread and esbuild child","unproven/non-fit; process can persist, but each Deno.bundle call still creates a thread and esbuild child","unproven/non-fit; bytes cross with copies; direct-write mode mutates provider filesystem","effect-build-owned design over experimental Deno APIs; no upstream machine protocol; compatibility: exact protocol/runtime/capability handshake","not evaluated after semantic gate; effect-build-owned framed pipe/socket protocol","not evaluated after semantic gate; Deno binary plus server source","bounded negative backed by Deno bundle/mod.rs:1066-1167 and compile.rs:42-67 @ f39575e","none until semantic gate passes","invalid/non-fit; adds protocol/process while preserving only a narrow experimental gain","reject for operation","Reopen only if upstream or a bounded probe supplies a supported faithful runtime-hosted-sidecar surface for bundle/compile watch and private rebuild context."
"deno","DENO-WATCH","C","persistent provider sessions","persistent-session","single representative family for this candidate","GATE-FAIL: a daemon cannot truthfully claim incremental state for the public API","not-applicable-after-semantic-gate","not-applicable-after-semantic-gate; not available as a supported provider surface","not-applicable-after-semantic-gate; no supported faithful request/result boundary","not-applicable-after-semantic-gate; would require effect-build to own an unsupported engine/ABI or substitute semantics","unproven/non-fit; unproven","unproven/non-fit; unproven","unproven/non-fit; unproven","Deno.bundle exposes no reusable handle and recreates its inner service; CLI watch's context is private; compatibility: unsupported coupling","not evaluated after semantic gate; none","not evaluated after semantic gate; would require new native/source distribution","bounded negative backed by Deno bundle/mod.rs:1066-1167 and compile.rs:42-67 @ f39575e","none until semantic gate passes","invalid/non-fit; session IDs/backpressure/crash/idle state without reusable provider state","reject for operation","Reopen only if upstream or a bounded probe supplies a supported faithful persistent-session surface for bundle/compile watch and private rebuild context."
"deno","DENO-WATCH","D","embedded/native/WASM engines","official-language-library","single representative family for this candidate","GATE-FAIL: the inventoried DENO-TRANSPILE operation retains Deno project authority; deno_ast does not","not-applicable-after-semantic-gate","not-applicable-after-semantic-gate; caller Rust process","not-applicable-after-semantic-gate; pure per-file parse/transpile only; no project graph/config/import map/permissions/check/declarations","not-applicable-after-semantic-gate; Rust dependency selects parser/transpiler; caller must supply options","unproven/non-fit; one-shot Rust values","unproven/non-fit; one-shot Rust values","unproven/non-fit; in-memory transformed source","Deno-owned deno_ast 0.53.3, MIT, explicit non-SemVer support posture; compatibility: exact crate coupling","not evaluated after semantic gate; direct Rust calls","not evaluated after semantic gate; Rust toolchain and native dependencies","bounded negative backed by Deno bundle/mod.rs:1066-1167 and compile.rs:42-67 @ f39575e","none until semantic gate passes","invalid/non-fit; new Rust bridge/toolchain for a deliberately narrower product","reject for operation","Reopen only if upstream or a bounded probe supplies a supported faithful official-language-library surface for bundle/compile watch and private rebuild context."
"deno","DENO-WATCH","E","inverted/declarative integration","inverted-plugin","single representative family for this candidate","GATE-FAIL: does not expose Deno's own bundler or preserve its project semantics","not-applicable-after-semantic-gate","not-applicable-after-semantic-gate; not available as a supported provider surface","not-applicable-after-semantic-gate; no supported faithful request/result boundary","not-applicable-after-semantic-gate; would require effect-build to own an unsupported engine/ABI or substitute semantics","unproven/non-fit; unproven","unproven/non-fit; unproven","unproven/non-fit; unproven","deno_bundle_runtime exposes a BundleProvider hook, but the embedder must supply a different engine; Deno's CliBundleProvider is private; compatibility: unsupported coupling","not evaluated after semantic gate; none","not evaluated after semantic gate; would require new native/source distribution","bounded negative backed by Deno bundle/mod.rs:1066-1167 and compile.rs:42-67 @ f39575e","none until semantic gate passes","invalid/non-fit; would substitute an engine and duplicate Deno resolution/config logic","reject for operation","Reopen only if upstream or a bounded probe supplies a supported faithful inverted-plugin surface for bundle/compile watch and private rebuild context."
"deno","DENO-WATCH","F","operation-specific portfolio","selected-command","single selected route","faithful in declared domain: only truthful current compile/check/declaration/watch mechanism; operation status: command process only; not frozen","explicit/PATH selected Deno owns config/import-map/lock/permissions/env/targets and acquisition","selected local Deno child; bundle may spawn esbuild; compile may acquire denort; distribution: Deno plus denort/esbuild acquisition/caches according to operation","highest native project authority; terminal diagnostics not stable typed events; one-shot or raw watch process; Effect owns child scope only","explicit/PATH selected Deno owns config/import-map/lock/permissions/env/targets and acquisition","one-shot or raw watch process; Effect owns child scope only","one-shot or raw watch process; Effect owns child scope only; state cost: reuses process/file capabilities; cache/network mutation remains provider-owned","stdout/direct files; effect-build compile adds private staging and atomic publication","documented public Deno 2.9.3 CLI; bundle/transpile and compile --bundle are experimental where marked, MIT; compatibility: probe exact path/version/capability; selected Deno and denort must align; support verdict: viable now","argv, terminal streams, filesystem/network/cache; reuses process/file capabilities; cache/network mutation remains provider-owned","Deno plus denort/esbuild acquisition/caches according to operation","probe exact path/version/capability; selected Deno and denort must align; evidence: Deno bundle/mod.rs:1066-1167 and compile.rs:42-67 @ f39575e","Reuse Effect Scope for owned handles/children, ChildProcess for selected processes, FileSystem/Path for explicit mutation, Stream only for a real typed event source, Layer for selection and dependency provision, and preserve Cause interruption.","reuses process/file capabilities; cache/network mutation remains provider-owned","selected-command raw session; typed session is upstream-dependent","Reject this portfolio if any selected route cannot preserve bundle/compile watch and private rebuild context under its authority/lifetime record, or if one supported route preserves all required semantics with fewer total states."
"esbuild","ESB-TRANSFORM","A","current operation-specific hybrid","direct-host-api","single representative family for this candidate","faithful in declared domain: best TypeScript boundary for structured/plugin/context operations; operation status: upstream operation; not frozen","the installed package normally resolves its matching optional platform binary, but ambient ESBUILD_BINARY_PATH can override that path; cwd/env are inherited","Node host plus one package-module-global native esbuild child per resolved module instance; sync calls use a worker-owned child; distribution: npm package plus platform binary or explicit ambient override; offline only when the selected bytes already exist","full structured results/options/virtual inputs and host plugin closures through reverse callbacks; one-shot operations through one module instance share its service; contexts expose rebuild/watch/serve/cancel/dispose; that module instance's global stop affects its consumers","the installed package normally resolves its matching optional platform binary, but ambient ESBUILD_BINARY_PATH can override that path; cwd/env are inherited","one-shot operations through one module instance share its service; contexts expose rebuild/watch/serve/cancel/dispose; that module instance's global stop affects its consumers","one-shot operations through one module instance share its service; contexts expose rebuild/watch/serve/cancel/dispose; that module instance's global stop affects its consumers; state cost: low adapter cost but ambient override authority, package-module-global crash/stop, and one-shot cancellation need explicit treatment","in-memory bytes or provider-direct files; required operation ownership: caller-owned code/map/warnings result","documented public esbuild 0.28.2 JS API, MIT; service protocol is undocumented internal; compatibility: private first-packet exact-version check rejects version skew but does not content-bind an override; public compatibility is package API only; support verdict: viable now","private framed bidirectional stdio hidden behind supported JS API; low adapter cost but ambient override authority, package-module-global crash/stop, and one-shot cancellation need explicit treatment","npm package plus platform binary or explicit ambient override; offline only when the selected bytes already exist","private first-packet exact-version check rejects version skew but does not content-bind an override; public compatibility is package API only; evidence: esbuild pkg/api/api.go:474-488 and lib/npm/node.ts @ 609683d","Reuse Effect Scope for owned handles/children, ChildProcess for selected processes, FileSystem/Path for explicit mutation, Stream only for a real typed event source, Layer for selection and dependency provision, and preserve Cause interruption.","low adapter cost but ambient override authority, package-module-global crash/stop, and one-shot cancellation need explicit treatment","viable now","Reject if the mechanism cannot preserve transform source under the authority/lifetime stated in MECHANISM-COVERAGE.csv."
"esbuild","ESB-TRANSFORM","B","provider-host sidecars","runtime-hosted-sidecar","single representative family for this candidate","faithful in declared domain: can give host independence/fault ownership for pure serializable operations; operation status: upstream operation; not frozen","effect-build selects/distributes sidecar engine image and protocol","owned Go or Node sidecar invoking public API; distribution: new binaries/server per platform","serializable options/results; JS plugins need reverse callback RPC or provider-side module loading; one-shot or process session; context IDs require crash/stale-handle laws","effect-build selects/distributes sidecar engine image and protocol","one-shot or process session; context IDs require crash/stale-handle laws","one-shot or process session; context IDs require crash/stale-handle laws; state cost: protocol/platform packaging/callback/backpressure/session states added","bytes copied over transport or files in sidecar namespace; required operation ownership: caller-owned code/map/warnings result","hypothetical/bounded adapter; not upstream; compatibility: owned schema/handshake plus esbuild version; support verdict: viable with bounded adapter for pure calls but no current simplification","effect-build protocol, possibly bidirectional; protocol/platform packaging/callback/backpressure/session states added","new binaries/server per platform","owned schema/handshake plus esbuild version; evidence: esbuild pkg/api/api.go:474-488 and lib/npm/node.ts @ 609683d","Reuse Effect Scope for owned handles/children, ChildProcess for selected processes, FileSystem/Path for explicit mutation, Stream only for a real typed event source, Layer for selection and dependency provision, and preserve Cause interruption.","protocol/platform packaging/callback/backpressure/session states added","viable with bounded adapter for pure calls but no current simplification","Reject if the mechanism cannot preserve transform source under the authority/lifetime stated in MECHANISM-COVERAGE.csv."
"esbuild","ESB-TRANSFORM","C","persistent provider sessions","persistent-session","single representative family for this candidate","GATE-FAIL: one-shot build calls do not expose a caller-owned session; do not wrap them in a new daemon or use global stop as a per-scope finalizer","not-applicable-after-semantic-gate","not-applicable-after-semantic-gate; shared native child for JS API; Go context for Go API","not-applicable-after-semantic-gate; full semantics through public API; do not expose private handle IDs","not-applicable-after-semantic-gate; package-selected service; context owns build key while service is global","unproven/non-fit; cancel/dispose are per context; stop/crash is global and invalidates every context","unproven/non-fit; cancel/dispose are per context; stop/crash is global and invalidates every context","unproven/non-fit; structured/direct according to request; required operation ownership: caller-owned code/map/warnings result","public contexts are supported; native service protocol is not; compatibility: exact internal handshake owned by upstream package","not evaluated after semantic gate; private service protocol behind public API","not evaluated after semantic gate; normal esbuild package","bounded negative backed by esbuild pkg/api/api.go:474-488 and lib/npm/node.ts @ 609683d","none until semantic gate passes","invalid/non-fit; reuses upstream session; effect-build only adds Scope law","reject for operation","Reopen only if upstream or a bounded probe supplies a supported faithful persistent-session surface for transform source."
"esbuild","ESB-TRANSFORM","D","embedded/native/WASM engines","official-language-library","single representative family for this candidate","faithful in declared domain: exact provider semantics for pure serializable calls/direct writes in a Go consumer; operation status: upstream operation; not frozen","Go module selects exact engine; caller owns options/filesystem/network","compiler linked directly in caller Go process; distribution: requires Go application/toolchain build per target; no child binary at runtime","Go-native options/results/plugins/contexts; serializable pure/direct-write operations retain provider semantics, while JS closures and JS context identity do not; Go contexts expose rebuild/watch/serve/cancel/dispose but are not JS context handles","Go module selects exact engine; caller owns options/filesystem/network","Go contexts expose rebuild/watch/serve/cancel/dispose but are not JS context handles","Go contexts expose rebuild/watch/serve/cancel/dispose but are not JS context handles; state cost: low in Go; high if effect-build owns cross-language bridge","Go byte slices or provider-direct files; required operation ownership: caller-owned code/map/warnings result","documented public official Go API at 0.28.2, MIT; compatibility: Go module SemVer/API; support verdict: viable now in Go; bounded adapter only for TypeScript","direct Go calls/callbacks; low in Go; high if effect-build owns cross-language bridge","requires Go application/toolchain build per target; no child binary at runtime","Go module SemVer/API; evidence: esbuild pkg/api/api.go:474-488 and lib/npm/node.ts @ 609683d","Reuse Effect Scope for owned handles/children, ChildProcess for selected processes, FileSystem/Path for explicit mutation, Stream only for a real typed event source, Layer for selection and dependency provision, and preserve Cause interruption.","low in Go; high if effect-build owns cross-language bridge","viable now in Go; bounded adapter only for TypeScript","Reject if the mechanism cannot preserve transform source under the authority/lifetime stated in MECHANISM-COVERAGE.csv."
"esbuild","ESB-TRANSFORM","E","inverted/declarative integration","inverted-plugin","single representative family for this candidate","GATE-FAIL: a callback is an adjunct to builds and contexts, not the caller surface for build, rebuild, cancel, dispose, watch, or serve","not-applicable-after-semantic-gate","not-applicable-after-semantic-gate; native engine reverse-calls host callback","not-applicable-after-semantic-gate; faithfully preserves closures, virtual modules, diagnostics and reentrancy in supported host","not-applicable-after-semantic-gate; engine owns schedule; host owns plugin code/state","unproven/non-fit; callbacks/build keys tied to build/context; cancellation waits on running host callbacks","unproven/non-fit; callbacks/build keys tied to build/context; cancellation waits on running host callbacks","unproven/non-fit; plugins can alter graph/results/direct writes; required operation ownership: caller-owned code/map/warnings result","documented public plugin API; compatibility: public plugin API and host runtime","not evaluated after semantic gate; upstream bidirectional service callbacks or direct Go calls","not evaluated after semantic gate; plugin code installed with host","bounded negative backed by esbuild pkg/api/api.go:474-488 and lib/npm/node.ts @ 609683d","none until semantic gate passes","invalid/non-fit; upstream already owns callback protocol; effect-build should not recreate it","reject for operation","Reopen only if upstream or a bounded probe supplies a supported faithful inverted-plugin surface for transform source."
"esbuild","ESB-TRANSFORM","F","operation-specific portfolio","direct-host-api","single selected route","faithful in declared domain: best TypeScript boundary for structured/plugin/context operations; operation status: upstream operation; not frozen","the installed package normally resolves its matching optional platform binary, but ambient ESBUILD_BINARY_PATH can override that path; cwd/env are inherited","Node host plus one package-module-global native esbuild child per resolved module instance; sync calls use a worker-owned child; distribution: npm package plus platform binary or explicit ambient override; offline only when the selected bytes already exist","full structured results/options/virtual inputs and host plugin closures through reverse callbacks; one-shot operations through one module instance share its service; contexts expose rebuild/watch/serve/cancel/dispose; that module instance's global stop affects its consumers","the installed package normally resolves its matching optional platform binary, but ambient ESBUILD_BINARY_PATH can override that path; cwd/env are inherited","one-shot operations through one module instance share its service; contexts expose rebuild/watch/serve/cancel/dispose; that module instance's global stop affects its consumers","one-shot operations through one module instance share its service; contexts expose rebuild/watch/serve/cancel/dispose; that module instance's global stop affects its consumers; state cost: low adapter cost but ambient override authority, package-module-global crash/stop, and one-shot cancellation need explicit treatment","in-memory bytes or provider-direct files; required operation ownership: caller-owned code/map/warnings result","documented public esbuild 0.28.2 JS API, MIT; service protocol is undocumented internal; compatibility: private first-packet exact-version check rejects version skew but does not content-bind an override; public compatibility is package API only; support verdict: viable now","private framed bidirectional stdio hidden behind supported JS API; low adapter cost but ambient override authority, package-module-global crash/stop, and one-shot cancellation need explicit treatment","npm package plus platform binary or explicit ambient override; offline only when the selected bytes already exist","private first-packet exact-version check rejects version skew but does not content-bind an override; public compatibility is package API only; evidence: esbuild pkg/api/api.go:474-488 and lib/npm/node.ts @ 609683d","Reuse Effect Scope for owned handles/children, ChildProcess for selected processes, FileSystem/Path for explicit mutation, Stream only for a real typed event source, Layer for selection and dependency provision, and preserve Cause interruption.","low adapter cost but ambient override authority, package-module-global crash/stop, and one-shot cancellation need explicit treatment","official JavaScript API; Go API only for a Go consumer","Reject this portfolio if any selected route cannot preserve transform source under its authority/lifetime record, or if one supported route preserves all required semantics with fewer total states."
"esbuild","ESB-FORMAT-MESSAGES","A","current operation-specific hybrid","direct-host-api","single representative family for this candidate","faithful in declared domain: best TypeScript boundary for structured/plugin/context operations; operation status: upstream operation; not frozen","the installed package normally resolves its matching optional platform binary, but ambient ESBUILD_BINARY_PATH can override that path; cwd/env are inherited","Node host plus one package-module-global native esbuild child per resolved module instance; sync calls use a worker-owned child; distribution: npm package plus platform binary or explicit ambient override; offline only when the selected bytes already exist","full structured results/options/virtual inputs and host plugin closures through reverse callbacks; one-shot operations through one module instance share its service; contexts expose rebuild/watch/serve/cancel/dispose; that module instance's global stop affects its consumers","the installed package normally resolves its matching optional platform binary, but ambient ESBUILD_BINARY_PATH can override that path; cwd/env are inherited","one-shot operations through one module instance share its service; contexts expose rebuild/watch/serve/cancel/dispose; that module instance's global stop affects its consumers","one-shot operations through one module instance share its service; contexts expose rebuild/watch/serve/cancel/dispose; that module instance's global stop affects its consumers; state cost: low adapter cost but ambient override authority, package-module-global crash/stop, and one-shot cancellation need explicit treatment","in-memory bytes or provider-direct files; required operation ownership: caller-owned formatted string array","documented public esbuild 0.28.2 JS API, MIT; service protocol is undocumented internal; compatibility: private first-packet exact-version check rejects version skew but does not content-bind an override; public compatibility is package API only; support verdict: viable now","private framed bidirectional stdio hidden behind supported JS API; low adapter cost but ambient override authority, package-module-global crash/stop, and one-shot cancellation need explicit treatment","npm package plus platform binary or explicit ambient override; offline only when the selected bytes already exist","private first-packet exact-version check rejects version skew but does not content-bind an override; public compatibility is package API only; evidence: esbuild pkg/api/api.go:715-729 and service.go @ 609683d","Reuse Effect Scope for owned handles/children, ChildProcess for selected processes, FileSystem/Path for explicit mutation, Stream only for a real typed event source, Layer for selection and dependency provision, and preserve Cause interruption.","low adapter cost but ambient override authority, package-module-global crash/stop, and one-shot cancellation need explicit treatment","viable now","Reject if the mechanism cannot preserve format structured messages under the authority/lifetime stated in MECHANISM-COVERAGE.csv."
"esbuild","ESB-FORMAT-MESSAGES","B","provider-host sidecars","runtime-hosted-sidecar","single representative family for this candidate","faithful in declared domain: can give host independence/fault ownership for pure serializable operations; operation status: upstream operation; not frozen","effect-build selects/distributes sidecar engine image and protocol","owned Go or Node sidecar invoking public API; distribution: new binaries/server per platform","serializable options/results; JS plugins need reverse callback RPC or provider-side module loading; one-shot or process session; context IDs require crash/stale-handle laws","effect-build selects/distributes sidecar engine image and protocol","one-shot or process session; context IDs require crash/stale-handle laws","one-shot or process session; context IDs require crash/stale-handle laws; state cost: protocol/platform packaging/callback/backpressure/session states added","bytes copied over transport or files in sidecar namespace; required operation ownership: caller-owned formatted string array","hypothetical/bounded adapter; not upstream; compatibility: owned schema/handshake plus esbuild version; support verdict: viable with bounded adapter for pure calls but no current simplification","effect-build protocol, possibly bidirectional; protocol/platform packaging/callback/backpressure/session states added","new binaries/server per platform","owned schema/handshake plus esbuild version; evidence: esbuild pkg/api/api.go:715-729 and service.go @ 609683d","Reuse Effect Scope for owned handles/children, ChildProcess for selected processes, FileSystem/Path for explicit mutation, Stream only for a real typed event source, Layer for selection and dependency provision, and preserve Cause interruption.","protocol/platform packaging/callback/backpressure/session states added","viable with bounded adapter for pure calls but no current simplification","Reject if the mechanism cannot preserve format structured messages under the authority/lifetime stated in MECHANISM-COVERAGE.csv."
"esbuild","ESB-FORMAT-MESSAGES","C","persistent provider sessions","persistent-session","single representative family for this candidate","GATE-FAIL: one-shot build calls do not expose a caller-owned session; do not wrap them in a new daemon or use global stop as a per-scope finalizer","not-applicable-after-semantic-gate","not-applicable-after-semantic-gate; shared native child for JS API; Go context for Go API","not-applicable-after-semantic-gate; full semantics through public API; do not expose private handle IDs","not-applicable-after-semantic-gate; package-selected service; context owns build key while service is global","unproven/non-fit; cancel/dispose are per context; stop/crash is global and invalidates every context","unproven/non-fit; cancel/dispose are per context; stop/crash is global and invalidates every context","unproven/non-fit; structured/direct according to request; required operation ownership: caller-owned formatted string array","public contexts are supported; native service protocol is not; compatibility: exact internal handshake owned by upstream package","not evaluated after semantic gate; private service protocol behind public API","not evaluated after semantic gate; normal esbuild package","bounded negative backed by esbuild pkg/api/api.go:715-729 and service.go @ 609683d","none until semantic gate passes","invalid/non-fit; reuses upstream session; effect-build only adds Scope law","reject for operation","Reopen only if upstream or a bounded probe supplies a supported faithful persistent-session surface for format structured messages."
"esbuild","ESB-FORMAT-MESSAGES","D","embedded/native/WASM engines","official-language-library","single representative family for this candidate","faithful in declared domain: exact provider semantics for pure serializable calls/direct writes in a Go consumer; operation status: upstream operation; not frozen","Go module selects exact engine; caller owns options/filesystem/network","compiler linked directly in caller Go process; distribution: requires Go application/toolchain build per target; no child binary at runtime","Go-native options/results/plugins/contexts; serializable pure/direct-write operations retain provider semantics, while JS closures and JS context identity do not; Go contexts expose rebuild/watch/serve/cancel/dispose but are not JS context handles","Go module selects exact engine; caller owns options/filesystem/network","Go contexts expose rebuild/watch/serve/cancel/dispose but are not JS context handles","Go contexts expose rebuild/watch/serve/cancel/dispose but are not JS context handles; state cost: low in Go; high if effect-build owns cross-language bridge","Go byte slices or provider-direct files; required operation ownership: caller-owned formatted string array","documented public official Go API at 0.28.2, MIT; compatibility: Go module SemVer/API; support verdict: viable now in Go; bounded adapter only for TypeScript","direct Go calls/callbacks; low in Go; high if effect-build owns cross-language bridge","requires Go application/toolchain build per target; no child binary at runtime","Go module SemVer/API; evidence: esbuild pkg/api/api.go:715-729 and service.go @ 609683d","Reuse Effect Scope for owned handles/children, ChildProcess for selected processes, FileSystem/Path for explicit mutation, Stream only for a real typed event source, Layer for selection and dependency provision, and preserve Cause interruption.","low in Go; high if effect-build owns cross-language bridge","viable now in Go; bounded adapter only for TypeScript","Reject if the mechanism cannot preserve format structured messages under the authority/lifetime stated in MECHANISM-COVERAGE.csv."
"esbuild","ESB-FORMAT-MESSAGES","E","inverted/declarative integration","inverted-plugin","single representative family for this candidate","GATE-FAIL: a callback is an adjunct to builds and contexts, not the caller surface for build, rebuild, cancel, dispose, watch, or serve","not-applicable-after-semantic-gate","not-applicable-after-semantic-gate; native engine reverse-calls host callback","not-applicable-after-semantic-gate; faithfully preserves closures, virtual modules, diagnostics and reentrancy in supported host","not-applicable-after-semantic-gate; engine owns schedule; host owns plugin code/state","unproven/non-fit; callbacks/build keys tied to build/context; cancellation waits on running host callbacks","unproven/non-fit; callbacks/build keys tied to build/context; cancellation waits on running host callbacks","unproven/non-fit; plugins can alter graph/results/direct writes; required operation ownership: caller-owned formatted string array","documented public plugin API; compatibility: public plugin API and host runtime","not evaluated after semantic gate; upstream bidirectional service callbacks or direct Go calls","not evaluated after semantic gate; plugin code installed with host","bounded negative backed by esbuild pkg/api/api.go:715-729 and service.go @ 609683d","none until semantic gate passes","invalid/non-fit; upstream already owns callback protocol; effect-build should not recreate it","reject for operation","Reopen only if upstream or a bounded probe supplies a supported faithful inverted-plugin surface for format structured messages."
"esbuild","ESB-FORMAT-MESSAGES","F","operation-specific portfolio","direct-host-api","single selected route","faithful in declared domain: best TypeScript boundary for structured/plugin/context operations; operation status: upstream operation; not frozen","the installed package normally resolves its matching optional platform binary, but ambient ESBUILD_BINARY_PATH can override that path; cwd/env are inherited","Node host plus one package-module-global native esbuild child per resolved module instance; sync calls use a worker-owned child; distribution: npm package plus platform binary or explicit ambient override; offline only when the selected bytes already exist","full structured results/options/virtual inputs and host plugin closures through reverse callbacks; one-shot operations through one module instance share its service; contexts expose rebuild/watch/serve/cancel/dispose; that module instance's global stop affects its consumers","the installed package normally resolves its matching optional platform binary, but ambient ESBUILD_BINARY_PATH can override that path; cwd/env are inherited","one-shot operations through one module instance share its service; contexts expose rebuild/watch/serve/cancel/dispose; that module instance's global stop affects its consumers","one-shot operations through one module instance share its service; contexts expose rebuild/watch/serve/cancel/dispose; that module instance's global stop affects its consumers; state cost: low adapter cost but ambient override authority, package-module-global crash/stop, and one-shot cancellation need explicit treatment","in-memory bytes or provider-direct files; required operation ownership: caller-owned formatted string array","documented public esbuild 0.28.2 JS API, MIT; service protocol is undocumented internal; compatibility: private first-packet exact-version check rejects version skew but does not content-bind an override; public compatibility is package API only; support verdict: viable now","private framed bidirectional stdio hidden behind supported JS API; low adapter cost but ambient override authority, package-module-global crash/stop, and one-shot cancellation need explicit treatment","npm package plus platform binary or explicit ambient override; offline only when the selected bytes already exist","private first-packet exact-version check rejects version skew but does not content-bind an override; public compatibility is package API only; evidence: esbuild pkg/api/api.go:715-729 and service.go @ 609683d","Reuse Effect Scope for owned handles/children, ChildProcess for selected processes, FileSystem/Path for explicit mutation, Stream only for a real typed event source, Layer for selection and dependency provision, and preserve Cause interruption.","low adapter cost but ambient override authority, package-module-global crash/stop, and one-shot cancellation need explicit treatment","official JavaScript API; pure structured result","Reject this portfolio if any selected route cannot preserve format structured messages under its authority/lifetime record, or if one supported route preserves all required semantics with fewer total states."
"esbuild","ESB-ANALYZE-METAFILE","A","current operation-specific hybrid","direct-host-api","single representative family for this candidate","faithful in declared domain: best TypeScript boundary for structured/plugin/context operations; operation status: upstream operation; not frozen","the installed package normally resolves its matching optional platform binary, but ambient ESBUILD_BINARY_PATH can override that path; cwd/env are inherited","Node host plus one package-module-global native esbuild child per resolved module instance; sync calls use a worker-owned child; distribution: npm package plus platform binary or explicit ambient override; offline only when the selected bytes already exist","full structured results/options/virtual inputs and host plugin closures through reverse callbacks; one-shot operations through one module instance share its service; contexts expose rebuild/watch/serve/cancel/dispose; that module instance's global stop affects its consumers","the installed package normally resolves its matching optional platform binary, but ambient ESBUILD_BINARY_PATH can override that path; cwd/env are inherited","one-shot operations through one module instance share its service; contexts expose rebuild/watch/serve/cancel/dispose; that module instance's global stop affects its consumers","one-shot operations through one module instance share its service; contexts expose rebuild/watch/serve/cancel/dispose; that module instance's global stop affects its consumers; state cost: low adapter cost but ambient override authority, package-module-global crash/stop, and one-shot cancellation need explicit treatment","in-memory bytes or provider-direct files; required operation ownership: caller-owned analysis string","documented public esbuild 0.28.2 JS API, MIT; service protocol is undocumented internal; compatibility: private first-packet exact-version check rejects version skew but does not content-bind an override; public compatibility is package API only; support verdict: viable now","private framed bidirectional stdio hidden behind supported JS API; low adapter cost but ambient override authority, package-module-global crash/stop, and one-shot cancellation need explicit treatment","npm package plus platform binary or explicit ambient override; offline only when the selected bytes already exist","private first-packet exact-version check rejects version skew but does not content-bind an override; public compatibility is package API only; evidence: esbuild pkg/api/api.go:731-746 and service.go @ 609683d","Reuse Effect Scope for owned handles/children, ChildProcess for selected processes, FileSystem/Path for explicit mutation, Stream only for a real typed event source, Layer for selection and dependency provision, and preserve Cause interruption.","low adapter cost but ambient override authority, package-module-global crash/stop, and one-shot cancellation need explicit treatment","viable now","Reject if the mechanism cannot preserve analyze a metafile under the authority/lifetime stated in MECHANISM-COVERAGE.csv."
"esbuild","ESB-ANALYZE-METAFILE","B","provider-host sidecars","runtime-hosted-sidecar","single representative family for this candidate","faithful in declared domain: can give host independence/fault ownership for pure serializable operations; operation status: upstream operation; not frozen","effect-build selects/distributes sidecar engine image and protocol","owned Go or Node sidecar invoking public API; distribution: new binaries/server per platform","serializable options/results; JS plugins need reverse callback RPC or provider-side module loading; one-shot or process session; context IDs require crash/stale-handle laws","effect-build selects/distributes sidecar engine image and protocol","one-shot or process session; context IDs require crash/stale-handle laws","one-shot or process session; context IDs require crash/stale-handle laws; state cost: protocol/platform packaging/callback/backpressure/session states added","bytes copied over transport or files in sidecar namespace; required operation ownership: caller-owned analysis string","hypothetical/bounded adapter; not upstream; compatibility: owned schema/handshake plus esbuild version; support verdict: viable with bounded adapter for pure calls but no current simplification","effect-build protocol, possibly bidirectional; protocol/platform packaging/callback/backpressure/session states added","new binaries/server per platform","owned schema/handshake plus esbuild version; evidence: esbuild pkg/api/api.go:731-746 and service.go @ 609683d","Reuse Effect Scope for owned handles/children, ChildProcess for selected processes, FileSystem/Path for explicit mutation, Stream only for a real typed event source, Layer for selection and dependency provision, and preserve Cause interruption.","protocol/platform packaging/callback/backpressure/session states added","viable with bounded adapter for pure calls but no current simplification","Reject if the mechanism cannot preserve analyze a metafile under the authority/lifetime stated in MECHANISM-COVERAGE.csv."
"esbuild","ESB-ANALYZE-METAFILE","C","persistent provider sessions","persistent-session","single representative family for this candidate","GATE-FAIL: one-shot build calls do not expose a caller-owned session; do not wrap them in a new daemon or use global stop as a per-scope finalizer","not-applicable-after-semantic-gate","not-applicable-after-semantic-gate; shared native child for JS API; Go context for Go API","not-applicable-after-semantic-gate; full semantics through public API; do not expose private handle IDs","not-applicable-after-semantic-gate; package-selected service; context owns build key while service is global","unproven/non-fit; cancel/dispose are per context; stop/crash is global and invalidates every context","unproven/non-fit; cancel/dispose are per context; stop/crash is global and invalidates every context","unproven/non-fit; structured/direct according to request; required operation ownership: caller-owned analysis string","public contexts are supported; native service protocol is not; compatibility: exact internal handshake owned by upstream package","not evaluated after semantic gate; private service protocol behind public API","not evaluated after semantic gate; normal esbuild package","bounded negative backed by esbuild pkg/api/api.go:731-746 and service.go @ 609683d","none until semantic gate passes","invalid/non-fit; reuses upstream session; effect-build only adds Scope law","reject for operation","Reopen only if upstream or a bounded probe supplies a supported faithful persistent-session surface for analyze a metafile."
"esbuild","ESB-ANALYZE-METAFILE","D","embedded/native/WASM engines","official-language-library","single representative family for this candidate","faithful in declared domain: exact provider semantics for pure serializable calls/direct writes in a Go consumer; operation status: upstream operation; not frozen","Go module selects exact engine; caller owns options/filesystem/network","compiler linked directly in caller Go process; distribution: requires Go application/toolchain build per target; no child binary at runtime","Go-native options/results/plugins/contexts; serializable pure/direct-write operations retain provider semantics, while JS closures and JS context identity do not; Go contexts expose rebuild/watch/serve/cancel/dispose but are not JS context handles","Go module selects exact engine; caller owns options/filesystem/network","Go contexts expose rebuild/watch/serve/cancel/dispose but are not JS context handles","Go contexts expose rebuild/watch/serve/cancel/dispose but are not JS context handles; state cost: low in Go; high if effect-build owns cross-language bridge","Go byte slices or provider-direct files; required operation ownership: caller-owned analysis string","documented public official Go API at 0.28.2, MIT; compatibility: Go module SemVer/API; support verdict: viable now in Go; bounded adapter only for TypeScript","direct Go calls/callbacks; low in Go; high if effect-build owns cross-language bridge","requires Go application/toolchain build per target; no child binary at runtime","Go module SemVer/API; evidence: esbuild pkg/api/api.go:731-746 and service.go @ 609683d","Reuse Effect Scope for owned handles/children, ChildProcess for selected processes, FileSystem/Path for explicit mutation, Stream only for a real typed event source, Layer for selection and dependency provision, and preserve Cause interruption.","low in Go; high if effect-build owns cross-language bridge","viable now in Go; bounded adapter only for TypeScript","Reject if the mechanism cannot preserve analyze a metafile under the authority/lifetime stated in MECHANISM-COVERAGE.csv."
"esbuild","ESB-ANALYZE-METAFILE","E","inverted/declarative integration","inverted-plugin","single representative family for this candidate","GATE-FAIL: a callback is an adjunct to builds and contexts, not the caller surface for build, rebuild, cancel, dispose, watch, or serve","not-applicable-after-semantic-gate","not-applicable-after-semantic-gate; native engine reverse-calls host callback","not-applicable-after-semantic-gate; faithfully preserves closures, virtual modules, diagnostics and reentrancy in supported host","not-applicable-after-semantic-gate; engine owns schedule; host owns plugin code/state","unproven/non-fit; callbacks/build keys tied to build/context; cancellation waits on running host callbacks","unproven/non-fit; callbacks/build keys tied to build/context; cancellation waits on running host callbacks","unproven/non-fit; plugins can alter graph/results/direct writes; required operation ownership: caller-owned analysis string","documented public plugin API; compatibility: public plugin API and host runtime","not evaluated after semantic gate; upstream bidirectional service callbacks or direct Go calls","not evaluated after semantic gate; plugin code installed with host","bounded negative backed by esbuild pkg/api/api.go:731-746 and service.go @ 609683d","none until semantic gate passes","invalid/non-fit; upstream already owns callback protocol; effect-build should not recreate it","reject for operation","Reopen only if upstream or a bounded probe supplies a supported faithful inverted-plugin surface for analyze a metafile."
"esbuild","ESB-ANALYZE-METAFILE","F","operation-specific portfolio","direct-host-api","single selected route","faithful in declared domain: best TypeScript boundary for structured/plugin/context operations; operation status: upstream operation; not frozen","the installed package normally resolves its matching optional platform binary, but ambient ESBUILD_BINARY_PATH can override that path; cwd/env are inherited","Node host plus one package-module-global native esbuild child per resolved module instance; sync calls use a worker-owned child; distribution: npm package plus platform binary or explicit ambient override; offline only when the selected bytes already exist","full structured results/options/virtual inputs and host plugin closures through reverse callbacks; one-shot operations through one module instance share its service; contexts expose rebuild/watch/serve/cancel/dispose; that module instance's global stop affects its consumers","the installed package normally resolves its matching optional platform binary, but ambient ESBUILD_BINARY_PATH can override that path; cwd/env are inherited","one-shot operations through one module instance share its service; contexts expose rebuild/watch/serve/cancel/dispose; that module instance's global stop affects its consumers","one-shot operations through one module instance share its service; contexts expose rebuild/watch/serve/cancel/dispose; that module instance's global stop affects its consumers; state cost: low adapter cost but ambient override authority, package-module-global crash/stop, and one-shot cancellation need explicit treatment","in-memory bytes or provider-direct files; required operation ownership: caller-owned analysis string","documented public esbuild 0.28.2 JS API, MIT; service protocol is undocumented internal; compatibility: private first-packet exact-version check rejects version skew but does not content-bind an override; public compatibility is package API only; support verdict: viable now","private framed bidirectional stdio hidden behind supported JS API; low adapter cost but ambient override authority, package-module-global crash/stop, and one-shot cancellation need explicit treatment","npm package plus platform binary or explicit ambient override; offline only when the selected bytes already exist","private first-packet exact-version check rejects version skew but does not content-bind an override; public compatibility is package API only; evidence: esbuild pkg/api/api.go:731-746 and service.go @ 609683d","Reuse Effect Scope for owned handles/children, ChildProcess for selected processes, FileSystem/Path for explicit mutation, Stream only for a real typed event source, Layer for selection and dependency provision, and preserve Cause interruption.","low adapter cost but ambient override authority, package-module-global crash/stop, and one-shot cancellation need explicit treatment","official JavaScript API; pure structured result","Reject this portfolio if any selected route cannot preserve analyze a metafile under its authority/lifetime record, or if one supported route preserves all required semantics with fewer total states."
"esbuild","ESB-BUILD-MEMORY","A","current operation-specific hybrid","direct-host-api","single representative family for this candidate","faithful in declared domain: best TypeScript boundary for structured/plugin/context operations; operation status: CAN-ESB-001 frozen for 0.4","the installed package normally resolves its matching optional platform binary, but ambient ESBUILD_BINARY_PATH can override that path; cwd/env are inherited","Node host plus one package-module-global native esbuild child per resolved module instance; sync calls use a worker-owned child; distribution: npm package plus platform binary or explicit ambient override; offline only when the selected bytes already exist","full structured results/options/virtual inputs and host plugin closures through reverse callbacks; one-shot operations through one module instance share its service; contexts expose rebuild/watch/serve/cancel/dispose; that module instance's global stop affects its consumers","the installed package normally resolves its matching optional platform binary, but ambient ESBUILD_BINARY_PATH can override that path; cwd/env are inherited","one-shot operations through one module instance share its service; contexts expose rebuild/watch/serve/cancel/dispose; that module instance's global stop affects its consumers","one-shot operations through one module instance share its service; contexts expose rebuild/watch/serve/cancel/dispose; that module instance's global stop affects its consumers; state cost: low adapter cost but ambient override authority, package-module-global crash/stop, and one-shot cancellation need explicit treatment","in-memory bytes or provider-direct files","documented public esbuild 0.28.2 JS API, MIT; service protocol is undocumented internal; compatibility: private first-packet exact-version check rejects version skew but does not content-bind an override; public compatibility is package API only; support verdict: viable now","private framed bidirectional stdio hidden behind supported JS API; low adapter cost but ambient override authority, package-module-global crash/stop, and one-shot cancellation need explicit treatment","npm package plus platform binary or explicit ambient override; offline only when the selected bytes already exist","private first-packet exact-version check rejects version skew but does not content-bind an override; public compatibility is package API only; evidence: esbuild API docs; common.ts protocol; SURFACE.json","Reuse Effect Scope for owned handles/children, ChildProcess for selected processes, FileSystem/Path for explicit mutation, Stream only for a real typed event source, Layer for selection and dependency provision, and preserve Cause interruption.","low adapter cost but ambient override authority, package-module-global crash/stop, and one-shot cancellation need explicit treatment","viable now","Reject if the mechanism cannot preserve build with structured in-memory outputs under the authority/lifetime stated in MECHANISM-COVERAGE.csv."
"esbuild","ESB-BUILD-MEMORY","B","provider-host sidecars","runtime-hosted-sidecar","single representative family for this candidate","GATE-FAIL: cannot preserve the frozen full BuildOptions/BuildResult plugin surface without an unproven callback protocol; duplicates the official JS package service","not-applicable-after-semantic-gate","not-applicable-after-semantic-gate; owned Go or Node sidecar invoking public API","not-applicable-after-semantic-gate; serializable options/results; JS plugins need reverse callback RPC or provider-side module loading","not-applicable-after-semantic-gate; effect-build selects/distributes sidecar engine image and protocol","unproven/non-fit; one-shot or process session; context IDs require crash/stale-handle laws","unproven/non-fit; one-shot or process session; context IDs require crash/stale-handle laws","unproven/non-fit; bytes copied over transport or files in sidecar namespace","hypothetical/bounded adapter; not upstream; compatibility: owned schema/handshake plus esbuild version","not evaluated after semantic gate; effect-build protocol, possibly bidirectional","not evaluated after semantic gate; new binaries/server per platform","bounded negative backed by esbuild API docs; common.ts protocol; SURFACE.json","none until semantic gate passes","invalid/non-fit; protocol/platform packaging/callback/backpressure/session states added","reject for operation","Reopen only if upstream or a bounded probe supplies a supported faithful runtime-hosted-sidecar surface for build with structured in-memory outputs."
"esbuild","ESB-BUILD-MEMORY","C","persistent provider sessions","persistent-session","single representative family for this candidate","GATE-FAIL: one-shot build calls do not expose a caller-owned session; do not wrap them in a new daemon or use global stop as a per-scope finalizer","not-applicable-after-semantic-gate","not-applicable-after-semantic-gate; shared native child for JS API; Go context for Go API","not-applicable-after-semantic-gate; full semantics through public API; do not expose private handle IDs","not-applicable-after-semantic-gate; package-selected service; context owns build key while service is global","unproven/non-fit; cancel/dispose are per context; stop/crash is global and invalidates every context","unproven/non-fit; cancel/dispose are per context; stop/crash is global and invalidates every context","unproven/non-fit; structured/direct according to request","public contexts are supported; native service protocol is not; compatibility: exact internal handshake owned by upstream package","not evaluated after semantic gate; private service protocol behind public API","not evaluated after semantic gate; normal esbuild package","bounded negative backed by esbuild API docs; common.ts protocol; SURFACE.json","none until semantic gate passes","invalid/non-fit; reuses upstream session; effect-build only adds Scope law","reject for operation","Reopen only if upstream or a bounded probe supplies a supported faithful persistent-session surface for build with structured in-memory outputs."
"esbuild","ESB-BUILD-MEMORY","D","embedded/native/WASM engines","official-language-library","single representative family for this candidate","GATE-FAIL: does not preserve frozen JS BuildOptions/BuildResult plugin closures or JS context handles; a TypeScript caller needs a separately evaluated bridge/sidecar","not-applicable-after-semantic-gate","not-applicable-after-semantic-gate; compiler linked directly in caller Go process","not-applicable-after-semantic-gate; Go-native options/results/plugins/contexts; serializable pure/direct-write operations retain provider semantics, while JS closures and JS context identity do not","not-applicable-after-semantic-gate; Go module selects exact engine; caller owns options/filesystem/network","unproven/non-fit; Go contexts expose rebuild/watch/serve/cancel/dispose but are not JS context handles","unproven/non-fit; Go contexts expose rebuild/watch/serve/cancel/dispose but are not JS context handles","unproven/non-fit; Go byte slices or provider-direct files","documented public official Go API at 0.28.2, MIT; compatibility: Go module SemVer/API","not evaluated after semantic gate; direct Go calls/callbacks","not evaluated after semantic gate; requires Go application/toolchain build per target; no child binary at runtime","bounded negative backed by esbuild API docs; common.ts protocol; SURFACE.json","none until semantic gate passes","invalid/non-fit; low in Go; high if effect-build owns cross-language bridge","reject for operation","Reopen only if upstream or a bounded probe supplies a supported faithful official-language-library surface for build with structured in-memory outputs."
"esbuild","ESB-BUILD-MEMORY","E","inverted/declarative integration","inverted-plugin","single representative family for this candidate","GATE-FAIL: a callback is an adjunct to builds and contexts, not the caller surface for build, rebuild, cancel, dispose, watch, or serve","not-applicable-after-semantic-gate","not-applicable-after-semantic-gate; native engine reverse-calls host callback","not-applicable-after-semantic-gate; faithfully preserves closures, virtual modules, diagnostics and reentrancy in supported host","not-applicable-after-semantic-gate; engine owns schedule; host owns plugin code/state","unproven/non-fit; callbacks/build keys tied to build/context; cancellation waits on running host callbacks","unproven/non-fit; callbacks/build keys tied to build/context; cancellation waits on running host callbacks","unproven/non-fit; plugins can alter graph/results/direct writes","documented public plugin API; compatibility: public plugin API and host runtime","not evaluated after semantic gate; upstream bidirectional service callbacks or direct Go calls","not evaluated after semantic gate; plugin code installed with host","bounded negative backed by esbuild API docs; common.ts protocol; SURFACE.json","none until semantic gate passes","invalid/non-fit; upstream already owns callback protocol; effect-build should not recreate it","reject for operation","Reopen only if upstream or a bounded probe supplies a supported faithful inverted-plugin surface for build with structured in-memory outputs."
"esbuild","ESB-BUILD-MEMORY","F","operation-specific portfolio","direct-host-api","single selected route","faithful in declared domain: best TypeScript boundary for structured/plugin/context operations; operation status: CAN-ESB-001 frozen for 0.4","the installed package normally resolves its matching optional platform binary, but ambient ESBUILD_BINARY_PATH can override that path; cwd/env are inherited","Node host plus one package-module-global native esbuild child per resolved module instance; sync calls use a worker-owned child; distribution: npm package plus platform binary or explicit ambient override; offline only when the selected bytes already exist","full structured results/options/virtual inputs and host plugin closures through reverse callbacks; one-shot operations through one module instance share its service; contexts expose rebuild/watch/serve/cancel/dispose; that module instance's global stop affects its consumers","the installed package normally resolves its matching optional platform binary, but ambient ESBUILD_BINARY_PATH can override that path; cwd/env are inherited","one-shot operations through one module instance share its service; contexts expose rebuild/watch/serve/cancel/dispose; that module instance's global stop affects its consumers","one-shot operations through one module instance share its service; contexts expose rebuild/watch/serve/cancel/dispose; that module instance's global stop affects its consumers; state cost: low adapter cost but ambient override authority, package-module-global crash/stop, and one-shot cancellation need explicit treatment","in-memory bytes or provider-direct files","documented public esbuild 0.28.2 JS API, MIT; service protocol is undocumented internal; compatibility: private first-packet exact-version check rejects version skew but does not content-bind an override; public compatibility is package API only; support verdict: viable now","private framed bidirectional stdio hidden behind supported JS API; low adapter cost but ambient override authority, package-module-global crash/stop, and one-shot cancellation need explicit treatment","npm package plus platform binary or explicit ambient override; offline only when the selected bytes already exist","private first-packet exact-version check rejects version skew but does not content-bind an override; public compatibility is package API only; evidence: esbuild API docs; common.ts protocol; SURFACE.json","Reuse Effect Scope for owned handles/children, ChildProcess for selected processes, FileSystem/Path for explicit mutation, Stream only for a real typed event source, Layer for selection and dependency provision, and preserve Cause interruption.","low adapter cost but ambient override authority, package-module-global crash/stop, and one-shot cancellation need explicit treatment","official JavaScript API over package-owned native service child","Reject this portfolio if any selected route cannot preserve build with structured in-memory outputs under its authority/lifetime record, or if one supported route preserves all required semantics with fewer total states."
"esbuild","ESB-BUILD-DIRECT","A","current operation-specific hybrid","direct-host-api+selected-command","alternative API or command routes selected by caller contract","direct-host-api:faithful in declared domain: best TypeScript boundary for structured/plugin/context operations; operation status: upstream operation; explicit mutation mode | selected-command:faithful in declared domain: provider-direct build output when selected command/process semantics are the contract; operation status: upstream operation; explicit mutation mode","direct-host-api:the installed package normally resolves its matching optional platform binary, but ambient ESBUILD_BINARY_PATH can override that path; cwd/env are inherited | selected-command:caller selects exact executable/cwd/env/flags","direct-host-api:Node host plus one package-module-global native esbuild child per resolved module instance; sync calls use a worker-owned child; distribution: npm package plus platform binary or explicit ambient override; offline only when the selected bytes already exist | selected-command:selected native esbuild child; distribution: single native platform binary","direct-host-api:full structured results/options/virtual inputs and host plugin closures through reverse callbacks; one-shot operations through one module instance share its service; contexts expose rebuild/watch/serve/cancel/dispose; that module instance's global stop affects its consumers | selected-command:native CLI options/project streams; no JS/Go plugin closures or structured API handles/results; one-shot or raw process-owned watch/serve; kill is the process boundary","direct-host-api:the installed package normally resolves its matching optional platform binary, but ambient ESBUILD_BINARY_PATH can override that path; cwd/env are inherited | selected-command:caller selects exact executable/cwd/env/flags","direct-host-api:one-shot operations through one module instance share its service; contexts expose rebuild/watch/serve/cancel/dispose; that module instance's global stop affects its consumers | selected-command:one-shot or raw process-owned watch/serve; kill is the process boundary","direct-host-api:one-shot operations through one module instance share its service; contexts expose rebuild/watch/serve/cancel/dispose; that module instance's global stop affects its consumers; state cost: low adapter cost but ambient override authority, package-module-global crash/stop, and one-shot cancellation need explicit treatment | selected-command:one-shot or raw process-owned watch/serve; kill is the process boundary; state cost: simple and well isolated","direct-host-api:in-memory bytes or provider-direct files | selected-command:stdout/direct files","direct-host-api:documented public esbuild 0.28.2 JS API, MIT; service protocol is undocumented internal; compatibility: private first-packet exact-version check rejects version skew but does not content-bind an override; public compatibility is package API only; support verdict: viable now | selected-command:documented public esbuild 0.28.2 CLI, MIT; compatibility: version/capability probe; terminal prose is not typed protocol; support verdict: viable now only for the exact command/direct-output contract","direct-host-api:private framed bidirectional stdio hidden behind supported JS API; low adapter cost but ambient override authority, package-module-global crash/stop, and one-shot cancellation need explicit treatment | selected-command:argv/stdin/stdout/stderr/filesystem; simple and well isolated","direct-host-api:npm package plus platform binary or explicit ambient override; offline only when the selected bytes already exist | selected-command:single native platform binary","direct-host-api:private first-packet exact-version check rejects version skew but does not content-bind an override; public compatibility is package API only; evidence: esbuild API write option and service.go @ 609683d | selected-command:version/capability probe; terminal prose is not typed protocol; evidence: esbuild API write option and service.go @ 609683d","Reuse Effect Scope for owned handles/children, ChildProcess for selected processes, FileSystem/Path for explicit mutation, Stream only for a real typed event source, Layer for selection and dependency provision, and preserve Cause interruption.","direct-host-api:low adapter cost but ambient override authority, package-module-global crash/stop, and one-shot cancellation need explicit treatment | selected-command:simple and well isolated","direct-host-api:viable now | selected-command:viable now only for the exact command/direct-output contract","Reject if the mechanism cannot preserve provider-direct output writes under the authority/lifetime stated in MECHANISM-COVERAGE.csv."
"esbuild","ESB-BUILD-DIRECT","B","provider-host sidecars","runtime-hosted-sidecar","single representative family for this candidate","GATE-FAIL: cannot preserve the frozen full BuildOptions/BuildResult plugin surface without an unproven callback protocol; duplicates the official JS package service","not-applicable-after-semantic-gate","not-applicable-after-semantic-gate; owned Go or Node sidecar invoking public API","not-applicable-after-semantic-gate; serializable options/results; JS plugins need reverse callback RPC or provider-side module loading","not-applicable-after-semantic-gate; effect-build selects/distributes sidecar engine image and protocol","unproven/non-fit; one-shot or process session; context IDs require crash/stale-handle laws","unproven/non-fit; one-shot or process session; context IDs require crash/stale-handle laws","unproven/non-fit; bytes copied over transport or files in sidecar namespace","hypothetical/bounded adapter; not upstream; compatibility: owned schema/handshake plus esbuild version","not evaluated after semantic gate; effect-build protocol, possibly bidirectional","not evaluated after semantic gate; new binaries/server per platform","bounded negative backed by esbuild API write option and service.go @ 609683d","none until semantic gate passes","invalid/non-fit; protocol/platform packaging/callback/backpressure/session states added","reject for operation","Reopen only if upstream or a bounded probe supplies a supported faithful runtime-hosted-sidecar surface for provider-direct output writes."
"esbuild","ESB-BUILD-DIRECT","C","persistent provider sessions","persistent-session","single representative family for this candidate","GATE-FAIL: one-shot build calls do not expose a caller-owned session; do not wrap them in a new daemon or use global stop as a per-scope finalizer","not-applicable-after-semantic-gate","not-applicable-after-semantic-gate; shared native child for JS API; Go context for Go API","not-applicable-after-semantic-gate; full semantics through public API; do not expose private handle IDs","not-applicable-after-semantic-gate; package-selected service; context owns build key while service is global","unproven/non-fit; cancel/dispose are per context; stop/crash is global and invalidates every context","unproven/non-fit; cancel/dispose are per context; stop/crash is global and invalidates every context","unproven/non-fit; structured/direct according to request","public contexts are supported; native service protocol is not; compatibility: exact internal handshake owned by upstream package","not evaluated after semantic gate; private service protocol behind public API","not evaluated after semantic gate; normal esbuild package","bounded negative backed by esbuild API write option and service.go @ 609683d","none until semantic gate passes","invalid/non-fit; reuses upstream session; effect-build only adds Scope law","reject for operation","Reopen only if upstream or a bounded probe supplies a supported faithful persistent-session surface for provider-direct output writes."
"esbuild","ESB-BUILD-DIRECT","D","embedded/native/WASM engines","official-language-library","single representative family for this candidate","faithful in declared domain: exact provider semantics for pure serializable calls/direct writes in a Go consumer; operation status: upstream operation; explicit mutation mode","Go module selects exact engine; caller owns options/filesystem/network","compiler linked directly in caller Go process; distribution: requires Go application/toolchain build per target; no child binary at runtime","Go-native options/results/plugins/contexts; serializable pure/direct-write operations retain provider semantics, while JS closures and JS context identity do not; Go contexts expose rebuild/watch/serve/cancel/dispose but are not JS context handles","Go module selects exact engine; caller owns options/filesystem/network","Go contexts expose rebuild/watch/serve/cancel/dispose but are not JS context handles","Go contexts expose rebuild/watch/serve/cancel/dispose but are not JS context handles; state cost: low in Go; high if effect-build owns cross-language bridge","Go byte slices or provider-direct files","documented public official Go API at 0.28.2, MIT; compatibility: Go module SemVer/API; support verdict: viable now in Go; bounded adapter only for TypeScript","direct Go calls/callbacks; low in Go; high if effect-build owns cross-language bridge","requires Go application/toolchain build per target; no child binary at runtime","Go module SemVer/API; evidence: esbuild API write option and service.go @ 609683d","Reuse Effect Scope for owned handles/children, ChildProcess for selected processes, FileSystem/Path for explicit mutation, Stream only for a real typed event source, Layer for selection and dependency provision, and preserve Cause interruption.","low in Go; high if effect-build owns cross-language bridge","viable now in Go; bounded adapter only for TypeScript","Reject if the mechanism cannot preserve provider-direct output writes under the authority/lifetime stated in MECHANISM-COVERAGE.csv."
"esbuild","ESB-BUILD-DIRECT","E","inverted/declarative integration","inverted-plugin","single representative family for this candidate","GATE-FAIL: a callback is an adjunct to builds and contexts, not the caller surface for build, rebuild, cancel, dispose, watch, or serve","not-applicable-after-semantic-gate","not-applicable-after-semantic-gate; native engine reverse-calls host callback","not-applicable-after-semantic-gate; faithfully preserves closures, virtual modules, diagnostics and reentrancy in supported host","not-applicable-after-semantic-gate; engine owns schedule; host owns plugin code/state","unproven/non-fit; callbacks/build keys tied to build/context; cancellation waits on running host callbacks","unproven/non-fit; callbacks/build keys tied to build/context; cancellation waits on running host callbacks","unproven/non-fit; plugins can alter graph/results/direct writes","documented public plugin API; compatibility: public plugin API and host runtime","not evaluated after semantic gate; upstream bidirectional service callbacks or direct Go calls","not evaluated after semantic gate; plugin code installed with host","bounded negative backed by esbuild API write option and service.go @ 609683d","none until semantic gate passes","invalid/non-fit; upstream already owns callback protocol; effect-build should not recreate it","reject for operation","Reopen only if upstream or a bounded probe supplies a supported faithful inverted-plugin surface for provider-direct output writes."
"esbuild","ESB-BUILD-DIRECT","F","operation-specific portfolio","direct-host-api+selected-command","alternative API or command routes selected by caller contract","direct-host-api:faithful in declared domain: best TypeScript boundary for structured/plugin/context operations; operation status: upstream operation; explicit mutation mode | selected-command:faithful in declared domain: provider-direct build output when selected command/process semantics are the contract; operation status: upstream operation; explicit mutation mode","direct-host-api:the installed package normally resolves its matching optional platform binary, but ambient ESBUILD_BINARY_PATH can override that path; cwd/env are inherited | selected-command:caller selects exact executable/cwd/env/flags","direct-host-api:Node host plus one package-module-global native esbuild child per resolved module instance; sync calls use a worker-owned child; distribution: npm package plus platform binary or explicit ambient override; offline only when the selected bytes already exist | selected-command:selected native esbuild child; distribution: single native platform binary","direct-host-api:full structured results/options/virtual inputs and host plugin closures through reverse callbacks; one-shot operations through one module instance share its service; contexts expose rebuild/watch/serve/cancel/dispose; that module instance's global stop affects its consumers | selected-command:native CLI options/project streams; no JS/Go plugin closures or structured API handles/results; one-shot or raw process-owned watch/serve; kill is the process boundary","direct-host-api:the installed package normally resolves its matching optional platform binary, but ambient ESBUILD_BINARY_PATH can override that path; cwd/env are inherited | selected-command:caller selects exact executable/cwd/env/flags","direct-host-api:one-shot operations through one module instance share its service; contexts expose rebuild/watch/serve/cancel/dispose; that module instance's global stop affects its consumers | selected-command:one-shot or raw process-owned watch/serve; kill is the process boundary","direct-host-api:one-shot operations through one module instance share its service; contexts expose rebuild/watch/serve/cancel/dispose; that module instance's global stop affects its consumers; state cost: low adapter cost but ambient override authority, package-module-global crash/stop, and one-shot cancellation need explicit treatment | selected-command:one-shot or raw process-owned watch/serve; kill is the process boundary; state cost: simple and well isolated","direct-host-api:in-memory bytes or provider-direct files | selected-command:stdout/direct files","direct-host-api:documented public esbuild 0.28.2 JS API, MIT; service protocol is undocumented internal; compatibility: private first-packet exact-version check rejects version skew but does not content-bind an override; public compatibility is package API only; support verdict: viable now | selected-command:documented public esbuild 0.28.2 CLI, MIT; compatibility: version/capability probe; terminal prose is not typed protocol; support verdict: viable now only for the exact command/direct-output contract","direct-host-api:private framed bidirectional stdio hidden behind supported JS API; low adapter cost but ambient override authority, package-module-global crash/stop, and one-shot cancellation need explicit treatment | selected-command:argv/stdin/stdout/stderr/filesystem; simple and well isolated","direct-host-api:npm package plus platform binary or explicit ambient override; offline only when the selected bytes already exist | selected-command:single native platform binary","direct-host-api:private first-packet exact-version check rejects version skew but does not content-bind an override; public compatibility is package API only; evidence: esbuild API write option and service.go @ 609683d | selected-command:version/capability probe; terminal prose is not typed protocol; evidence: esbuild API write option and service.go @ 609683d","Reuse Effect Scope for owned handles/children, ChildProcess for selected processes, FileSystem/Path for explicit mutation, Stream only for a real typed event source, Layer for selection and dependency provision, and preserve Cause interruption.","direct-host-api:low adapter cost but ambient override authority, package-module-global crash/stop, and one-shot cancellation need explicit treatment | selected-command:simple and well isolated","JavaScript API or CLI; keep distinct from atomic publication","Reject this portfolio if any selected route cannot preserve provider-direct output writes under its authority/lifetime record, or if one supported route preserves all required semantics with fewer total states."
"esbuild","ESB-PLUGINS-VIRTUAL","A","current operation-specific hybrid","direct-host-api","single representative family for this candidate","faithful in declared domain: best TypeScript boundary for structured/plugin/context operations; operation status: upstream operation; not separately frozen","the installed package normally resolves its matching optional platform binary, but ambient ESBUILD_BINARY_PATH can override that path; cwd/env are inherited","Node host plus one package-module-global native esbuild child per resolved module instance; sync calls use a worker-owned child; distribution: npm package plus platform binary or explicit ambient override; offline only when the selected bytes already exist","full structured results/options/virtual inputs and host plugin closures through reverse callbacks; one-shot operations through one module instance share its service; contexts expose rebuild/watch/serve/cancel/dispose; that module instance's global stop affects its consumers","the installed package normally resolves its matching optional platform binary, but ambient ESBUILD_BINARY_PATH can override that path; cwd/env are inherited","one-shot operations through one module instance share its service; contexts expose rebuild/watch/serve/cancel/dispose; that module instance's global stop affects its consumers","one-shot operations through one module instance share its service; contexts expose rebuild/watch/serve/cancel/dispose; that module instance's global stop affects its consumers; state cost: low adapter cost but ambient override authority, package-module-global crash/stop, and one-shot cancellation need explicit treatment","in-memory bytes or provider-direct files","documented public esbuild 0.28.2 JS API, MIT; service protocol is undocumented internal; compatibility: private first-packet exact-version check rejects version skew but does not content-bind an override; public compatibility is package API only; support verdict: viable now","private framed bidirectional stdio hidden behind supported JS API; low adapter cost but ambient override authority, package-module-global crash/stop, and one-shot cancellation need explicit treatment","npm package plus platform binary or explicit ambient override; offline only when the selected bytes already exist","private first-packet exact-version check rejects version skew but does not content-bind an override; public compatibility is package API only; evidence: esbuild common.ts:1169-1240 @ 609683d","Reuse Effect Scope for owned handles/children, ChildProcess for selected processes, FileSystem/Path for explicit mutation, Stream only for a real typed event source, Layer for selection and dependency provision, and preserve Cause interruption.","low adapter cost but ambient override authority, package-module-global crash/stop, and one-shot cancellation need explicit treatment","viable now","Reject if the mechanism cannot preserve plugins, virtual inputs, reverse callbacks under the authority/lifetime stated in MECHANISM-COVERAGE.csv."
"esbuild","ESB-PLUGINS-VIRTUAL","B","provider-host sidecars","runtime-hosted-sidecar","single representative family for this candidate","GATE-FAIL: cannot preserve the frozen full BuildOptions/BuildResult plugin surface without an unproven callback protocol; duplicates the official JS package service","not-applicable-after-semantic-gate","not-applicable-after-semantic-gate; owned Go or Node sidecar invoking public API","not-applicable-after-semantic-gate; serializable options/results; JS plugins need reverse callback RPC or provider-side module loading","not-applicable-after-semantic-gate; effect-build selects/distributes sidecar engine image and protocol","unproven/non-fit; one-shot or process session; context IDs require crash/stale-handle laws","unproven/non-fit; one-shot or process session; context IDs require crash/stale-handle laws","unproven/non-fit; bytes copied over transport or files in sidecar namespace","hypothetical/bounded adapter; not upstream; compatibility: owned schema/handshake plus esbuild version","not evaluated after semantic gate; effect-build protocol, possibly bidirectional","not evaluated after semantic gate; new binaries/server per platform","bounded negative backed by esbuild common.ts:1169-1240 @ 609683d","none until semantic gate passes","invalid/non-fit; protocol/platform packaging/callback/backpressure/session states added","reject for operation","Reopen only if upstream or a bounded probe supplies a supported faithful runtime-hosted-sidecar surface for plugins, virtual inputs, reverse callbacks."
"esbuild","ESB-PLUGINS-VIRTUAL","C","persistent provider sessions","persistent-session","single representative family for this candidate","faithful in declared domain: use public contexts directly where reusable state is the operation; operation status: upstream operation; not separately frozen","package-selected service; context owns build key while service is global","shared native child for JS API; Go context for Go API; distribution: normal esbuild package","full semantics through public API; do not expose private handle IDs; cancel/dispose are per context; stop/crash is global and invalidates every context","package-selected service; context owns build key while service is global","cancel/dispose are per context; stop/crash is global and invalidates every context","cancel/dispose are per context; stop/crash is global and invalidates every context; state cost: reuses upstream session; effect-build only adds Scope law","structured/direct according to request","public contexts are supported; native service protocol is not; compatibility: exact internal handshake owned by upstream package; support verdict: viable now through public contexts","private service protocol behind public API; reuses upstream session; effect-build only adds Scope law","normal esbuild package","exact internal handshake owned by upstream package; evidence: esbuild common.ts:1169-1240 @ 609683d","Reuse Effect Scope for owned handles/children, ChildProcess for selected processes, FileSystem/Path for explicit mutation, Stream only for a real typed event source, Layer for selection and dependency provision, and preserve Cause interruption.","reuses upstream session; effect-build only adds Scope law","viable now through public contexts","Reject if the mechanism cannot preserve plugins, virtual inputs, reverse callbacks under the authority/lifetime stated in MECHANISM-COVERAGE.csv."
"esbuild","ESB-PLUGINS-VIRTUAL","D","embedded/native/WASM engines","wasm-worker","single representative family for this candidate","faithful in declared domain: browser-hosted transform/format/analyze/plugin semantics in the reduced domain; operation status: upstream operation; not separately frozen","caller selects exact wasmURL/module; no native selected binary","Web Worker by default or same browser thread -> Go WASM service; distribution: WASM plus JS glue/browser worker; larger/slower than native","in-memory/virtual/plugin inputs and structured results; no native filesystem; worker initialized/stopped; public support excludes sync/context/watch/serve","caller selects exact wasmURL/module; no native selected binary","worker initialized/stopped; public support excludes sync/context/watch/serve","worker initialized/stopped; public support excludes sync/context/watch/serve; state cost: portable distribution but capability and copy/performance losses","in-memory bytes only; copies across worker/WASM","documented public esbuild-wasm 0.28.2 browser API, MIT; compatibility: exact JS/WASM package version; support verdict: viable in reduced domain; research-only for effect-build","postMessage/in-memory framed channel and WASM calls; portable distribution but capability and copy/performance losses","WASM plus JS glue/browser worker; larger/slower than native","exact JS/WASM package version; evidence: esbuild common.ts:1169-1240 @ 609683d","Reuse Effect Scope for owned handles/children, ChildProcess for selected processes, FileSystem/Path for explicit mutation, Stream only for a real typed event source, Layer for selection and dependency provision, and preserve Cause interruption.","portable distribution but capability and copy/performance losses","viable in reduced domain; research-only for effect-build","Reject if the mechanism cannot preserve plugins, virtual inputs, reverse callbacks under the authority/lifetime stated in MECHANISM-COVERAGE.csv."
"esbuild","ESB-PLUGINS-VIRTUAL","E","inverted/declarative integration","inverted-plugin","single representative family for this candidate","faithful in declared domain: faithful boundary for the exact plugin/virtual-input operation; operation status: upstream operation; not separately frozen","engine owns schedule; host owns plugin code/state","native engine reverse-calls host callback; distribution: plugin code installed with host","faithfully preserves closures, virtual modules, diagnostics and reentrancy in supported host; callbacks/build keys tied to build/context; cancellation waits on running host callbacks","engine owns schedule; host owns plugin code/state","callbacks/build keys tied to build/context; cancellation waits on running host callbacks","callbacks/build keys tied to build/context; cancellation waits on running host callbacks; state cost: upstream already owns callback protocol; effect-build should not recreate it","plugins can alter graph/results/direct writes","documented public plugin API; compatibility: public plugin API and host runtime; support verdict: viable now through the direct API for plugin operations","upstream bidirectional service callbacks or direct Go calls; upstream already owns callback protocol; effect-build should not recreate it","plugin code installed with host","public plugin API and host runtime; evidence: esbuild common.ts:1169-1240 @ 609683d","Reuse Effect Scope for owned handles/children, ChildProcess for selected processes, FileSystem/Path for explicit mutation, Stream only for a real typed event source, Layer for selection and dependency provision, and preserve Cause interruption.","upstream already owns callback protocol; effect-build should not recreate it","viable now through the direct API for plugin operations","Reject if the mechanism cannot preserve plugins, virtual inputs, reverse callbacks under the authority/lifetime stated in MECHANISM-COVERAGE.csv."
"esbuild","ESB-PLUGINS-VIRTUAL","F","operation-specific portfolio","direct-host-api","single selected route","faithful in declared domain: best TypeScript boundary for structured/plugin/context operations; operation status: upstream operation; not separately frozen","the installed package normally resolves its matching optional platform binary, but ambient ESBUILD_BINARY_PATH can override that path; cwd/env are inherited","Node host plus one package-module-global native esbuild child per resolved module instance; sync calls use a worker-owned child; distribution: npm package plus platform binary or explicit ambient override; offline only when the selected bytes already exist","full structured results/options/virtual inputs and host plugin closures through reverse callbacks; one-shot operations through one module instance share its service; contexts expose rebuild/watch/serve/cancel/dispose; that module instance's global stop affects its consumers","the installed package normally resolves its matching optional platform binary, but ambient ESBUILD_BINARY_PATH can override that path; cwd/env are inherited","one-shot operations through one module instance share its service; contexts expose rebuild/watch/serve/cancel/dispose; that module instance's global stop affects its consumers","one-shot operations through one module instance share its service; contexts expose rebuild/watch/serve/cancel/dispose; that module instance's global stop affects its consumers; state cost: low adapter cost but ambient override authority, package-module-global crash/stop, and one-shot cancellation need explicit treatment","in-memory bytes or provider-direct files","documented public esbuild 0.28.2 JS API, MIT; service protocol is undocumented internal; compatibility: private first-packet exact-version check rejects version skew but does not content-bind an override; public compatibility is package API only; support verdict: viable now","private framed bidirectional stdio hidden behind supported JS API; low adapter cost but ambient override authority, package-module-global crash/stop, and one-shot cancellation need explicit treatment","npm package plus platform binary or explicit ambient override; offline only when the selected bytes already exist","private first-packet exact-version check rejects version skew but does not content-bind an override; public compatibility is package API only; evidence: esbuild common.ts:1169-1240 @ 609683d","Reuse Effect Scope for owned handles/children, ChildProcess for selected processes, FileSystem/Path for explicit mutation, Stream only for a real typed event source, Layer for selection and dependency provision, and preserve Cause interruption.","low adapter cost but ambient override authority, package-module-global crash/stop, and one-shot cancellation need explicit treatment","official JavaScript API; callback RPC sidecars rejected absent a concrete need","Reject this portfolio if any selected route cannot preserve plugins, virtual inputs, reverse callbacks under its authority/lifetime record, or if one supported route preserves all required semantics with fewer total states."
"esbuild","ESB-CONTEXT-REBUILD","A","current operation-specific hybrid","direct-host-api","single representative family for this candidate","faithful in declared domain: best TypeScript boundary for structured/plugin/context operations; operation status: CAN-ESB-011 frozen for 0.4","the installed package normally resolves its matching optional platform binary, but ambient ESBUILD_BINARY_PATH can override that path; cwd/env are inherited","Node host plus one package-module-global native esbuild child per resolved module instance; sync calls use a worker-owned child; distribution: npm package plus platform binary or explicit ambient override; offline only when the selected bytes already exist","full structured results/options/virtual inputs and host plugin closures through reverse callbacks; one-shot operations through one module instance share its service; contexts expose rebuild/watch/serve/cancel/dispose; that module instance's global stop affects its consumers","the installed package normally resolves its matching optional platform binary, but ambient ESBUILD_BINARY_PATH can override that path; cwd/env are inherited","one-shot operations through one module instance share its service; contexts expose rebuild/watch/serve/cancel/dispose; that module instance's global stop affects its consumers; required operation law: long-lived context handle whose cancel/dispose law and underlying executor ownership must both be explicit","one-shot operations through one module instance share its service; contexts expose rebuild/watch/serve/cancel/dispose; that module instance's global stop affects its consumers; state cost: low adapter cost but ambient override authority, package-module-global crash/stop, and one-shot cancellation need explicit treatment","in-memory bytes or provider-direct files; required operation ownership: caller-owned in-memory BuildResult per rebuild","documented public esbuild 0.28.2 JS API, MIT; service protocol is undocumented internal; compatibility: private first-packet exact-version check rejects version skew but does not content-bind an override; public compatibility is package API only; support verdict: viable now","private framed bidirectional stdio hidden behind supported JS API; low adapter cost but ambient override authority, package-module-global crash/stop, and one-shot cancellation need explicit treatment","npm package plus platform binary or explicit ambient override; offline only when the selected bytes already exist","private first-packet exact-version check rejects version skew but does not content-bind an override; public compatibility is package API only; evidence: esbuild API docs and pkg/api/api.go:529-560; SURFACE.json","Reuse Effect Scope for owned handles/children, ChildProcess for selected processes, FileSystem/Path for explicit mutation, Stream only for a real typed event source, Layer for selection and dependency provision, and preserve Cause interruption.","low adapter cost but ambient override authority, package-module-global crash/stop, and one-shot cancellation need explicit treatment","viable now","Reject if the mechanism cannot preserve create a context and rebuild under the authority/lifetime stated in MECHANISM-COVERAGE.csv."
"esbuild","ESB-CONTEXT-REBUILD","B","provider-host sidecars","runtime-hosted-sidecar","single representative family for this candidate","GATE-FAIL: cannot preserve the frozen full BuildOptions/BuildResult plugin surface without an unproven callback protocol; duplicates the official JS package service","not-applicable-after-semantic-gate","not-applicable-after-semantic-gate; owned Go or Node sidecar invoking public API","not-applicable-after-semantic-gate; serializable options/results; JS plugins need reverse callback RPC or provider-side module loading","not-applicable-after-semantic-gate; effect-build selects/distributes sidecar engine image and protocol","unproven/non-fit; one-shot or process session; context IDs require crash/stale-handle laws; required operation law: long-lived context handle whose cancel/dispose law and underlying executor ownership must both be explicit","unproven/non-fit; one-shot or process session; context IDs require crash/stale-handle laws","unproven/non-fit; bytes copied over transport or files in sidecar namespace; required operation ownership: caller-owned in-memory BuildResult per rebuild","hypothetical/bounded adapter; not upstream; compatibility: owned schema/handshake plus esbuild version","not evaluated after semantic gate; effect-build protocol, possibly bidirectional","not evaluated after semantic gate; new binaries/server per platform","bounded negative backed by esbuild API docs and pkg/api/api.go:529-560; SURFACE.json","none until semantic gate passes","invalid/non-fit; protocol/platform packaging/callback/backpressure/session states added","reject for operation","Reopen only if upstream or a bounded probe supplies a supported faithful runtime-hosted-sidecar surface for create a context and rebuild."
"esbuild","ESB-CONTEXT-REBUILD","C","persistent provider sessions","persistent-session","single representative family for this candidate","faithful in declared domain: use public contexts directly where reusable state is the operation; operation status: CAN-ESB-011 frozen for 0.4","package-selected service; context owns build key while service is global","shared native child for JS API; Go context for Go API; distribution: normal esbuild package","full semantics through public API; do not expose private handle IDs; cancel/dispose are per context; stop/crash is global and invalidates every context","package-selected service; context owns build key while service is global","cancel/dispose are per context; stop/crash is global and invalidates every context; required operation law: long-lived context handle whose cancel/dispose law and underlying executor ownership must both be explicit","cancel/dispose are per context; stop/crash is global and invalidates every context; state cost: reuses upstream session; effect-build only adds Scope law","structured/direct according to request; required operation ownership: caller-owned in-memory BuildResult per rebuild","public contexts are supported; native service protocol is not; compatibility: exact internal handshake owned by upstream package; support verdict: viable now through public contexts","private service protocol behind public API; reuses upstream session; effect-build only adds Scope law","normal esbuild package","exact internal handshake owned by upstream package; evidence: esbuild API docs and pkg/api/api.go:529-560; SURFACE.json","Reuse Effect Scope for owned handles/children, ChildProcess for selected processes, FileSystem/Path for explicit mutation, Stream only for a real typed event source, Layer for selection and dependency provision, and preserve Cause interruption.","reuses upstream session; effect-build only adds Scope law","viable now through public contexts","Reject if the mechanism cannot preserve create a context and rebuild under the authority/lifetime stated in MECHANISM-COVERAGE.csv."
"esbuild","ESB-CONTEXT-REBUILD","D","embedded/native/WASM engines","official-language-library","single representative family for this candidate","GATE-FAIL: does not preserve frozen JS BuildOptions/BuildResult plugin closures or JS context handles; a TypeScript caller needs a separately evaluated bridge/sidecar","not-applicable-after-semantic-gate","not-applicable-after-semantic-gate; compiler linked directly in caller Go process","not-applicable-after-semantic-gate; Go-native options/results/plugins/contexts; serializable pure/direct-write operations retain provider semantics, while JS closures and JS context identity do not","not-applicable-after-semantic-gate; Go module selects exact engine; caller owns options/filesystem/network","unproven/non-fit; Go contexts expose rebuild/watch/serve/cancel/dispose but are not JS context handles; required operation law: long-lived context handle whose cancel/dispose law and underlying executor ownership must both be explicit","unproven/non-fit; Go contexts expose rebuild/watch/serve/cancel/dispose but are not JS context handles","unproven/non-fit; Go byte slices or provider-direct files; required operation ownership: caller-owned in-memory BuildResult per rebuild","documented public official Go API at 0.28.2, MIT; compatibility: Go module SemVer/API","not evaluated after semantic gate; direct Go calls/callbacks","not evaluated after semantic gate; requires Go application/toolchain build per target; no child binary at runtime","bounded negative backed by esbuild API docs and pkg/api/api.go:529-560; SURFACE.json","none until semantic gate passes","invalid/non-fit; low in Go; high if effect-build owns cross-language bridge","reject for operation","Reopen only if upstream or a bounded probe supplies a supported faithful official-language-library surface for create a context and rebuild."
"esbuild","ESB-CONTEXT-REBUILD","E","inverted/declarative integration","inverted-plugin","single representative family for this candidate","GATE-FAIL: a callback is an adjunct to builds and contexts, not the caller surface for build, rebuild, cancel, dispose, watch, or serve","not-applicable-after-semantic-gate","not-applicable-after-semantic-gate; native engine reverse-calls host callback","not-applicable-after-semantic-gate; faithfully preserves closures, virtual modules, diagnostics and reentrancy in supported host","not-applicable-after-semantic-gate; engine owns schedule; host owns plugin code/state","unproven/non-fit; callbacks/build keys tied to build/context; cancellation waits on running host callbacks; required operation law: long-lived context handle whose cancel/dispose law and underlying executor ownership must both be explicit","unproven/non-fit; callbacks/build keys tied to build/context; cancellation waits on running host callbacks","unproven/non-fit; plugins can alter graph/results/direct writes; required operation ownership: caller-owned in-memory BuildResult per rebuild","documented public plugin API; compatibility: public plugin API and host runtime","not evaluated after semantic gate; upstream bidirectional service callbacks or direct Go calls","not evaluated after semantic gate; plugin code installed with host","bounded negative backed by esbuild API docs and pkg/api/api.go:529-560; SURFACE.json","none until semantic gate passes","invalid/non-fit; upstream already owns callback protocol; effect-build should not recreate it","reject for operation","Reopen only if upstream or a bounded probe supplies a supported faithful inverted-plugin surface for create a context and rebuild."
"esbuild","ESB-CONTEXT-REBUILD","F","operation-specific portfolio","direct-host-api","single selected route","faithful in declared domain: best TypeScript boundary for structured/plugin/context operations; operation status: CAN-ESB-011 frozen for 0.4","the installed package normally resolves its matching optional platform binary, but ambient ESBUILD_BINARY_PATH can override that path; cwd/env are inherited","Node host plus one package-module-global native esbuild child per resolved module instance; sync calls use a worker-owned child; distribution: npm package plus platform binary or explicit ambient override; offline only when the selected bytes already exist","full structured results/options/virtual inputs and host plugin closures through reverse callbacks; one-shot operations through one module instance share its service; contexts expose rebuild/watch/serve/cancel/dispose; that module instance's global stop affects its consumers","the installed package normally resolves its matching optional platform binary, but ambient ESBUILD_BINARY_PATH can override that path; cwd/env are inherited","one-shot operations through one module instance share its service; contexts expose rebuild/watch/serve/cancel/dispose; that module instance's global stop affects its consumers; required operation law: long-lived context handle whose cancel/dispose law and underlying executor ownership must both be explicit","one-shot operations through one module instance share its service; contexts expose rebuild/watch/serve/cancel/dispose; that module instance's global stop affects its consumers; state cost: low adapter cost but ambient override authority, package-module-global crash/stop, and one-shot cancellation need explicit treatment","in-memory bytes or provider-direct files; required operation ownership: caller-owned in-memory BuildResult per rebuild","documented public esbuild 0.28.2 JS API, MIT; service protocol is undocumented internal; compatibility: private first-packet exact-version check rejects version skew but does not content-bind an override; public compatibility is package API only; support verdict: viable now","private framed bidirectional stdio hidden behind supported JS API; low adapter cost but ambient override authority, package-module-global crash/stop, and one-shot cancellation need explicit treatment","npm package plus platform binary or explicit ambient override; offline only when the selected bytes already exist","private first-packet exact-version check rejects version skew but does not content-bind an override; public compatibility is package API only; evidence: esbuild API docs and pkg/api/api.go:529-560; SURFACE.json","Reuse Effect Scope for owned handles/children, ChildProcess for selected processes, FileSystem/Path for explicit mutation, Stream only for a real typed event source, Layer for selection and dependency provision, and preserve Cause interruption.","low adapter cost but ambient override authority, package-module-global crash/stop, and one-shot cancellation need explicit treatment","official JavaScript context scoped by Effect; package-module-global child is not scoped","Reject this portfolio if any selected route cannot preserve create a context and rebuild under its authority/lifetime record, or if one supported route preserves all required semantics with fewer total states."
"esbuild","ESB-WATCH","A","current operation-specific hybrid","direct-host-api","single representative family for this candidate","faithful in declared domain: best TypeScript boundary for structured/plugin/context operations; operation status: method of CAN-ESB-011; not an independent frozen root","the installed package normally resolves its matching optional platform binary, but ambient ESBUILD_BINARY_PATH can override that path; cwd/env are inherited","Node host plus one package-module-global native esbuild child per resolved module instance; sync calls use a worker-owned child; distribution: npm package plus platform binary or explicit ambient override; offline only when the selected bytes already exist","full structured results/options/virtual inputs and host plugin closures through reverse callbacks; one-shot operations through one module instance share its service; contexts expose rebuild/watch/serve/cancel/dispose; that module instance's global stop affects its consumers","the installed package normally resolves its matching optional platform binary, but ambient ESBUILD_BINARY_PATH can override that path; cwd/env are inherited","one-shot operations through one module instance share its service; contexts expose rebuild/watch/serve/cancel/dispose; that module instance's global stop affects its consumers; required operation law: watch lives until context disposal; no independent stop method","one-shot operations through one module instance share its service; contexts expose rebuild/watch/serve/cancel/dispose; that module instance's global stop affects its consumers; state cost: low adapter cost but ambient override authority, package-module-global crash/stop, and one-shot cancellation need explicit treatment","in-memory bytes or provider-direct files; required operation ownership: acknowledgement only; plugin onEnd is the native result channel","documented public esbuild 0.28.2 JS API, MIT; service protocol is undocumented internal; compatibility: private first-packet exact-version check rejects version skew but does not content-bind an override; public compatibility is package API only; support verdict: viable now","private framed bidirectional stdio hidden behind supported JS API; low adapter cost but ambient override authority, package-module-global crash/stop, and one-shot cancellation need explicit treatment","npm package plus platform binary or explicit ambient override; offline only when the selected bytes already exist","private first-packet exact-version check rejects version skew but does not content-bind an override; public compatibility is package API only; evidence: esbuild API docs and service.go @ 609683d; SURFACE.json","Reuse Effect Scope for owned handles/children, ChildProcess for selected processes, FileSystem/Path for explicit mutation, Stream only for a real typed event source, Layer for selection and dependency provision, and preserve Cause interruption.","low adapter cost but ambient override authority, package-module-global crash/stop, and one-shot cancellation need explicit treatment","viable now","Reject if the mechanism cannot preserve start context watch under the authority/lifetime stated in MECHANISM-COVERAGE.csv."
"esbuild","ESB-WATCH","B","provider-host sidecars","runtime-hosted-sidecar","single representative family for this candidate","GATE-FAIL: cannot preserve the frozen full BuildOptions/BuildResult plugin surface without an unproven callback protocol; duplicates the official JS package service","not-applicable-after-semantic-gate","not-applicable-after-semantic-gate; owned Go or Node sidecar invoking public API","not-applicable-after-semantic-gate; serializable options/results; JS plugins need reverse callback RPC or provider-side module loading","not-applicable-after-semantic-gate; effect-build selects/distributes sidecar engine image and protocol","unproven/non-fit; one-shot or process session; context IDs require crash/stale-handle laws; required operation law: watch lives until context disposal; no independent stop method","unproven/non-fit; one-shot or process session; context IDs require crash/stale-handle laws","unproven/non-fit; bytes copied over transport or files in sidecar namespace; required operation ownership: acknowledgement only; plugin onEnd is the native result channel","hypothetical/bounded adapter; not upstream; compatibility: owned schema/handshake plus esbuild version","not evaluated after semantic gate; effect-build protocol, possibly bidirectional","not evaluated after semantic gate; new binaries/server per platform","bounded negative backed by esbuild API docs and service.go @ 609683d; SURFACE.json","none until semantic gate passes","invalid/non-fit; protocol/platform packaging/callback/backpressure/session states added","reject for operation","Reopen only if upstream or a bounded probe supplies a supported faithful runtime-hosted-sidecar surface for start context watch."
"esbuild","ESB-WATCH","C","persistent provider sessions","persistent-session","single representative family for this candidate","faithful in declared domain: use public contexts directly where reusable state is the operation; operation status: method of CAN-ESB-011; not an independent frozen root","package-selected service; context owns build key while service is global","shared native child for JS API; Go context for Go API; distribution: normal esbuild package","full semantics through public API; do not expose private handle IDs; cancel/dispose are per context; stop/crash is global and invalidates every context","package-selected service; context owns build key while service is global","cancel/dispose are per context; stop/crash is global and invalidates every context; required operation law: watch lives until context disposal; no independent stop method","cancel/dispose are per context; stop/crash is global and invalidates every context; state cost: reuses upstream session; effect-build only adds Scope law","structured/direct according to request; required operation ownership: acknowledgement only; plugin onEnd is the native result channel","public contexts are supported; native service protocol is not; compatibility: exact internal handshake owned by upstream package; support verdict: viable now through public contexts","private service protocol behind public API; reuses upstream session; effect-build only adds Scope law","normal esbuild package","exact internal handshake owned by upstream package; evidence: esbuild API docs and service.go @ 609683d; SURFACE.json","Reuse Effect Scope for owned handles/children, ChildProcess for selected processes, FileSystem/Path for explicit mutation, Stream only for a real typed event source, Layer for selection and dependency provision, and preserve Cause interruption.","reuses upstream session; effect-build only adds Scope law","viable now through public contexts","Reject if the mechanism cannot preserve start context watch under the authority/lifetime stated in MECHANISM-COVERAGE.csv."
"esbuild","ESB-WATCH","D","embedded/native/WASM engines","official-language-library","single representative family for this candidate","GATE-FAIL: does not preserve frozen JS BuildOptions/BuildResult plugin closures or JS context handles; a TypeScript caller needs a separately evaluated bridge/sidecar","not-applicable-after-semantic-gate","not-applicable-after-semantic-gate; compiler linked directly in caller Go process","not-applicable-after-semantic-gate; Go-native options/results/plugins/contexts; serializable pure/direct-write operations retain provider semantics, while JS closures and JS context identity do not","not-applicable-after-semantic-gate; Go module selects exact engine; caller owns options/filesystem/network","unproven/non-fit; Go contexts expose rebuild/watch/serve/cancel/dispose but are not JS context handles; required operation law: watch lives until context disposal; no independent stop method","unproven/non-fit; Go contexts expose rebuild/watch/serve/cancel/dispose but are not JS context handles","unproven/non-fit; Go byte slices or provider-direct files; required operation ownership: acknowledgement only; plugin onEnd is the native result channel","documented public official Go API at 0.28.2, MIT; compatibility: Go module SemVer/API","not evaluated after semantic gate; direct Go calls/callbacks","not evaluated after semantic gate; requires Go application/toolchain build per target; no child binary at runtime","bounded negative backed by esbuild API docs and service.go @ 609683d; SURFACE.json","none until semantic gate passes","invalid/non-fit; low in Go; high if effect-build owns cross-language bridge","reject for operation","Reopen only if upstream or a bounded probe supplies a supported faithful official-language-library surface for start context watch."
"esbuild","ESB-WATCH","E","inverted/declarative integration","inverted-plugin","single representative family for this candidate","GATE-FAIL: a callback is an adjunct to builds and contexts, not the caller surface for build, rebuild, cancel, dispose, watch, or serve","not-applicable-after-semantic-gate","not-applicable-after-semantic-gate; native engine reverse-calls host callback","not-applicable-after-semantic-gate; faithfully preserves closures, virtual modules, diagnostics and reentrancy in supported host","not-applicable-after-semantic-gate; engine owns schedule; host owns plugin code/state","unproven/non-fit; callbacks/build keys tied to build/context; cancellation waits on running host callbacks; required operation law: watch lives until context disposal; no independent stop method","unproven/non-fit; callbacks/build keys tied to build/context; cancellation waits on running host callbacks","unproven/non-fit; plugins can alter graph/results/direct writes; required operation ownership: acknowledgement only; plugin onEnd is the native result channel","documented public plugin API; compatibility: public plugin API and host runtime","not evaluated after semantic gate; upstream bidirectional service callbacks or direct Go calls","not evaluated after semantic gate; plugin code installed with host","bounded negative backed by esbuild API docs and service.go @ 609683d; SURFACE.json","none until semantic gate passes","invalid/non-fit; upstream already owns callback protocol; effect-build should not recreate it","reject for operation","Reopen only if upstream or a bounded probe supplies a supported faithful inverted-plugin surface for start context watch."
"esbuild","ESB-WATCH","F","operation-specific portfolio","direct-host-api","single selected route","faithful in declared domain: best TypeScript boundary for structured/plugin/context operations; operation status: method of CAN-ESB-011; not an independent frozen root","the installed package normally resolves its matching optional platform binary, but ambient ESBUILD_BINARY_PATH can override that path; cwd/env are inherited","Node host plus one package-module-global native esbuild child per resolved module instance; sync calls use a worker-owned child; distribution: npm package plus platform binary or explicit ambient override; offline only when the selected bytes already exist","full structured results/options/virtual inputs and host plugin closures through reverse callbacks; one-shot operations through one module instance share its service; contexts expose rebuild/watch/serve/cancel/dispose; that module instance's global stop affects its consumers","the installed package normally resolves its matching optional platform binary, but ambient ESBUILD_BINARY_PATH can override that path; cwd/env are inherited","one-shot operations through one module instance share its service; contexts expose rebuild/watch/serve/cancel/dispose; that module instance's global stop affects its consumers; required operation law: watch lives until context disposal; no independent stop method","one-shot operations through one module instance share its service; contexts expose rebuild/watch/serve/cancel/dispose; that module instance's global stop affects its consumers; state cost: low adapter cost but ambient override authority, package-module-global crash/stop, and one-shot cancellation need explicit treatment","in-memory bytes or provider-direct files; required operation ownership: acknowledgement only; plugin onEnd is the native result channel","documented public esbuild 0.28.2 JS API, MIT; service protocol is undocumented internal; compatibility: private first-packet exact-version check rejects version skew but does not content-bind an override; public compatibility is package API only; support verdict: viable now","private framed bidirectional stdio hidden behind supported JS API; low adapter cost but ambient override authority, package-module-global crash/stop, and one-shot cancellation need explicit treatment","npm package plus platform binary or explicit ambient override; offline only when the selected bytes already exist","private first-packet exact-version check rejects version skew but does not content-bind an override; public compatibility is package API only; evidence: esbuild API docs and service.go @ 609683d; SURFACE.json","Reuse Effect Scope for owned handles/children, ChildProcess for selected processes, FileSystem/Path for explicit mutation, Stream only for a real typed event source, Layer for selection and dependency provision, and preserve Cause interruption.","low adapter cost but ambient override authority, package-module-global crash/stop, and one-shot cancellation need explicit treatment","official JavaScript context for acknowledgement and plugin onEnd results; CLI only for raw process semantics","Reject this portfolio if any selected route cannot preserve start context watch under its authority/lifetime record, or if one supported route preserves all required semantics with fewer total states."
"esbuild","ESB-SERVE","A","current operation-specific hybrid","direct-host-api","single representative family for this candidate","faithful in declared domain: best TypeScript boundary for structured/plugin/context operations; operation status: method of CAN-ESB-011; not an independent frozen root","the installed package normally resolves its matching optional platform binary, but ambient ESBUILD_BINARY_PATH can override that path; cwd/env are inherited","Node host plus one package-module-global native esbuild child per resolved module instance; sync calls use a worker-owned child; distribution: npm package plus platform binary or explicit ambient override; offline only when the selected bytes already exist","full structured results/options/virtual inputs and host plugin closures through reverse callbacks; one-shot operations through one module instance share its service; contexts expose rebuild/watch/serve/cancel/dispose; that module instance's global stop affects its consumers","the installed package normally resolves its matching optional platform binary, but ambient ESBUILD_BINARY_PATH can override that path; cwd/env are inherited","one-shot operations through one module instance share its service; contexts expose rebuild/watch/serve/cancel/dispose; that module instance's global stop affects its consumers; required operation law: server lives until context disposal","one-shot operations through one module instance share its service; contexts expose rebuild/watch/serve/cancel/dispose; that module instance's global stop affects its consumers; state cost: low adapter cost but ambient override authority, package-module-global crash/stop, and one-shot cancellation need explicit treatment","in-memory bytes or provider-direct files; required operation ownership: caller-owned port/hosts result plus provider-owned listening socket","documented public esbuild 0.28.2 JS API, MIT; service protocol is undocumented internal; compatibility: private first-packet exact-version check rejects version skew but does not content-bind an override; public compatibility is package API only; support verdict: viable now","private framed bidirectional stdio hidden behind supported JS API; low adapter cost but ambient override authority, package-module-global crash/stop, and one-shot cancellation need explicit treatment","npm package plus platform binary or explicit ambient override; offline only when the selected bytes already exist","private first-packet exact-version check rejects version skew but does not content-bind an override; public compatibility is package API only; evidence: esbuild API docs and service.go @ 609683d; SURFACE.json","Reuse Effect Scope for owned handles/children, ChildProcess for selected processes, FileSystem/Path for explicit mutation, Stream only for a real typed event source, Layer for selection and dependency provision, and preserve Cause interruption.","low adapter cost but ambient override authority, package-module-global crash/stop, and one-shot cancellation need explicit treatment","viable now","Reject if the mechanism cannot preserve start context serve under the authority/lifetime stated in MECHANISM-COVERAGE.csv."
"esbuild","ESB-SERVE","B","provider-host sidecars","runtime-hosted-sidecar","single representative family for this candidate","GATE-FAIL: cannot preserve the frozen full BuildOptions/BuildResult plugin surface without an unproven callback protocol; duplicates the official JS package service","not-applicable-after-semantic-gate","not-applicable-after-semantic-gate; owned Go or Node sidecar invoking public API","not-applicable-after-semantic-gate; serializable options/results; JS plugins need reverse callback RPC or provider-side module loading","not-applicable-after-semantic-gate; effect-build selects/distributes sidecar engine image and protocol","unproven/non-fit; one-shot or process session; context IDs require crash/stale-handle laws; required operation law: server lives until context disposal","unproven/non-fit; one-shot or process session; context IDs require crash/stale-handle laws","unproven/non-fit; bytes copied over transport or files in sidecar namespace; required operation ownership: caller-owned port/hosts result plus provider-owned listening socket","hypothetical/bounded adapter; not upstream; compatibility: owned schema/handshake plus esbuild version","not evaluated after semantic gate; effect-build protocol, possibly bidirectional","not evaluated after semantic gate; new binaries/server per platform","bounded negative backed by esbuild API docs and service.go @ 609683d; SURFACE.json","none until semantic gate passes","invalid/non-fit; protocol/platform packaging/callback/backpressure/session states added","reject for operation","Reopen only if upstream or a bounded probe supplies a supported faithful runtime-hosted-sidecar surface for start context serve."
"esbuild","ESB-SERVE","C","persistent provider sessions","persistent-session","single representative family for this candidate","faithful in declared domain: use public contexts directly where reusable state is the operation; operation status: method of CAN-ESB-011; not an independent frozen root","package-selected service; context owns build key while service is global","shared native child for JS API; Go context for Go API; distribution: normal esbuild package","full semantics through public API; do not expose private handle IDs; cancel/dispose are per context; stop/crash is global and invalidates every context","package-selected service; context owns build key while service is global","cancel/dispose are per context; stop/crash is global and invalidates every context; required operation law: server lives until context disposal","cancel/dispose are per context; stop/crash is global and invalidates every context; state cost: reuses upstream session; effect-build only adds Scope law","structured/direct according to request; required operation ownership: caller-owned port/hosts result plus provider-owned listening socket","public contexts are supported; native service protocol is not; compatibility: exact internal handshake owned by upstream package; support verdict: viable now through public contexts","private service protocol behind public API; reuses upstream session; effect-build only adds Scope law","normal esbuild package","exact internal handshake owned by upstream package; evidence: esbuild API docs and service.go @ 609683d; SURFACE.json","Reuse Effect Scope for owned handles/children, ChildProcess for selected processes, FileSystem/Path for explicit mutation, Stream only for a real typed event source, Layer for selection and dependency provision, and preserve Cause interruption.","reuses upstream session; effect-build only adds Scope law","viable now through public contexts","Reject if the mechanism cannot preserve start context serve under the authority/lifetime stated in MECHANISM-COVERAGE.csv."
"esbuild","ESB-SERVE","D","embedded/native/WASM engines","official-language-library","single representative family for this candidate","GATE-FAIL: does not preserve frozen JS BuildOptions/BuildResult plugin closures or JS context handles; a TypeScript caller needs a separately evaluated bridge/sidecar","not-applicable-after-semantic-gate","not-applicable-after-semantic-gate; compiler linked directly in caller Go process","not-applicable-after-semantic-gate; Go-native options/results/plugins/contexts; serializable pure/direct-write operations retain provider semantics, while JS closures and JS context identity do not","not-applicable-after-semantic-gate; Go module selects exact engine; caller owns options/filesystem/network","unproven/non-fit; Go contexts expose rebuild/watch/serve/cancel/dispose but are not JS context handles; required operation law: server lives until context disposal","unproven/non-fit; Go contexts expose rebuild/watch/serve/cancel/dispose but are not JS context handles","unproven/non-fit; Go byte slices or provider-direct files; required operation ownership: caller-owned port/hosts result plus provider-owned listening socket","documented public official Go API at 0.28.2, MIT; compatibility: Go module SemVer/API","not evaluated after semantic gate; direct Go calls/callbacks","not evaluated after semantic gate; requires Go application/toolchain build per target; no child binary at runtime","bounded negative backed by esbuild API docs and service.go @ 609683d; SURFACE.json","none until semantic gate passes","invalid/non-fit; low in Go; high if effect-build owns cross-language bridge","reject for operation","Reopen only if upstream or a bounded probe supplies a supported faithful official-language-library surface for start context serve."
"esbuild","ESB-SERVE","E","inverted/declarative integration","inverted-plugin","single representative family for this candidate","GATE-FAIL: a callback is an adjunct to builds and contexts, not the caller surface for build, rebuild, cancel, dispose, watch, or serve","not-applicable-after-semantic-gate","not-applicable-after-semantic-gate; native engine reverse-calls host callback","not-applicable-after-semantic-gate; faithfully preserves closures, virtual modules, diagnostics and reentrancy in supported host","not-applicable-after-semantic-gate; engine owns schedule; host owns plugin code/state","unproven/non-fit; callbacks/build keys tied to build/context; cancellation waits on running host callbacks; required operation law: server lives until context disposal","unproven/non-fit; callbacks/build keys tied to build/context; cancellation waits on running host callbacks","unproven/non-fit; plugins can alter graph/results/direct writes; required operation ownership: caller-owned port/hosts result plus provider-owned listening socket","documented public plugin API; compatibility: public plugin API and host runtime","not evaluated after semantic gate; upstream bidirectional service callbacks or direct Go calls","not evaluated after semantic gate; plugin code installed with host","bounded negative backed by esbuild API docs and service.go @ 609683d; SURFACE.json","none until semantic gate passes","invalid/non-fit; upstream already owns callback protocol; effect-build should not recreate it","reject for operation","Reopen only if upstream or a bounded probe supplies a supported faithful inverted-plugin surface for start context serve."
"esbuild","ESB-SERVE","F","operation-specific portfolio","direct-host-api","single selected route","faithful in declared domain: best TypeScript boundary for structured/plugin/context operations; operation status: method of CAN-ESB-011; not an independent frozen root","the installed package normally resolves its matching optional platform binary, but ambient ESBUILD_BINARY_PATH can override that path; cwd/env are inherited","Node host plus one package-module-global native esbuild child per resolved module instance; sync calls use a worker-owned child; distribution: npm package plus platform binary or explicit ambient override; offline only when the selected bytes already exist","full structured results/options/virtual inputs and host plugin closures through reverse callbacks; one-shot operations through one module instance share its service; contexts expose rebuild/watch/serve/cancel/dispose; that module instance's global stop affects its consumers","the installed package normally resolves its matching optional platform binary, but ambient ESBUILD_BINARY_PATH can override that path; cwd/env are inherited","one-shot operations through one module instance share its service; contexts expose rebuild/watch/serve/cancel/dispose; that module instance's global stop affects its consumers; required operation law: server lives until context disposal","one-shot operations through one module instance share its service; contexts expose rebuild/watch/serve/cancel/dispose; that module instance's global stop affects its consumers; state cost: low adapter cost but ambient override authority, package-module-global crash/stop, and one-shot cancellation need explicit treatment","in-memory bytes or provider-direct files; required operation ownership: caller-owned port/hosts result plus provider-owned listening socket","documented public esbuild 0.28.2 JS API, MIT; service protocol is undocumented internal; compatibility: private first-packet exact-version check rejects version skew but does not content-bind an override; public compatibility is package API only; support verdict: viable now","private framed bidirectional stdio hidden behind supported JS API; low adapter cost but ambient override authority, package-module-global crash/stop, and one-shot cancellation need explicit treatment","npm package plus platform binary or explicit ambient override; offline only when the selected bytes already exist","private first-packet exact-version check rejects version skew but does not content-bind an override; public compatibility is package API only; evidence: esbuild API docs and service.go @ 609683d; SURFACE.json","Reuse Effect Scope for owned handles/children, ChildProcess for selected processes, FileSystem/Path for explicit mutation, Stream only for a real typed event source, Layer for selection and dependency provision, and preserve Cause interruption.","low adapter cost but ambient override authority, package-module-global crash/stop, and one-shot cancellation need explicit treatment","official JavaScript context; network authority ends at context disposal","Reject this portfolio if any selected route cannot preserve start context serve under its authority/lifetime record, or if one supported route preserves all required semantics with fewer total states."
"esbuild","ESB-CANCEL","A","current operation-specific hybrid","direct-host-api","single representative family for this candidate","faithful in declared domain: best TypeScript boundary for structured/plugin/context operations; operation status: method of CAN-ESB-011","the installed package normally resolves its matching optional platform binary, but ambient ESBUILD_BINARY_PATH can override that path; cwd/env are inherited","Node host plus one package-module-global native esbuild child per resolved module instance; sync calls use a worker-owned child; distribution: npm package plus platform binary or explicit ambient override; offline only when the selected bytes already exist","full structured results/options/virtual inputs and host plugin closures through reverse callbacks; one-shot operations through one module instance share its service; contexts expose rebuild/watch/serve/cancel/dispose; that module instance's global stop affects its consumers","the installed package normally resolves its matching optional platform binary, but ambient ESBUILD_BINARY_PATH can override that path; cwd/env are inherited","one-shot operations through one module instance share its service; contexts expose rebuild/watch/serve/cancel/dispose; that module instance's global stop affects its consumers; required operation law: waits for the active build/callback path to settle; later rebuild remains valid","one-shot operations through one module instance share its service; contexts expose rebuild/watch/serve/cancel/dispose; that module instance's global stop affects its consumers; state cost: low adapter cost but ambient override authority, package-module-global crash/stop, and one-shot cancellation need explicit treatment","in-memory bytes or provider-direct files; required operation ownership: completion acknowledgement; active rebuild rejects as canceled","documented public esbuild 0.28.2 JS API, MIT; service protocol is undocumented internal; compatibility: private first-packet exact-version check rejects version skew but does not content-bind an override; public compatibility is package API only; support verdict: viable now","private framed bidirectional stdio hidden behind supported JS API; low adapter cost but ambient override authority, package-module-global crash/stop, and one-shot cancellation need explicit treatment","npm package plus platform binary or explicit ambient override; offline only when the selected bytes already exist","private first-packet exact-version check rejects version skew but does not content-bind an override; public compatibility is package API only; evidence: esbuild API docs, common.ts, service.go @ 609683d; SURFACE.json","Reuse Effect Scope for owned handles/children, ChildProcess for selected processes, FileSystem/Path for explicit mutation, Stream only for a real typed event source, Layer for selection and dependency provision, and preserve Cause interruption.","low adapter cost but ambient override authority, package-module-global crash/stop, and one-shot cancellation need explicit treatment","viable now","Reject if the mechanism cannot preserve cancel an active context build under the authority/lifetime stated in MECHANISM-COVERAGE.csv."
"esbuild","ESB-CANCEL","B","provider-host sidecars","runtime-hosted-sidecar","single representative family for this candidate","GATE-FAIL: cannot preserve the frozen full BuildOptions/BuildResult plugin surface without an unproven callback protocol; duplicates the official JS package service","not-applicable-after-semantic-gate","not-applicable-after-semantic-gate; owned Go or Node sidecar invoking public API","not-applicable-after-semantic-gate; serializable options/results; JS plugins need reverse callback RPC or provider-side module loading","not-applicable-after-semantic-gate; effect-build selects/distributes sidecar engine image and protocol","unproven/non-fit; one-shot or process session; context IDs require crash/stale-handle laws; required operation law: waits for the active build/callback path to settle; later rebuild remains valid","unproven/non-fit; one-shot or process session; context IDs require crash/stale-handle laws","unproven/non-fit; bytes copied over transport or files in sidecar namespace; required operation ownership: completion acknowledgement; active rebuild rejects as canceled","hypothetical/bounded adapter; not upstream; compatibility: owned schema/handshake plus esbuild version","not evaluated after semantic gate; effect-build protocol, possibly bidirectional","not evaluated after semantic gate; new binaries/server per platform","bounded negative backed by esbuild API docs, common.ts, service.go @ 609683d; SURFACE.json","none until semantic gate passes","invalid/non-fit; protocol/platform packaging/callback/backpressure/session states added","reject for operation","Reopen only if upstream or a bounded probe supplies a supported faithful runtime-hosted-sidecar surface for cancel an active context build."
"esbuild","ESB-CANCEL","C","persistent provider sessions","persistent-session","single representative family for this candidate","faithful in declared domain: use public contexts directly where reusable state is the operation; operation status: method of CAN-ESB-011","package-selected service; context owns build key while service is global","shared native child for JS API; Go context for Go API; distribution: normal esbuild package","full semantics through public API; do not expose private handle IDs; cancel/dispose are per context; stop/crash is global and invalidates every context","package-selected service; context owns build key while service is global","cancel/dispose are per context; stop/crash is global and invalidates every context; required operation law: waits for the active build/callback path to settle; later rebuild remains valid","cancel/dispose are per context; stop/crash is global and invalidates every context; state cost: reuses upstream session; effect-build only adds Scope law","structured/direct according to request; required operation ownership: completion acknowledgement; active rebuild rejects as canceled","public contexts are supported; native service protocol is not; compatibility: exact internal handshake owned by upstream package; support verdict: viable now through public contexts","private service protocol behind public API; reuses upstream session; effect-build only adds Scope law","normal esbuild package","exact internal handshake owned by upstream package; evidence: esbuild API docs, common.ts, service.go @ 609683d; SURFACE.json","Reuse Effect Scope for owned handles/children, ChildProcess for selected processes, FileSystem/Path for explicit mutation, Stream only for a real typed event source, Layer for selection and dependency provision, and preserve Cause interruption.","reuses upstream session; effect-build only adds Scope law","viable now through public contexts","Reject if the mechanism cannot preserve cancel an active context build under the authority/lifetime stated in MECHANISM-COVERAGE.csv."
"esbuild","ESB-CANCEL","D","embedded/native/WASM engines","official-language-library","single representative family for this candidate","GATE-FAIL: does not preserve frozen JS BuildOptions/BuildResult plugin closures or JS context handles; a TypeScript caller needs a separately evaluated bridge/sidecar","not-applicable-after-semantic-gate","not-applicable-after-semantic-gate; compiler linked directly in caller Go process","not-applicable-after-semantic-gate; Go-native options/results/plugins/contexts; serializable pure/direct-write operations retain provider semantics, while JS closures and JS context identity do not","not-applicable-after-semantic-gate; Go module selects exact engine; caller owns options/filesystem/network","unproven/non-fit; Go contexts expose rebuild/watch/serve/cancel/dispose but are not JS context handles; required operation law: waits for the active build/callback path to settle; later rebuild remains valid","unproven/non-fit; Go contexts expose rebuild/watch/serve/cancel/dispose but are not JS context handles","unproven/non-fit; Go byte slices or provider-direct files; required operation ownership: completion acknowledgement; active rebuild rejects as canceled","documented public official Go API at 0.28.2, MIT; compatibility: Go module SemVer/API","not evaluated after semantic gate; direct Go calls/callbacks","not evaluated after semantic gate; requires Go application/toolchain build per target; no child binary at runtime","bounded negative backed by esbuild API docs, common.ts, service.go @ 609683d; SURFACE.json","none until semantic gate passes","invalid/non-fit; low in Go; high if effect-build owns cross-language bridge","reject for operation","Reopen only if upstream or a bounded probe supplies a supported faithful official-language-library surface for cancel an active context build."
"esbuild","ESB-CANCEL","E","inverted/declarative integration","inverted-plugin","single representative family for this candidate","GATE-FAIL: a callback is an adjunct to builds and contexts, not the caller surface for build, rebuild, cancel, dispose, watch, or serve","not-applicable-after-semantic-gate","not-applicable-after-semantic-gate; native engine reverse-calls host callback","not-applicable-after-semantic-gate; faithfully preserves closures, virtual modules, diagnostics and reentrancy in supported host","not-applicable-after-semantic-gate; engine owns schedule; host owns plugin code/state","unproven/non-fit; callbacks/build keys tied to build/context; cancellation waits on running host callbacks; required operation law: waits for the active build/callback path to settle; later rebuild remains valid","unproven/non-fit; callbacks/build keys tied to build/context; cancellation waits on running host callbacks","unproven/non-fit; plugins can alter graph/results/direct writes; required operation ownership: completion acknowledgement; active rebuild rejects as canceled","documented public plugin API; compatibility: public plugin API and host runtime","not evaluated after semantic gate; upstream bidirectional service callbacks or direct Go calls","not evaluated after semantic gate; plugin code installed with host","bounded negative backed by esbuild API docs, common.ts, service.go @ 609683d; SURFACE.json","none until semantic gate passes","invalid/non-fit; upstream already owns callback protocol; effect-build should not recreate it","reject for operation","Reopen only if upstream or a bounded probe supplies a supported faithful inverted-plugin surface for cancel an active context build."
"esbuild","ESB-CANCEL","F","operation-specific portfolio","direct-host-api","single selected route","faithful in declared domain: best TypeScript boundary for structured/plugin/context operations; operation status: method of CAN-ESB-011","the installed package normally resolves its matching optional platform binary, but ambient ESBUILD_BINARY_PATH can override that path; cwd/env are inherited","Node host plus one package-module-global native esbuild child per resolved module instance; sync calls use a worker-owned child; distribution: npm package plus platform binary or explicit ambient override; offline only when the selected bytes already exist","full structured results/options/virtual inputs and host plugin closures through reverse callbacks; one-shot operations through one module instance share its service; contexts expose rebuild/watch/serve/cancel/dispose; that module instance's global stop affects its consumers","the installed package normally resolves its matching optional platform binary, but ambient ESBUILD_BINARY_PATH can override that path; cwd/env are inherited","one-shot operations through one module instance share its service; contexts expose rebuild/watch/serve/cancel/dispose; that module instance's global stop affects its consumers; required operation law: waits for the active build/callback path to settle; later rebuild remains valid","one-shot operations through one module instance share its service; contexts expose rebuild/watch/serve/cancel/dispose; that module instance's global stop affects its consumers; state cost: low adapter cost but ambient override authority, package-module-global crash/stop, and one-shot cancellation need explicit treatment","in-memory bytes or provider-direct files; required operation ownership: completion acknowledgement; active rebuild rejects as canceled","documented public esbuild 0.28.2 JS API, MIT; service protocol is undocumented internal; compatibility: private first-packet exact-version check rejects version skew but does not content-bind an override; public compatibility is package API only; support verdict: viable now","private framed bidirectional stdio hidden behind supported JS API; low adapter cost but ambient override authority, package-module-global crash/stop, and one-shot cancellation need explicit treatment","npm package plus platform binary or explicit ambient override; offline only when the selected bytes already exist","private first-packet exact-version check rejects version skew but does not content-bind an override; public compatibility is package API only; evidence: esbuild API docs, common.ts, service.go @ 609683d; SURFACE.json","Reuse Effect Scope for owned handles/children, ChildProcess for selected processes, FileSystem/Path for explicit mutation, Stream only for a real typed event source, Layer for selection and dependency provision, and preserve Cause interruption.","low adapter cost but ambient override authority, package-module-global crash/stop, and one-shot cancellation need explicit treatment","official JavaScript context cancel; does not dispose the context","Reject this portfolio if any selected route cannot preserve cancel an active context build under its authority/lifetime record, or if one supported route preserves all required semantics with fewer total states."
"esbuild","ESB-DISPOSE","A","current operation-specific hybrid","direct-host-api","single representative family for this candidate","faithful in declared domain: best TypeScript boundary for structured/plugin/context operations; operation status: hidden Scope-owned release of CAN-ESB-011","the installed package normally resolves its matching optional platform binary, but ambient ESBUILD_BINARY_PATH can override that path; cwd/env are inherited","Node host plus one package-module-global native esbuild child per resolved module instance; sync calls use a worker-owned child; distribution: npm package plus platform binary or explicit ambient override; offline only when the selected bytes already exist","full structured results/options/virtual inputs and host plugin closures through reverse callbacks; one-shot operations through one module instance share its service; contexts expose rebuild/watch/serve/cancel/dispose; that module instance's global stop affects its consumers","the installed package normally resolves its matching optional platform binary, but ambient ESBUILD_BINARY_PATH can override that path; cwd/env are inherited","one-shot operations through one module instance share its service; contexts expose rebuild/watch/serve/cancel/dispose; that module instance's global stop affects its consumers; required operation law: idempotently invalidates the context; the underlying executor may have a wider lifetime and must not be falsely claimed as released","one-shot operations through one module instance share its service; contexts expose rebuild/watch/serve/cancel/dispose; that module instance's global stop affects its consumers; state cost: low adapter cost but ambient override authority, package-module-global crash/stop, and one-shot cancellation need explicit treatment","in-memory bytes or provider-direct files; required operation ownership: release acknowledgement; no build artifact","documented public esbuild 0.28.2 JS API, MIT; service protocol is undocumented internal; compatibility: private first-packet exact-version check rejects version skew but does not content-bind an override; public compatibility is package API only; support verdict: viable now","private framed bidirectional stdio hidden behind supported JS API; low adapter cost but ambient override authority, package-module-global crash/stop, and one-shot cancellation need explicit treatment","npm package plus platform binary or explicit ambient override; offline only when the selected bytes already exist","private first-packet exact-version check rejects version skew but does not content-bind an override; public compatibility is package API only; evidence: esbuild API docs, common.ts, service.go @ 609683d; SURFACE.json","Reuse Effect Scope for owned handles/children, ChildProcess for selected processes, FileSystem/Path for explicit mutation, Stream only for a real typed event source, Layer for selection and dependency provision, and preserve Cause interruption.","low adapter cost but ambient override authority, package-module-global crash/stop, and one-shot cancellation need explicit treatment","viable now","Reject if the mechanism cannot preserve dispose a context under the authority/lifetime stated in MECHANISM-COVERAGE.csv."
"esbuild","ESB-DISPOSE","B","provider-host sidecars","runtime-hosted-sidecar","single representative family for this candidate","GATE-FAIL: cannot preserve the frozen full BuildOptions/BuildResult plugin surface without an unproven callback protocol; duplicates the official JS package service","not-applicable-after-semantic-gate","not-applicable-after-semantic-gate; owned Go or Node sidecar invoking public API","not-applicable-after-semantic-gate; serializable options/results; JS plugins need reverse callback RPC or provider-side module loading","not-applicable-after-semantic-gate; effect-build selects/distributes sidecar engine image and protocol","unproven/non-fit; one-shot or process session; context IDs require crash/stale-handle laws; required operation law: idempotently invalidates the context; the underlying executor may have a wider lifetime and must not be falsely claimed as released","unproven/non-fit; one-shot or process session; context IDs require crash/stale-handle laws","unproven/non-fit; bytes copied over transport or files in sidecar namespace; required operation ownership: release acknowledgement; no build artifact","hypothetical/bounded adapter; not upstream; compatibility: owned schema/handshake plus esbuild version","not evaluated after semantic gate; effect-build protocol, possibly bidirectional","not evaluated after semantic gate; new binaries/server per platform","bounded negative backed by esbuild API docs, common.ts, service.go @ 609683d; SURFACE.json","none until semantic gate passes","invalid/non-fit; protocol/platform packaging/callback/backpressure/session states added","reject for operation","Reopen only if upstream or a bounded probe supplies a supported faithful runtime-hosted-sidecar surface for dispose a context."
"esbuild","ESB-DISPOSE","C","persistent provider sessions","persistent-session","single representative family for this candidate","faithful in declared domain: use public contexts directly where reusable state is the operation; operation status: hidden Scope-owned release of CAN-ESB-011","package-selected service; context owns build key while service is global","shared native child for JS API; Go context for Go API; distribution: normal esbuild package","full semantics through public API; do not expose private handle IDs; cancel/dispose are per context; stop/crash is global and invalidates every context","package-selected service; context owns build key while service is global","cancel/dispose are per context; stop/crash is global and invalidates every context; required operation law: idempotently invalidates the context; the underlying executor may have a wider lifetime and must not be falsely claimed as released","cancel/dispose are per context; stop/crash is global and invalidates every context; state cost: reuses upstream session; effect-build only adds Scope law","structured/direct according to request; required operation ownership: release acknowledgement; no build artifact","public contexts are supported; native service protocol is not; compatibility: exact internal handshake owned by upstream package; support verdict: viable now through public contexts","private service protocol behind public API; reuses upstream session; effect-build only adds Scope law","normal esbuild package","exact internal handshake owned by upstream package; evidence: esbuild API docs, common.ts, service.go @ 609683d; SURFACE.json","Reuse Effect Scope for owned handles/children, ChildProcess for selected processes, FileSystem/Path for explicit mutation, Stream only for a real typed event source, Layer for selection and dependency provision, and preserve Cause interruption.","reuses upstream session; effect-build only adds Scope law","viable now through public contexts","Reject if the mechanism cannot preserve dispose a context under the authority/lifetime stated in MECHANISM-COVERAGE.csv."
"esbuild","ESB-DISPOSE","D","embedded/native/WASM engines","official-language-library","single representative family for this candidate","GATE-FAIL: does not preserve frozen JS BuildOptions/BuildResult plugin closures or JS context handles; a TypeScript caller needs a separately evaluated bridge/sidecar","not-applicable-after-semantic-gate","not-applicable-after-semantic-gate; compiler linked directly in caller Go process","not-applicable-after-semantic-gate; Go-native options/results/plugins/contexts; serializable pure/direct-write operations retain provider semantics, while JS closures and JS context identity do not","not-applicable-after-semantic-gate; Go module selects exact engine; caller owns options/filesystem/network","unproven/non-fit; Go contexts expose rebuild/watch/serve/cancel/dispose but are not JS context handles; required operation law: idempotently invalidates the context; the underlying executor may have a wider lifetime and must not be falsely claimed as released","unproven/non-fit; Go contexts expose rebuild/watch/serve/cancel/dispose but are not JS context handles","unproven/non-fit; Go byte slices or provider-direct files; required operation ownership: release acknowledgement; no build artifact","documented public official Go API at 0.28.2, MIT; compatibility: Go module SemVer/API","not evaluated after semantic gate; direct Go calls/callbacks","not evaluated after semantic gate; requires Go application/toolchain build per target; no child binary at runtime","bounded negative backed by esbuild API docs, common.ts, service.go @ 609683d; SURFACE.json","none until semantic gate passes","invalid/non-fit; low in Go; high if effect-build owns cross-language bridge","reject for operation","Reopen only if upstream or a bounded probe supplies a supported faithful official-language-library surface for dispose a context."
"esbuild","ESB-DISPOSE","E","inverted/declarative integration","inverted-plugin","single representative family for this candidate","GATE-FAIL: a callback is an adjunct to builds and contexts, not the caller surface for build, rebuild, cancel, dispose, watch, or serve","not-applicable-after-semantic-gate","not-applicable-after-semantic-gate; native engine reverse-calls host callback","not-applicable-after-semantic-gate; faithfully preserves closures, virtual modules, diagnostics and reentrancy in supported host","not-applicable-after-semantic-gate; engine owns schedule; host owns plugin code/state","unproven/non-fit; callbacks/build keys tied to build/context; cancellation waits on running host callbacks; required operation law: idempotently invalidates the context; the underlying executor may have a wider lifetime and must not be falsely claimed as released","unproven/non-fit; callbacks/build keys tied to build/context; cancellation waits on running host callbacks","unproven/non-fit; plugins can alter graph/results/direct writes; required operation ownership: release acknowledgement; no build artifact","documented public plugin API; compatibility: public plugin API and host runtime","not evaluated after semantic gate; upstream bidirectional service callbacks or direct Go calls","not evaluated after semantic gate; plugin code installed with host","bounded negative backed by esbuild API docs, common.ts, service.go @ 609683d; SURFACE.json","none until semantic gate passes","invalid/non-fit; upstream already owns callback protocol; effect-build should not recreate it","reject for operation","Reopen only if upstream or a bounded probe supplies a supported faithful inverted-plugin surface for dispose a context."
"esbuild","ESB-DISPOSE","F","operation-specific portfolio","direct-host-api","single selected route","faithful in declared domain: best TypeScript boundary for structured/plugin/context operations; operation status: hidden Scope-owned release of CAN-ESB-011","the installed package normally resolves its matching optional platform binary, but ambient ESBUILD_BINARY_PATH can override that path; cwd/env are inherited","Node host plus one package-module-global native esbuild child per resolved module instance; sync calls use a worker-owned child; distribution: npm package plus platform binary or explicit ambient override; offline only when the selected bytes already exist","full structured results/options/virtual inputs and host plugin closures through reverse callbacks; one-shot operations through one module instance share its service; contexts expose rebuild/watch/serve/cancel/dispose; that module instance's global stop affects its consumers","the installed package normally resolves its matching optional platform binary, but ambient ESBUILD_BINARY_PATH can override that path; cwd/env are inherited","one-shot operations through one module instance share its service; contexts expose rebuild/watch/serve/cancel/dispose; that module instance's global stop affects its consumers; required operation law: idempotently invalidates the context; the underlying executor may have a wider lifetime and must not be falsely claimed as released","one-shot operations through one module instance share its service; contexts expose rebuild/watch/serve/cancel/dispose; that module instance's global stop affects its consumers; state cost: low adapter cost but ambient override authority, package-module-global crash/stop, and one-shot cancellation need explicit treatment","in-memory bytes or provider-direct files; required operation ownership: release acknowledgement; no build artifact","documented public esbuild 0.28.2 JS API, MIT; service protocol is undocumented internal; compatibility: private first-packet exact-version check rejects version skew but does not content-bind an override; public compatibility is package API only; support verdict: viable now","private framed bidirectional stdio hidden behind supported JS API; low adapter cost but ambient override authority, package-module-global crash/stop, and one-shot cancellation need explicit treatment","npm package plus platform binary or explicit ambient override; offline only when the selected bytes already exist","private first-packet exact-version check rejects version skew but does not content-bind an override; public compatibility is package API only; evidence: esbuild API docs, common.ts, service.go @ 609683d; SURFACE.json","Reuse Effect Scope for owned handles/children, ChildProcess for selected processes, FileSystem/Path for explicit mutation, Stream only for a real typed event source, Layer for selection and dependency provision, and preserve Cause interruption.","low adapter cost but ambient override authority, package-module-global crash/stop, and one-shot cancellation need explicit treatment","official JavaScript context dispose owned by an uninterruptible Scope finalizer","Reject this portfolio if any selected route cannot preserve dispose a context under its authority/lifetime record, or if one supported route preserves all required semantics with fewer total states."
"node-sea","NODE-DIRECT-SEA","A","current operation-specific hybrid","selected-command","single representative family for this candidate","faithful in declared domain: preferred direct and legacy-blob mechanism; operation status: CAN-NODE-001 frozen for 0.4","explicit selected builder/base/cwd/config/target; current effect-build intentionally uses same selected path for builder and base","selected exact Node child running native LIEF builder/blob generator; distribution: exact Node binary with LIEF per target; post-mutation signing may be required","native main/assets/snapshot/cache/args fields; terminal failures are not typed; one-shot scoped child; provider directly truncates/writes private candidate","explicit selected builder/base/cwd/config/target; current effect-build intentionally uses same selected path for builder and base","one-shot scoped child; provider directly truncates/writes private candidate","one-shot scoped child; provider directly truncates/writes private candidate; state cost: smallest supported direct route; Effect staging removes Node writer's unsafe destination mutation","private blob or executable; effect-build validates and atomically publishes final candidate","documented public experimental Node 26.7.0 SEA surface, Stability 1.1, MIT; compatibility: exact builder/base version, target and snapshot/cache restrictions; support verdict: viable now","argv, JSON config, terminal streams, filesystem; smallest supported direct route; Effect staging removes Node writer's unsafe destination mutation","exact Node binary with LIEF per target; post-mutation signing may be required","exact builder/base version, target and snapshot/cache restrictions; evidence: Node SEA docs:21-137 and node_sea_bin.cc:380-480 @ b4f23d3; NodeSea.ts:671-728","Reuse Effect Scope for owned handles/children, ChildProcess for selected processes, FileSystem/Path for explicit mutation, Stream only for a real typed event source, Layer for selection and dependency provision, and preserve Cause interruption.","smallest supported direct route; Effect staging removes Node writer's unsafe destination mutation","viable now","Reject if the mechanism cannot preserve direct SEA generation under the authority/lifetime stated in MECHANISM-COVERAGE.csv."
"node-sea","NODE-DIRECT-SEA","B","provider-host sidecars","runtime-hosted-sidecar","single representative family for this candidate","GATE-FAIL: wrapping node --build-sea is merely CLI RPC and a daemon has no reusable engine","not-applicable-after-semantic-gate","not-applicable-after-semantic-gate; selected Node child calls pinned postject API","not-applicable-after-semantic-gate; serializable paths/bytes/options; machine failure envelope","not-applicable-after-semantic-gate; effect-build selects Node/postject/protocol; request selects private candidate/blob","unproven/non-fit; one-shot process can be killed for fault isolation; crash during write yields outcome unknown on private candidate","unproven/non-fit; one-shot process can be killed for fault isolation; crash during write yields outcome unknown on private candidate","unproven/non-fit; private candidate mutation followed by caller validation/publication","bounded effect-build adapter over third-party alpha API; compatibility: Node/postject/capability handshake","not evaluated after semantic gate; owned RPC plus filesystem","not evaluated after semantic gate; Node+postject server per platform","bounded negative backed by Node SEA docs:21-137 and node_sea_bin.cc:380-480 @ b4f23d3; NodeSea.ts:671-728","none until semantic gate passes","invalid/non-fit; protocol/cold Node+Wasm/copy/crash states","reject for operation","Reopen only if upstream or a bounded probe supplies a supported faithful runtime-hosted-sidecar surface for direct SEA generation."
"node-sea","NODE-DIRECT-SEA","C","persistent provider sessions","persistent-session","single representative family for this candidate","GATE-FAIL: no reusable provider state to amortize; direct builder is one-shot","not-applicable-after-semantic-gate","not-applicable-after-semantic-gate; not available as a supported provider surface","not-applicable-after-semantic-gate; no supported faithful request/result boundary","not-applicable-after-semantic-gate; would require effect-build to own an unsupported engine/ABI or substitute semantics","unproven/non-fit; unproven","unproven/non-fit; unproven","unproven/non-fit; unproven","postject creates its Wasm module per call and Node SEA exposes no reusable assembly context; compatibility: unsupported coupling","not evaluated after semantic gate; none","not evaluated after semantic gate; would require new native/source distribution","bounded negative backed by Node SEA docs:21-137 and node_sea_bin.cc:380-480 @ b4f23d3; NodeSea.ts:671-728","none until semantic gate passes","invalid/non-fit; adds stale handles/backpressure/restart/idle memory without semantic gain","reject for operation","Reopen only if upstream or a bounded probe supplies a supported faithful persistent-session surface for direct SEA generation."
"node-sea","NODE-DIRECT-SEA","D","embedded/native/WASM engines","official-language-library","single representative family for this candidate","GATE-FAIL: cannot assemble/inject SEA through an official language library","not-applicable-after-semantic-gate","not-applicable-after-semantic-gate; not available as a supported provider surface","not-applicable-after-semantic-gate; no supported faithful request/result boundary","not-applicable-after-semantic-gate; would require effect-build to own an unsupported engine/ABI or substitute semantics","unproven/non-fit; unproven","unproven/non-fit; unproven","unproven/non-fit; unproven","no supported official Node SEA library API found at v26.7.0; public C++ embedder is a distinct runtime product; compatibility: unsupported coupling","not evaluated after semantic gate; none","not evaluated after semantic gate; would require new native/source distribution","bounded negative backed by Node SEA docs:21-137 and node_sea_bin.cc:380-480 @ b4f23d3; NodeSea.ts:671-728","none until semantic gate passes","invalid/non-fit; would require Node internal linkage or another injector","reject for operation","Reopen only if upstream or a bounded probe supplies a supported faithful official-language-library surface for direct SEA generation."
"node-sea","NODE-DIRECT-SEA","E","inverted/declarative integration","declarative-artifact","adjunct only; requires a selected primary route","adjunct-only-not-standalone: required declarative adjunct to selected Node, postject injection, and the final node:sea runtime","medium-base-selected-builder-companion-selected; config explicitly binds main/base/output/options/assets; resource name/fuse bind legacy injection and runtime","not an executor; distribution: ordinary config/blob plus exact Node/base; platform signing after mutation","not an executor; retained inputs: retains native fields; unknown config fields currently ignored","config explicitly binds main/base/output/options/assets; resource name/fuse bind legacy injection and runtime","consumed by primary route; one-shot config/private blob; durable final executable/resource","not a standalone session; one-shot config/private blob; durable final executable/resource","private blob and durable runtime resource; final publication remains caller-owned","documented Stability-1.1 config/blob/runtime layout; blob encoding itself is not versioned portable schema; compatibility: exact Node version/target/fuse; snapshot/cache host restrictions","filesystem JSON and binary resource handoff; reduces argv field explosion but requires exact identity/validation","ordinary config/blob plus exact Node/base; platform signing after mutation","observe artifact and selected primary route; exact Node version/target/fuse; snapshot/cache host restrictions","Reuse Effect Scope for owned handles/children, ChildProcess for selected processes, FileSystem/Path for explicit mutation, Stream only for a real typed event source, Layer for selection and dependency provision, and preserve Cause interruption.","reduces argv field explosion but requires exact identity/validation","viable now as an adjunct to the selected primary route; adjunct only","Reject as a standalone candidate; retain only as an adjunct to the explicitly selected primary route for direct SEA generation."
"node-sea","NODE-DIRECT-SEA","F","operation-specific portfolio","selected-command+declarative-artifact","selected command consumes the documented config artifact","selected-command:faithful in declared domain: preferred direct and legacy-blob mechanism; operation status: CAN-NODE-001 frozen for 0.4 | declarative-artifact:adjunct-only-not-standalone: required declarative adjunct to selected Node, postject injection, and the final node:sea runtime","selected-command:explicit selected builder/base/cwd/config/target; current effect-build intentionally uses same selected path for builder and base | declarative-artifact:medium-base-selected-builder-companion-selected; config explicitly binds main/base/output/options/assets; resource name/fuse bind legacy injection and runtime","selected-command:selected exact Node child running native LIEF builder/blob generator; distribution: exact Node binary with LIEF per target; post-mutation signing may be required | declarative-artifact:not an executor; distribution: ordinary config/blob plus exact Node/base; platform signing after mutation","selected-command:native main/assets/snapshot/cache/args fields; terminal failures are not typed; one-shot scoped child; provider directly truncates/writes private candidate | declarative-artifact:not an executor; retained inputs: retains native fields; unknown config fields currently ignored","selected-command:explicit selected builder/base/cwd/config/target; current effect-build intentionally uses same selected path for builder and base | declarative-artifact:config explicitly binds main/base/output/options/assets; resource name/fuse bind legacy injection and runtime","selected-command:one-shot scoped child; provider directly truncates/writes private candidate | declarative-artifact:consumed by primary route; one-shot config/private blob; durable final executable/resource","selected-command:one-shot scoped child; provider directly truncates/writes private candidate; state cost: smallest supported direct route; Effect staging removes Node writer's unsafe destination mutation | declarative-artifact:not a standalone session; one-shot config/private blob; durable final executable/resource","selected-command:private blob or executable; effect-build validates and atomically publishes final candidate | declarative-artifact:private blob and durable runtime resource; final publication remains caller-owned","selected-command:documented public experimental Node 26.7.0 SEA surface, Stability 1.1, MIT; compatibility: exact builder/base version, target and snapshot/cache restrictions; support verdict: viable now | declarative-artifact:documented Stability-1.1 config/blob/runtime layout; blob encoding itself is not versioned portable schema; compatibility: exact Node version/target/fuse; snapshot/cache host restrictions","selected-command:argv, JSON config, terminal streams, filesystem; smallest supported direct route; Effect staging removes Node writer's unsafe destination mutation | declarative-artifact:filesystem JSON and binary resource handoff; reduces argv field explosion but requires exact identity/validation","selected-command:exact Node binary with LIEF per target; post-mutation signing may be required | declarative-artifact:ordinary config/blob plus exact Node/base; platform signing after mutation","selected-command:exact builder/base version, target and snapshot/cache restrictions; evidence: Node SEA docs:21-137 and node_sea_bin.cc:380-480 @ b4f23d3; NodeSea.ts:671-728 | declarative-artifact:observe artifact and selected primary route; exact Node version/target/fuse; snapshot/cache host restrictions","Reuse Effect Scope for owned handles/children, ChildProcess for selected processes, FileSystem/Path for explicit mutation, Stream only for a real typed event source, Layer for selection and dependency provision, and preserve Cause interruption.","selected-command:smallest supported direct route; Effect staging removes Node writer's unsafe destination mutation | declarative-artifact:reduces argv field explosion but requires exact identity/validation","selected exact Node --build-sea with private candidate and atomic publication","Reject this portfolio if any selected route cannot preserve direct SEA generation under its authority/lifetime record, or if one supported route preserves all required semantics with fewer total states."
"node-sea","NODE-LEGACY-BLOB","A","current operation-specific hybrid","selected-command","single representative family for this candidate","faithful in declared domain: preferred direct and legacy-blob mechanism; operation status: documented verification flow; not frozen","explicit selected builder/base/cwd/config/target; current effect-build intentionally uses same selected path for builder and base","selected exact Node child running native LIEF builder/blob generator; distribution: exact Node binary with LIEF per target; post-mutation signing may be required","native main/assets/snapshot/cache/args fields; terminal failures are not typed; one-shot scoped child; provider directly truncates/writes private candidate","explicit selected builder/base/cwd/config/target; current effect-build intentionally uses same selected path for builder and base","one-shot scoped child; provider directly truncates/writes private candidate","one-shot scoped child; provider directly truncates/writes private candidate; state cost: smallest supported direct route; Effect staging removes Node writer's unsafe destination mutation","private blob or executable; effect-build validates and atomically publishes final candidate","documented public experimental Node 26.7.0 SEA surface, Stability 1.1, MIT; compatibility: exact builder/base version, target and snapshot/cache restrictions; support verdict: viable now","argv, JSON config, terminal streams, filesystem; smallest supported direct route; Effect staging removes Node writer's unsafe destination mutation","exact Node binary with LIEF per target; post-mutation signing may be required","exact builder/base version, target and snapshot/cache restrictions; evidence: Node SEA docs:495-625 @ b4f23d3","Reuse Effect Scope for owned handles/children, ChildProcess for selected processes, FileSystem/Path for explicit mutation, Stream only for a real typed event source, Layer for selection and dependency provision, and preserve Cause interruption.","smallest supported direct route; Effect staging removes Node writer's unsafe destination mutation","viable now","Reject if the mechanism cannot preserve legacy preparation-blob generation under the authority/lifetime stated in MECHANISM-COVERAGE.csv."
"node-sea","NODE-LEGACY-BLOB","B","provider-host sidecars","runtime-hosted-sidecar","single representative family for this candidate","GATE-FAIL: wrapping node --build-sea is merely CLI RPC and a daemon has no reusable engine","not-applicable-after-semantic-gate","not-applicable-after-semantic-gate; selected Node child calls pinned postject API","not-applicable-after-semantic-gate; serializable paths/bytes/options; machine failure envelope","not-applicable-after-semantic-gate; effect-build selects Node/postject/protocol; request selects private candidate/blob","unproven/non-fit; one-shot process can be killed for fault isolation; crash during write yields outcome unknown on private candidate","unproven/non-fit; one-shot process can be killed for fault isolation; crash during write yields outcome unknown on private candidate","unproven/non-fit; private candidate mutation followed by caller validation/publication","bounded effect-build adapter over third-party alpha API; compatibility: Node/postject/capability handshake","not evaluated after semantic gate; owned RPC plus filesystem","not evaluated after semantic gate; Node+postject server per platform","bounded negative backed by Node SEA docs:495-625 @ b4f23d3","none until semantic gate passes","invalid/non-fit; protocol/cold Node+Wasm/copy/crash states","reject for operation","Reopen only if upstream or a bounded probe supplies a supported faithful runtime-hosted-sidecar surface for legacy preparation-blob generation."
"node-sea","NODE-LEGACY-BLOB","C","persistent provider sessions","persistent-session","single representative family for this candidate","GATE-FAIL: no reusable provider state to amortize; direct builder is one-shot","not-applicable-after-semantic-gate","not-applicable-after-semantic-gate; not available as a supported provider surface","not-applicable-after-semantic-gate; no supported faithful request/result boundary","not-applicable-after-semantic-gate; would require effect-build to own an unsupported engine/ABI or substitute semantics","unproven/non-fit; unproven","unproven/non-fit; unproven","unproven/non-fit; unproven","postject creates its Wasm module per call and Node SEA exposes no reusable assembly context; compatibility: unsupported coupling","not evaluated after semantic gate; none","not evaluated after semantic gate; would require new native/source distribution","bounded negative backed by Node SEA docs:495-625 @ b4f23d3","none until semantic gate passes","invalid/non-fit; adds stale handles/backpressure/restart/idle memory without semantic gain","reject for operation","Reopen only if upstream or a bounded probe supplies a supported faithful persistent-session surface for legacy preparation-blob generation."
"node-sea","NODE-LEGACY-BLOB","D","embedded/native/WASM engines","official-language-library","single representative family for this candidate","GATE-FAIL: cannot assemble/inject SEA through an official language library","not-applicable-after-semantic-gate","not-applicable-after-semantic-gate; not available as a supported provider surface","not-applicable-after-semantic-gate; no supported faithful request/result boundary","not-applicable-after-semantic-gate; would require effect-build to own an unsupported engine/ABI or substitute semantics","unproven/non-fit; unproven","unproven/non-fit; unproven","unproven/non-fit; unproven","no supported official Node SEA library API found at v26.7.0; public C++ embedder is a distinct runtime product; compatibility: unsupported coupling","not evaluated after semantic gate; none","not evaluated after semantic gate; would require new native/source distribution","bounded negative backed by Node SEA docs:495-625 @ b4f23d3","none until semantic gate passes","invalid/non-fit; would require Node internal linkage or another injector","reject for operation","Reopen only if upstream or a bounded probe supplies a supported faithful official-language-library surface for legacy preparation-blob generation."
"node-sea","NODE-LEGACY-BLOB","E","inverted/declarative integration","declarative-artifact","adjunct only; requires a selected primary route","adjunct-only-not-standalone: required declarative adjunct to selected Node, postject injection, and the final node:sea runtime","low-artifact-does-not-select-builder-or-runtime; config explicitly binds main/base/output/options/assets; resource name/fuse bind legacy injection and runtime","not an executor; distribution: ordinary config/blob plus exact Node/base; platform signing after mutation","not an executor; retained inputs: retains native fields; unknown config fields currently ignored","config explicitly binds main/base/output/options/assets; resource name/fuse bind legacy injection and runtime","consumed by primary route; one-shot config/private blob; durable final executable/resource","not a standalone session; one-shot config/private blob; durable final executable/resource","private blob and durable runtime resource; final publication remains caller-owned","documented Stability-1.1 config/blob/runtime layout; blob encoding itself is not versioned portable schema; compatibility: exact Node version/target/fuse; snapshot/cache host restrictions","filesystem JSON and binary resource handoff; reduces argv field explosion but requires exact identity/validation","ordinary config/blob plus exact Node/base; platform signing after mutation","observe artifact and selected primary route; exact Node version/target/fuse; snapshot/cache host restrictions","Reuse Effect Scope for owned handles/children, ChildProcess for selected processes, FileSystem/Path for explicit mutation, Stream only for a real typed event source, Layer for selection and dependency provision, and preserve Cause interruption.","reduces argv field explosion but requires exact identity/validation","viable now as an adjunct to the selected primary route; adjunct only","Reject as a standalone candidate; retain only as an adjunct to the explicitly selected primary route for legacy preparation-blob generation."
"node-sea","NODE-LEGACY-BLOB","F","operation-specific portfolio","selected-command+declarative-artifact","selected command produces an exact-version private blob artifact","selected-command:faithful in declared domain: preferred direct and legacy-blob mechanism; operation status: documented verification flow; not frozen | declarative-artifact:adjunct-only-not-standalone: required declarative adjunct to selected Node, postject injection, and the final node:sea runtime","selected-command:explicit selected builder/base/cwd/config/target; current effect-build intentionally uses same selected path for builder and base | declarative-artifact:low-artifact-does-not-select-builder-or-runtime; config explicitly binds main/base/output/options/assets; resource name/fuse bind legacy injection and runtime","selected-command:selected exact Node child running native LIEF builder/blob generator; distribution: exact Node binary with LIEF per target; post-mutation signing may be required | declarative-artifact:not an executor; distribution: ordinary config/blob plus exact Node/base; platform signing after mutation","selected-command:native main/assets/snapshot/cache/args fields; terminal failures are not typed; one-shot scoped child; provider directly truncates/writes private candidate | declarative-artifact:not an executor; retained inputs: retains native fields; unknown config fields currently ignored","selected-command:explicit selected builder/base/cwd/config/target; current effect-build intentionally uses same selected path for builder and base | declarative-artifact:config explicitly binds main/base/output/options/assets; resource name/fuse bind legacy injection and runtime","selected-command:one-shot scoped child; provider directly truncates/writes private candidate | declarative-artifact:consumed by primary route; one-shot config/private blob; durable final executable/resource","selected-command:one-shot scoped child; provider directly truncates/writes private candidate; state cost: smallest supported direct route; Effect staging removes Node writer's unsafe destination mutation | declarative-artifact:not a standalone session; one-shot config/private blob; durable final executable/resource","selected-command:private blob or executable; effect-build validates and atomically publishes final candidate | declarative-artifact:private blob and durable runtime resource; final publication remains caller-owned","selected-command:documented public experimental Node 26.7.0 SEA surface, Stability 1.1, MIT; compatibility: exact builder/base version, target and snapshot/cache restrictions; support verdict: viable now | declarative-artifact:documented Stability-1.1 config/blob/runtime layout; blob encoding itself is not versioned portable schema; compatibility: exact Node version/target/fuse; snapshot/cache host restrictions","selected-command:argv, JSON config, terminal streams, filesystem; smallest supported direct route; Effect staging removes Node writer's unsafe destination mutation | declarative-artifact:filesystem JSON and binary resource handoff; reduces argv field explosion but requires exact identity/validation","selected-command:exact Node binary with LIEF per target; post-mutation signing may be required | declarative-artifact:ordinary config/blob plus exact Node/base; platform signing after mutation","selected-command:exact builder/base version, target and snapshot/cache restrictions; evidence: Node SEA docs:495-625 @ b4f23d3 | declarative-artifact:observe artifact and selected primary route; exact Node version/target/fuse; snapshot/cache host restrictions","Reuse Effect Scope for owned handles/children, ChildProcess for selected processes, FileSystem/Path for explicit mutation, Stream only for a real typed event source, Layer for selection and dependency provision, and preserve Cause interruption.","selected-command:smallest supported direct route; Effect staging removes Node writer's unsafe destination mutation | declarative-artifact:reduces argv field explosion but requires exact identity/validation","selected exact Node command; blob remains exact-version private artifact","Reject this portfolio if any selected route cannot preserve legacy preparation-blob generation under its authority/lifetime record, or if one supported route preserves all required semantics with fewer total states."
"node-sea","NODE-LEGACY-INJECT","A","current operation-specific hybrid","direct-host-api","single representative family for this candidate","GATE-FAIL: no supported JS assembly function exists","not-applicable-after-semantic-gate","not-applicable-after-semantic-gate; inside produced SEA artifact at runtime","not-applicable-after-semantic-gate; asset keys/bytes/borrowed raw asset memory","not-applicable-after-semantic-gate; built artifact/base determines runtime","unproven/non-fit; artifact process lifetime; required operation law: one injection attempt against a private candidate; the boundary must state whether work is non-cancellable in-process or kill-isolated with outcome-unknown mutation","unproven/non-fit; artifact process lifetime","unproven/non-fit; copies/blobs or borrowed executable memory; required operation ownership: provider-direct in-place mutation; caller must validate before publication","documented public experimental Node 26.7.0 runtime API, Stability 1.1, MIT; compatibility: Node SEA runtime contract","not evaluated after semantic gate; direct built-in calls","not evaluated after semantic gate; inside exact SEA runtime","bounded negative backed by nodejs/postject api.js:1-163 @ 3c4f208 and Node SEA docs","none until semantic gate passes","invalid/non-fit; no build adapter impact","reject for operation","Reopen only if upstream or a bounded probe supplies a supported faithful direct-host-api surface for inject a legacy preparation blob."
"node-sea","NODE-LEGACY-INJECT","B","provider-host sidecars","runtime-hosted-sidecar","single representative family for this candidate","faithful in declared domain: only when orchestrator host cannot load postject or kill isolation is required; operation status: not frozen","effect-build selects Node/postject/protocol; request selects private candidate/blob","selected Node child calls pinned postject API; distribution: Node+postject server per platform","serializable paths/bytes/options; machine failure envelope; one-shot process can be killed for fault isolation; crash during write yields outcome unknown on private candidate","effect-build selects Node/postject/protocol; request selects private candidate/blob","one-shot process can be killed for fault isolation; crash during write yields outcome unknown on private candidate; required operation law: one injection attempt against a private candidate; the boundary must state whether work is non-cancellable in-process or kill-isolated with outcome-unknown mutation","one-shot process can be killed for fault isolation; crash during write yields outcome unknown on private candidate; state cost: protocol/cold Node+Wasm/copy/crash states","private candidate mutation followed by caller validation/publication; required operation ownership: provider-direct in-place mutation; caller must validate before publication","bounded effect-build adapter over third-party alpha API; compatibility: Node/postject/capability handshake; support verdict: viable bounded adapter for legacy injection only","owned RPC plus filesystem; protocol/cold Node+Wasm/copy/crash states","Node+postject server per platform","Node/postject/capability handshake; evidence: nodejs/postject api.js:1-163 @ 3c4f208 and Node SEA docs","Reuse Effect Scope for owned handles/children, ChildProcess for selected processes, FileSystem/Path for explicit mutation, Stream only for a real typed event source, Layer for selection and dependency provision, and preserve Cause interruption.","protocol/cold Node+Wasm/copy/crash states","viable bounded adapter for legacy injection only","Reject if the mechanism cannot preserve inject a legacy preparation blob under the authority/lifetime stated in MECHANISM-COVERAGE.csv."
"node-sea","NODE-LEGACY-INJECT","C","persistent provider sessions","persistent-session","single representative family for this candidate","GATE-FAIL: no reusable provider state to amortize; direct builder is one-shot","not-applicable-after-semantic-gate","not-applicable-after-semantic-gate; not available as a supported provider surface","not-applicable-after-semantic-gate; no supported faithful request/result boundary","not-applicable-after-semantic-gate; would require effect-build to own an unsupported engine/ABI or substitute semantics","unproven/non-fit; unproven; required operation law: one injection attempt against a private candidate; the boundary must state whether work is non-cancellable in-process or kill-isolated with outcome-unknown mutation","unproven/non-fit; unproven","unproven/non-fit; unproven; required operation ownership: provider-direct in-place mutation; caller must validate before publication","postject creates its Wasm module per call and Node SEA exposes no reusable assembly context; compatibility: unsupported coupling","not evaluated after semantic gate; none","not evaluated after semantic gate; would require new native/source distribution","bounded negative backed by nodejs/postject api.js:1-163 @ 3c4f208 and Node SEA docs","none until semantic gate passes","invalid/non-fit; adds stale handles/backpressure/restart/idle memory without semantic gain","reject for operation","Reopen only if upstream or a bounded probe supplies a supported faithful persistent-session surface for inject a legacy preparation blob."
"node-sea","NODE-LEGACY-INJECT","D","embedded/native/WASM engines","native-bridge","single representative family for this candidate","faithful in declared domain: genuine programmatic legacy injection; operation status: not frozen","package selects injector/LIEF independently; caller selects base/blob/resource/fuse","same Node isolate plus bundled LIEF/Emscripten Wasm; distribution: Node package/Wasm; independently certify every format/Node/LIEF combination","Buffer blob and options; structured Error only, no AbortSignal; one-shot Promise; interruption cannot stop Wasm or later write","package selects injector/LIEF independently; caller selects base/blob/resource/fuse","one-shot Promise; interruption cannot stop Wasm or later write; required operation law: one injection attempt against a private candidate; the boundary must state whether work is non-cancellable in-process or kill-isolated with outcome-unknown mutation","one-shot Promise; interruption cannot stop Wasm or later write; state cost: adds injector/version/LIEF/mutation axis","whole executable rebuilt and mutated in place; copies across JS/C++/Wasm; required operation ownership: provider-direct in-place mutation; caller must validate before publication","supported external nodejs/postject 1.0.0-alpha.6, MIT; LIEF Apache-2.0; prerelease/no declarations; compatibility: alpha API and Node SEA resource/fuse; postject LIEF 0.13 differs from Node 26.7 LIEF 0.17; support verdict: viable with bounded package-private adapter only if legacy injection is required","direct JS/Wasm calls and filesystem paths; adds injector/version/LIEF/mutation axis","Node package/Wasm; independently certify every format/Node/LIEF combination","alpha API and Node SEA resource/fuse; postject LIEF 0.13 differs from Node 26.7 LIEF 0.17; evidence: nodejs/postject api.js:1-163 @ 3c4f208 and Node SEA docs","Reuse Effect Scope for owned handles/children, ChildProcess for selected processes, FileSystem/Path for explicit mutation, Stream only for a real typed event source, Layer for selection and dependency provision, and preserve Cause interruption.","adds injector/version/LIEF/mutation axis","viable with bounded package-private adapter only if legacy injection is required","Reject if the mechanism cannot preserve inject a legacy preparation blob under the authority/lifetime stated in MECHANISM-COVERAGE.csv."
"node-sea","NODE-LEGACY-INJECT","E","inverted/declarative integration","declarative-artifact","adjunct only; requires a selected primary route","adjunct-only-not-standalone: required declarative adjunct to selected Node, postject injection, and the final node:sea runtime","low-artifact-does-not-select-builder-or-runtime; config explicitly binds main/base/output/options/assets; resource name/fuse bind legacy injection and runtime","not an executor; distribution: ordinary config/blob plus exact Node/base; platform signing after mutation","not an executor; retained inputs: retains native fields; unknown config fields currently ignored","config explicitly binds main/base/output/options/assets; resource name/fuse bind legacy injection and runtime","consumed by primary route; one-shot config/private blob; durable final executable/resource; required operation law: one injection attempt against a private candidate; the boundary must state whether work is non-cancellable in-process or kill-isolated with outcome-unknown mutation","not a standalone session; one-shot config/private blob; durable final executable/resource","private blob and durable runtime resource; final publication remains caller-owned; required operation ownership: provider-direct in-place mutation; caller must validate before publication","documented Stability-1.1 config/blob/runtime layout; blob encoding itself is not versioned portable schema; compatibility: exact Node version/target/fuse; snapshot/cache host restrictions","filesystem JSON and binary resource handoff; reduces argv field explosion but requires exact identity/validation","ordinary config/blob plus exact Node/base; platform signing after mutation","observe artifact and selected primary route; exact Node version/target/fuse; snapshot/cache host restrictions","Reuse Effect Scope for owned handles/children, ChildProcess for selected processes, FileSystem/Path for explicit mutation, Stream only for a real typed event source, Layer for selection and dependency provision, and preserve Cause interruption.","reduces argv field explosion but requires exact identity/validation","viable now as an adjunct to the selected primary route; adjunct only","Reject as a standalone candidate; retain only as an adjunct to the explicitly selected primary route for inject a legacy preparation blob."
"node-sea","NODE-LEGACY-INJECT","F","operation-specific portfolio","native-bridge+declarative-artifact","postject injection consumes the exact preparation blob/resource-and-fuse artifact","native-bridge:faithful in declared domain: genuine programmatic legacy injection; operation status: not frozen | declarative-artifact:adjunct-only-not-standalone: required declarative adjunct to selected Node, postject injection, and the final node:sea runtime","native-bridge:package selects injector/LIEF independently; caller selects base/blob/resource/fuse | declarative-artifact:low-artifact-does-not-select-builder-or-runtime; config explicitly binds main/base/output/options/assets; resource name/fuse bind legacy injection and runtime","native-bridge:same Node isolate plus bundled LIEF/Emscripten Wasm; distribution: Node package/Wasm; independently certify every format/Node/LIEF combination | declarative-artifact:not an executor; distribution: ordinary config/blob plus exact Node/base; platform signing after mutation","native-bridge:Buffer blob and options; structured Error only, no AbortSignal; one-shot Promise; interruption cannot stop Wasm or later write | declarative-artifact:not an executor; retained inputs: retains native fields; unknown config fields currently ignored","native-bridge:package selects injector/LIEF independently; caller selects base/blob/resource/fuse | declarative-artifact:config explicitly binds main/base/output/options/assets; resource name/fuse bind legacy injection and runtime","native-bridge:one-shot Promise; interruption cannot stop Wasm or later write; required operation law: one injection attempt against a private candidate; the boundary must state whether work is non-cancellable in-process or kill-isolated with outcome-unknown mutation | declarative-artifact:consumed by primary route; one-shot config/private blob; durable final executable/resource; required operation law: one injection attempt against a private candidate; the boundary must state whether work is non-cancellable in-process or kill-isolated with outcome-unknown mutation","native-bridge:one-shot Promise; interruption cannot stop Wasm or later write; state cost: adds injector/version/LIEF/mutation axis | declarative-artifact:not a standalone session; one-shot config/private blob; durable final executable/resource","native-bridge:whole executable rebuilt and mutated in place; copies across JS/C++/Wasm; required operation ownership: provider-direct in-place mutation; caller must validate before publication | declarative-artifact:private blob and durable runtime resource; final publication remains caller-owned; required operation ownership: provider-direct in-place mutation; caller must validate before publication","native-bridge:supported external nodejs/postject 1.0.0-alpha.6, MIT; LIEF Apache-2.0; prerelease/no declarations; compatibility: alpha API and Node SEA resource/fuse; postject LIEF 0.13 differs from Node 26.7 LIEF 0.17; support verdict: viable with bounded package-private adapter only if legacy injection is required | declarative-artifact:documented Stability-1.1 config/blob/runtime layout; blob encoding itself is not versioned portable schema; compatibility: exact Node version/target/fuse; snapshot/cache host restrictions","native-bridge:direct JS/Wasm calls and filesystem paths; adds injector/version/LIEF/mutation axis | declarative-artifact:filesystem JSON and binary resource handoff; reduces argv field explosion but requires exact identity/validation","native-bridge:Node package/Wasm; independently certify every format/Node/LIEF combination | declarative-artifact:ordinary config/blob plus exact Node/base; platform signing after mutation","native-bridge:alpha API and Node SEA resource/fuse; postject LIEF 0.13 differs from Node 26.7 LIEF 0.17; evidence: nodejs/postject api.js:1-163 @ 3c4f208 and Node SEA docs | declarative-artifact:observe artifact and selected primary route; exact Node version/target/fuse; snapshot/cache host restrictions","Reuse Effect Scope for owned handles/children, ChildProcess for selected processes, FileSystem/Path for explicit mutation, Stream only for a real typed event source, Layer for selection and dependency provision, and preserve Cause interruption.","native-bridge:adds injector/version/LIEF/mutation axis | declarative-artifact:reduces argv field explosion but requires exact identity/validation","pinned postject programmatic adapter only if legacy injection becomes required","Reject this portfolio if any selected route cannot preserve inject a legacy preparation blob under its authority/lifetime record, or if one supported route preserves all required semantics with fewer total states."
"node-sea","NODE-CANDIDATE-REPAIR","A","current operation-specific hybrid","selected-command","single representative family for this candidate","faithful in declared domain: candidate repair after a named mutation only; operation status: platform operation; not frozen","caller selects tool and private candidate; effect-build owns later validation/publication; platform repair tool owns metadata mutation; effect-build retains candidate/publication ownership","selected local platform-tool child; distribution: platform toolchain required on artifact host","private mutated candidate and explicit repair policy; one-shot scoped child","caller selects tool and private candidate; effect-build owns later validation/publication","one-shot scoped child","one-shot scoped child; state cost: adds one explicit post-mutation platform stage","mutated private candidate only; required operation ownership: mutated private candidate only","platform-specific public tool; no portable Node-owned repair API; compatibility: platform format/tool/version specific; support verdict: viable only when a target requires repair","argv, terminal streams, private candidate filesystem mutation; adds one explicit post-mutation platform stage","platform toolchain required on artifact host","platform format/tool/version specific; evidence: Node SEA docs and node_sea_bin.cc @ b4f23d3","Reuse Effect Scope for owned handles/children, ChildProcess for selected processes, FileSystem/Path for explicit mutation, Stream only for a real typed event source, Layer for selection and dependency provision, and preserve Cause interruption.","adds one explicit post-mutation platform stage","viable only when a target requires repair","Reject if the mechanism cannot preserve repair platform metadata after SEA mutation under the authority/lifetime stated in MECHANISM-COVERAGE.csv."
"node-sea","NODE-CANDIDATE-REPAIR","B","provider-host sidecars","runtime-hosted-sidecar","single representative family for this candidate","GATE-FAIL: wrapping node --build-sea is merely CLI RPC and a daemon has no reusable engine","not-applicable-after-semantic-gate","not-applicable-after-semantic-gate; selected Node child calls pinned postject API","not-applicable-after-semantic-gate; serializable paths/bytes/options; machine failure envelope","not-applicable-after-semantic-gate; effect-build selects Node/postject/protocol; request selects private candidate/blob","unproven/non-fit; one-shot process can be killed for fault isolation; crash during write yields outcome unknown on private candidate","unproven/non-fit; one-shot process can be killed for fault isolation; crash during write yields outcome unknown on private candidate","unproven/non-fit; private candidate mutation followed by caller validation/publication; required operation ownership: mutated private candidate only","bounded effect-build adapter over third-party alpha API; compatibility: Node/postject/capability handshake","not evaluated after semantic gate; owned RPC plus filesystem","not evaluated after semantic gate; Node+postject server per platform","bounded negative backed by Node SEA docs and node_sea_bin.cc @ b4f23d3","none until semantic gate passes","invalid/non-fit; protocol/cold Node+Wasm/copy/crash states","reject for operation","Reopen only if upstream or a bounded probe supplies a supported faithful runtime-hosted-sidecar surface for repair platform metadata after SEA mutation."
"node-sea","NODE-CANDIDATE-REPAIR","C","persistent provider sessions","persistent-session","single representative family for this candidate","GATE-FAIL: no reusable provider state to amortize; direct builder is one-shot","not-applicable-after-semantic-gate","not-applicable-after-semantic-gate; not available as a supported provider surface","not-applicable-after-semantic-gate; no supported faithful request/result boundary","not-applicable-after-semantic-gate; would require effect-build to own an unsupported engine/ABI or substitute semantics","unproven/non-fit; unproven","unproven/non-fit; unproven","unproven/non-fit; unproven; required operation ownership: mutated private candidate only","postject creates its Wasm module per call and Node SEA exposes no reusable assembly context; compatibility: unsupported coupling","not evaluated after semantic gate; none","not evaluated after semantic gate; would require new native/source distribution","bounded negative backed by Node SEA docs and node_sea_bin.cc @ b4f23d3","none until semantic gate passes","invalid/non-fit; adds stale handles/backpressure/restart/idle memory without semantic gain","reject for operation","Reopen only if upstream or a bounded probe supplies a supported faithful persistent-session surface for repair platform metadata after SEA mutation."
"node-sea","NODE-CANDIDATE-REPAIR","D","embedded/native/WASM engines","official-language-library","single representative family for this candidate","GATE-FAIL: cannot assemble/inject SEA through an official language library","not-applicable-after-semantic-gate","not-applicable-after-semantic-gate; not available as a supported provider surface","not-applicable-after-semantic-gate; no supported faithful request/result boundary","not-applicable-after-semantic-gate; would require effect-build to own an unsupported engine/ABI or substitute semantics","unproven/non-fit; unproven","unproven/non-fit; unproven","unproven/non-fit; unproven; required operation ownership: mutated private candidate only","no supported official Node SEA library API found at v26.7.0; public C++ embedder is a distinct runtime product; compatibility: unsupported coupling","not evaluated after semantic gate; none","not evaluated after semantic gate; would require new native/source distribution","bounded negative backed by Node SEA docs and node_sea_bin.cc @ b4f23d3","none until semantic gate passes","invalid/non-fit; would require Node internal linkage or another injector","reject for operation","Reopen only if upstream or a bounded probe supplies a supported faithful official-language-library surface for repair platform metadata after SEA mutation."
"node-sea","NODE-CANDIDATE-REPAIR","E","inverted/declarative integration","inverted-plugin","single representative family for this candidate","GATE-FAIL: runtime module loading occurs after artifact startup and is not assembly","not-applicable-after-semantic-gate","not-applicable-after-semantic-gate; not available as a supported provider surface","not-applicable-after-semantic-gate; no supported faithful request/result boundary","not-applicable-after-semantic-gate; would require effect-build to own an unsupported engine/ABI or substitute semantics","unproven/non-fit; unproven","unproven/non-fit; unproven","unproven/non-fit; unproven; required operation ownership: mutated private candidate only","no Node SEA build-time plugin/hook/callback surface found at v26.7.0; compatibility: unsupported coupling","not evaluated after semantic gate; none","not evaluated after semantic gate; would require new native/source distribution","bounded negative backed by Node SEA docs and node_sea_bin.cc @ b4f23d3","none until semantic gate passes","invalid/non-fit; invented hooks would require a custom builder/fork","reject for operation","Reopen only if upstream or a bounded probe supplies a supported faithful inverted-plugin surface for repair platform metadata after SEA mutation."
"node-sea","NODE-CANDIDATE-REPAIR","F","operation-specific portfolio","selected-command","single selected route","faithful in declared domain: candidate repair after a named mutation only; operation status: platform operation; not frozen","caller selects tool and private candidate; effect-build owns later validation/publication; platform repair tool owns metadata mutation; effect-build retains candidate/publication ownership","selected local platform-tool child; distribution: platform toolchain required on artifact host","private mutated candidate and explicit repair policy; one-shot scoped child","caller selects tool and private candidate; effect-build owns later validation/publication","one-shot scoped child","one-shot scoped child; state cost: adds one explicit post-mutation platform stage","mutated private candidate only; required operation ownership: mutated private candidate only","platform-specific public tool; no portable Node-owned repair API; compatibility: platform format/tool/version specific; support verdict: viable only when a target requires repair","argv, terminal streams, private candidate filesystem mutation; adds one explicit post-mutation platform stage","platform toolchain required on artifact host","platform format/tool/version specific; evidence: Node SEA docs and node_sea_bin.cc @ b4f23d3","Reuse Effect Scope for owned handles/children, ChildProcess for selected processes, FileSystem/Path for explicit mutation, Stream only for a real typed event source, Layer for selection and dependency provision, and preserve Cause interruption.","adds one explicit post-mutation platform stage","explicit selected-command platform capability on a private candidate; never a hidden fallback","Reject this portfolio if any selected route cannot preserve repair platform metadata after SEA mutation under its authority/lifetime record, or if one supported route preserves all required semantics with fewer total states."
"node-sea","NODE-SIGN","A","current operation-specific hybrid","selected-command","single representative family for this candidate","faithful in declared domain: post-mutation signing only; operation status: distribution operation; not frozen","caller selects signer, identity, credentials, and candidate; caller/platform selects signing identity and credentials","selected local signing child; distribution: target-platform signer and credentials required","private mutated executable plus signing policy/identity; one-shot scoped child; credential prompts must not be inferred","caller selects signer, identity, credentials, and candidate","one-shot scoped child; credential prompts must not be inferred","one-shot scoped child; credential prompts must not be inferred; state cost: separate security-sensitive platform stage","signed private candidate followed by validation/publication; required operation ownership: signed private candidate, then caller validation/publication","documented platform signing tools; outside Node SEA API; compatibility: platform signature format and toolchain; support verdict: viable when distribution policy requires signing","argv, credential/keychain authority, terminal streams, private candidate mutation; separate security-sensitive platform stage","target-platform signer and credentials required","platform signature format and toolchain; evidence: Node SEA docs signing guidance @ b4f23d3","Reuse Effect Scope for owned handles/children, ChildProcess for selected processes, FileSystem/Path for explicit mutation, Stream only for a real typed event source, Layer for selection and dependency provision, and preserve Cause interruption.","separate security-sensitive platform stage","viable when distribution policy requires signing","Reject if the mechanism cannot preserve sign a mutated SEA candidate under the authority/lifetime stated in MECHANISM-COVERAGE.csv."
"node-sea","NODE-SIGN","B","provider-host sidecars","runtime-hosted-sidecar","single representative family for this candidate","GATE-FAIL: wrapping node --build-sea is merely CLI RPC and a daemon has no reusable engine","not-applicable-after-semantic-gate","not-applicable-after-semantic-gate; selected Node child calls pinned postject API","not-applicable-after-semantic-gate; serializable paths/bytes/options; machine failure envelope","not-applicable-after-semantic-gate; effect-build selects Node/postject/protocol; request selects private candidate/blob","unproven/non-fit; one-shot process can be killed for fault isolation; crash during write yields outcome unknown on private candidate","unproven/non-fit; one-shot process can be killed for fault isolation; crash during write yields outcome unknown on private candidate","unproven/non-fit; private candidate mutation followed by caller validation/publication; required operation ownership: signed private candidate, then caller validation/publication","bounded effect-build adapter over third-party alpha API; compatibility: Node/postject/capability handshake","not evaluated after semantic gate; owned RPC plus filesystem","not evaluated after semantic gate; Node+postject server per platform","bounded negative backed by Node SEA docs signing guidance @ b4f23d3","none until semantic gate passes","invalid/non-fit; protocol/cold Node+Wasm/copy/crash states","reject for operation","Reopen only if upstream or a bounded probe supplies a supported faithful runtime-hosted-sidecar surface for sign a mutated SEA candidate."
"node-sea","NODE-SIGN","C","persistent provider sessions","persistent-session","single representative family for this candidate","GATE-FAIL: no reusable provider state to amortize; direct builder is one-shot","not-applicable-after-semantic-gate","not-applicable-after-semantic-gate; not available as a supported provider surface","not-applicable-after-semantic-gate; no supported faithful request/result boundary","not-applicable-after-semantic-gate; would require effect-build to own an unsupported engine/ABI or substitute semantics","unproven/non-fit; unproven","unproven/non-fit; unproven","unproven/non-fit; unproven; required operation ownership: signed private candidate, then caller validation/publication","postject creates its Wasm module per call and Node SEA exposes no reusable assembly context; compatibility: unsupported coupling","not evaluated after semantic gate; none","not evaluated after semantic gate; would require new native/source distribution","bounded negative backed by Node SEA docs signing guidance @ b4f23d3","none until semantic gate passes","invalid/non-fit; adds stale handles/backpressure/restart/idle memory without semantic gain","reject for operation","Reopen only if upstream or a bounded probe supplies a supported faithful persistent-session surface for sign a mutated SEA candidate."
"node-sea","NODE-SIGN","D","embedded/native/WASM engines","official-language-library","single representative family for this candidate","GATE-FAIL: cannot assemble/inject SEA through an official language library","not-applicable-after-semantic-gate","not-applicable-after-semantic-gate; not available as a supported provider surface","not-applicable-after-semantic-gate; no supported faithful request/result boundary","not-applicable-after-semantic-gate; would require effect-build to own an unsupported engine/ABI or substitute semantics","unproven/non-fit; unproven","unproven/non-fit; unproven","unproven/non-fit; unproven; required operation ownership: signed private candidate, then caller validation/publication","no supported official Node SEA library API found at v26.7.0; public C++ embedder is a distinct runtime product; compatibility: unsupported coupling","not evaluated after semantic gate; none","not evaluated after semantic gate; would require new native/source distribution","bounded negative backed by Node SEA docs signing guidance @ b4f23d3","none until semantic gate passes","invalid/non-fit; would require Node internal linkage or another injector","reject for operation","Reopen only if upstream or a bounded probe supplies a supported faithful official-language-library surface for sign a mutated SEA candidate."
"node-sea","NODE-SIGN","E","inverted/declarative integration","inverted-plugin","single representative family for this candidate","GATE-FAIL: runtime module loading occurs after artifact startup and is not assembly","not-applicable-after-semantic-gate","not-applicable-after-semantic-gate; not available as a supported provider surface","not-applicable-after-semantic-gate; no supported faithful request/result boundary","not-applicable-after-semantic-gate; would require effect-build to own an unsupported engine/ABI or substitute semantics","unproven/non-fit; unproven","unproven/non-fit; unproven","unproven/non-fit; unproven; required operation ownership: signed private candidate, then caller validation/publication","no Node SEA build-time plugin/hook/callback surface found at v26.7.0; compatibility: unsupported coupling","not evaluated after semantic gate; none","not evaluated after semantic gate; would require new native/source distribution","bounded negative backed by Node SEA docs signing guidance @ b4f23d3","none until semantic gate passes","invalid/non-fit; invented hooks would require a custom builder/fork","reject for operation","Reopen only if upstream or a bounded probe supplies a supported faithful inverted-plugin surface for sign a mutated SEA candidate."
"node-sea","NODE-SIGN","F","operation-specific portfolio","selected-command","single selected route","faithful in declared domain: post-mutation signing only; operation status: distribution operation; not frozen","caller selects signer, identity, credentials, and candidate; caller/platform selects signing identity and credentials","selected local signing child; distribution: target-platform signer and credentials required","private mutated executable plus signing policy/identity; one-shot scoped child; credential prompts must not be inferred","caller selects signer, identity, credentials, and candidate","one-shot scoped child; credential prompts must not be inferred","one-shot scoped child; credential prompts must not be inferred; state cost: separate security-sensitive platform stage","signed private candidate followed by validation/publication; required operation ownership: signed private candidate, then caller validation/publication","documented platform signing tools; outside Node SEA API; compatibility: platform signature format and toolchain; support verdict: viable when distribution policy requires signing","argv, credential/keychain authority, terminal streams, private candidate mutation; separate security-sensitive platform stage","target-platform signer and credentials required","platform signature format and toolchain; evidence: Node SEA docs signing guidance @ b4f23d3","Reuse Effect Scope for owned handles/children, ChildProcess for selected processes, FileSystem/Path for explicit mutation, Stream only for a real typed event source, Layer for selection and dependency provision, and preserve Cause interruption.","separate security-sensitive platform stage","explicit selected-command platform signer after mutation and before publication","Reject this portfolio if any selected route cannot preserve sign a mutated SEA candidate under its authority/lifetime record, or if one supported route preserves all required semantics with fewer total states."
"node-sea","NODE-MAIN-ASSETS","A","current operation-specific hybrid","selected-command","single representative family for this candidate","faithful in declared domain: preferred direct and legacy-blob mechanism; operation status: main/assets subset used by v0.3/freeze","explicit selected builder/base/cwd/config/target; current effect-build intentionally uses same selected path for builder and base","selected exact Node child running native LIEF builder/blob generator; distribution: exact Node binary with LIEF per target; post-mutation signing may be required","native main/assets/snapshot/cache/args fields; terminal failures are not typed; one-shot scoped child; provider directly truncates/writes private candidate","explicit selected builder/base/cwd/config/target; current effect-build intentionally uses same selected path for builder and base","one-shot scoped child; provider directly truncates/writes private candidate","one-shot scoped child; provider directly truncates/writes private candidate; state cost: smallest supported direct route; Effect staging removes Node writer's unsafe destination mutation","private blob or executable; effect-build validates and atomically publishes final candidate","documented public experimental Node 26.7.0 SEA surface, Stability 1.1, MIT; compatibility: exact builder/base version, target and snapshot/cache restrictions; support verdict: viable now","argv, JSON config, terminal streams, filesystem; smallest supported direct route; Effect staging removes Node writer's unsafe destination mutation","exact Node binary with LIEF per target; post-mutation signing may be required","exact builder/base version, target and snapshot/cache restrictions; evidence: Node SEA docs and node_sea.cc:723-792 @ b4f23d3","Reuse Effect Scope for owned handles/children, ChildProcess for selected processes, FileSystem/Path for explicit mutation, Stream only for a real typed event source, Layer for selection and dependency provision, and preserve Cause interruption.","smallest supported direct route; Effect staging removes Node writer's unsafe destination mutation","viable now","Reject if the mechanism cannot preserve main/assets ingestion under the authority/lifetime stated in MECHANISM-COVERAGE.csv."
"node-sea","NODE-MAIN-ASSETS","B","provider-host sidecars","runtime-hosted-sidecar","single representative family for this candidate","GATE-FAIL: wrapping node --build-sea is merely CLI RPC and a daemon has no reusable engine","not-applicable-after-semantic-gate","not-applicable-after-semantic-gate; selected Node child calls pinned postject API","not-applicable-after-semantic-gate; serializable paths/bytes/options; machine failure envelope","not-applicable-after-semantic-gate; effect-build selects Node/postject/protocol; request selects private candidate/blob","unproven/non-fit; one-shot process can be killed for fault isolation; crash during write yields outcome unknown on private candidate","unproven/non-fit; one-shot process can be killed for fault isolation; crash during write yields outcome unknown on private candidate","unproven/non-fit; private candidate mutation followed by caller validation/publication","bounded effect-build adapter over third-party alpha API; compatibility: Node/postject/capability handshake","not evaluated after semantic gate; owned RPC plus filesystem","not evaluated after semantic gate; Node+postject server per platform","bounded negative backed by Node SEA docs and node_sea.cc:723-792 @ b4f23d3","none until semantic gate passes","invalid/non-fit; protocol/cold Node+Wasm/copy/crash states","reject for operation","Reopen only if upstream or a bounded probe supplies a supported faithful runtime-hosted-sidecar surface for main/assets ingestion."
"node-sea","NODE-MAIN-ASSETS","C","persistent provider sessions","persistent-session","single representative family for this candidate","GATE-FAIL: no reusable provider state to amortize; direct builder is one-shot","not-applicable-after-semantic-gate","not-applicable-after-semantic-gate; not available as a supported provider surface","not-applicable-after-semantic-gate; no supported faithful request/result boundary","not-applicable-after-semantic-gate; would require effect-build to own an unsupported engine/ABI or substitute semantics","unproven/non-fit; unproven","unproven/non-fit; unproven","unproven/non-fit; unproven","postject creates its Wasm module per call and Node SEA exposes no reusable assembly context; compatibility: unsupported coupling","not evaluated after semantic gate; none","not evaluated after semantic gate; would require new native/source distribution","bounded negative backed by Node SEA docs and node_sea.cc:723-792 @ b4f23d3","none until semantic gate passes","invalid/non-fit; adds stale handles/backpressure/restart/idle memory without semantic gain","reject for operation","Reopen only if upstream or a bounded probe supplies a supported faithful persistent-session surface for main/assets ingestion."
"node-sea","NODE-MAIN-ASSETS","D","embedded/native/WASM engines","official-language-library","single representative family for this candidate","GATE-FAIL: cannot assemble/inject SEA through an official language library","not-applicable-after-semantic-gate","not-applicable-after-semantic-gate; not available as a supported provider surface","not-applicable-after-semantic-gate; no supported faithful request/result boundary","not-applicable-after-semantic-gate; would require effect-build to own an unsupported engine/ABI or substitute semantics","unproven/non-fit; unproven","unproven/non-fit; unproven","unproven/non-fit; unproven","no supported official Node SEA library API found at v26.7.0; public C++ embedder is a distinct runtime product; compatibility: unsupported coupling","not evaluated after semantic gate; none","not evaluated after semantic gate; would require new native/source distribution","bounded negative backed by Node SEA docs and node_sea.cc:723-792 @ b4f23d3","none until semantic gate passes","invalid/non-fit; would require Node internal linkage or another injector","reject for operation","Reopen only if upstream or a bounded probe supplies a supported faithful official-language-library surface for main/assets ingestion."
"node-sea","NODE-MAIN-ASSETS","E","inverted/declarative integration","declarative-artifact","adjunct only; requires a selected primary route","adjunct-only-not-standalone: required declarative adjunct to selected Node, postject injection, and the final node:sea runtime","medium-base-selected-builder-companion-selected; config explicitly binds main/base/output/options/assets; resource name/fuse bind legacy injection and runtime","not an executor; distribution: ordinary config/blob plus exact Node/base; platform signing after mutation","not an executor; retained inputs: retains native fields; unknown config fields currently ignored","config explicitly binds main/base/output/options/assets; resource name/fuse bind legacy injection and runtime","consumed by primary route; one-shot config/private blob; durable final executable/resource","not a standalone session; one-shot config/private blob; durable final executable/resource","private blob and durable runtime resource; final publication remains caller-owned","documented Stability-1.1 config/blob/runtime layout; blob encoding itself is not versioned portable schema; compatibility: exact Node version/target/fuse; snapshot/cache host restrictions","filesystem JSON and binary resource handoff; reduces argv field explosion but requires exact identity/validation","ordinary config/blob plus exact Node/base; platform signing after mutation","observe artifact and selected primary route; exact Node version/target/fuse; snapshot/cache host restrictions","Reuse Effect Scope for owned handles/children, ChildProcess for selected processes, FileSystem/Path for explicit mutation, Stream only for a real typed event source, Layer for selection and dependency provision, and preserve Cause interruption.","reduces argv field explosion but requires exact identity/validation","viable now as an adjunct to the selected primary route; adjunct only","Reject as a standalone candidate; retain only as an adjunct to the explicitly selected primary route for main/assets ingestion."
"node-sea","NODE-MAIN-ASSETS","F","operation-specific portfolio","selected-command+declarative-artifact","selected command consumes declarative main/assets fields","selected-command:faithful in declared domain: preferred direct and legacy-blob mechanism; operation status: main/assets subset used by v0.3/freeze | declarative-artifact:adjunct-only-not-standalone: required declarative adjunct to selected Node, postject injection, and the final node:sea runtime","selected-command:explicit selected builder/base/cwd/config/target; current effect-build intentionally uses same selected path for builder and base | declarative-artifact:medium-base-selected-builder-companion-selected; config explicitly binds main/base/output/options/assets; resource name/fuse bind legacy injection and runtime","selected-command:selected exact Node child running native LIEF builder/blob generator; distribution: exact Node binary with LIEF per target; post-mutation signing may be required | declarative-artifact:not an executor; distribution: ordinary config/blob plus exact Node/base; platform signing after mutation","selected-command:native main/assets/snapshot/cache/args fields; terminal failures are not typed; one-shot scoped child; provider directly truncates/writes private candidate | declarative-artifact:not an executor; retained inputs: retains native fields; unknown config fields currently ignored","selected-command:explicit selected builder/base/cwd/config/target; current effect-build intentionally uses same selected path for builder and base | declarative-artifact:config explicitly binds main/base/output/options/assets; resource name/fuse bind legacy injection and runtime","selected-command:one-shot scoped child; provider directly truncates/writes private candidate | declarative-artifact:consumed by primary route; one-shot config/private blob; durable final executable/resource","selected-command:one-shot scoped child; provider directly truncates/writes private candidate; state cost: smallest supported direct route; Effect staging removes Node writer's unsafe destination mutation | declarative-artifact:not a standalone session; one-shot config/private blob; durable final executable/resource","selected-command:private blob or executable; effect-build validates and atomically publishes final candidate | declarative-artifact:private blob and durable runtime resource; final publication remains caller-owned","selected-command:documented public experimental Node 26.7.0 SEA surface, Stability 1.1, MIT; compatibility: exact builder/base version, target and snapshot/cache restrictions; support verdict: viable now | declarative-artifact:documented Stability-1.1 config/blob/runtime layout; blob encoding itself is not versioned portable schema; compatibility: exact Node version/target/fuse; snapshot/cache host restrictions","selected-command:argv, JSON config, terminal streams, filesystem; smallest supported direct route; Effect staging removes Node writer's unsafe destination mutation | declarative-artifact:filesystem JSON and binary resource handoff; reduces argv field explosion but requires exact identity/validation","selected-command:exact Node binary with LIEF per target; post-mutation signing may be required | declarative-artifact:ordinary config/blob plus exact Node/base; platform signing after mutation","selected-command:exact builder/base version, target and snapshot/cache restrictions; evidence: Node SEA docs and node_sea.cc:723-792 @ b4f23d3 | declarative-artifact:observe artifact and selected primary route; exact Node version/target/fuse; snapshot/cache host restrictions","Reuse Effect Scope for owned handles/children, ChildProcess for selected processes, FileSystem/Path for explicit mutation, Stream only for a real typed event source, Layer for selection and dependency provision, and preserve Cause interruption.","selected-command:smallest supported direct route; Effect staging removes Node writer's unsafe destination mutation | declarative-artifact:reduces argv field explosion but requires exact identity/validation","official SEA config consumed by selected command","Reject this portfolio if any selected route cannot preserve main/assets ingestion under its authority/lifetime record, or if one supported route preserves all required semantics with fewer total states."
"node-sea","NODE-SNAPSHOT-CACHE-ARGS","A","current operation-specific hybrid","selected-command","single representative family for this candidate","faithful in declared domain: preferred direct and legacy-blob mechanism; operation status: upstream fields; cache/snapshot intentionally disabled by freeze","explicit selected builder/base/cwd/config/target; current effect-build intentionally uses same selected path for builder and base","selected exact Node child running native LIEF builder/blob generator; distribution: exact Node binary with LIEF per target; post-mutation signing may be required","native main/assets/snapshot/cache/args fields; terminal failures are not typed; one-shot scoped child; provider directly truncates/writes private candidate","explicit selected builder/base/cwd/config/target; current effect-build intentionally uses same selected path for builder and base","one-shot scoped child; provider directly truncates/writes private candidate","one-shot scoped child; provider directly truncates/writes private candidate; state cost: smallest supported direct route; Effect staging removes Node writer's unsafe destination mutation","private blob or executable; effect-build validates and atomically publishes final candidate","documented public experimental Node 26.7.0 SEA surface, Stability 1.1, MIT; compatibility: exact builder/base version, target and snapshot/cache restrictions; support verdict: viable now","argv, JSON config, terminal streams, filesystem; smallest supported direct route; Effect staging removes Node writer's unsafe destination mutation","exact Node binary with LIEF per target; post-mutation signing may be required","exact builder/base version, target and snapshot/cache restrictions; evidence: Node SEA docs:21-137 and node_sea.cc @ b4f23d3","Reuse Effect Scope for owned handles/children, ChildProcess for selected processes, FileSystem/Path for explicit mutation, Stream only for a real typed event source, Layer for selection and dependency provision, and preserve Cause interruption.","smallest supported direct route; Effect staging removes Node writer's unsafe destination mutation","viable now","Reject if the mechanism cannot preserve code cache, snapshot, exec arguments under the authority/lifetime stated in MECHANISM-COVERAGE.csv."
"node-sea","NODE-SNAPSHOT-CACHE-ARGS","B","provider-host sidecars","runtime-hosted-sidecar","single representative family for this candidate","GATE-FAIL: wrapping node --build-sea is merely CLI RPC and a daemon has no reusable engine","not-applicable-after-semantic-gate","not-applicable-after-semantic-gate; selected Node child calls pinned postject API","not-applicable-after-semantic-gate; serializable paths/bytes/options; machine failure envelope","not-applicable-after-semantic-gate; effect-build selects Node/postject/protocol; request selects private candidate/blob","unproven/non-fit; one-shot process can be killed for fault isolation; crash during write yields outcome unknown on private candidate","unproven/non-fit; one-shot process can be killed for fault isolation; crash during write yields outcome unknown on private candidate","unproven/non-fit; private candidate mutation followed by caller validation/publication","bounded effect-build adapter over third-party alpha API; compatibility: Node/postject/capability handshake","not evaluated after semantic gate; owned RPC plus filesystem","not evaluated after semantic gate; Node+postject server per platform","bounded negative backed by Node SEA docs:21-137 and node_sea.cc @ b4f23d3","none until semantic gate passes","invalid/non-fit; protocol/cold Node+Wasm/copy/crash states","reject for operation","Reopen only if upstream or a bounded probe supplies a supported faithful runtime-hosted-sidecar surface for code cache, snapshot, exec arguments."
"node-sea","NODE-SNAPSHOT-CACHE-ARGS","C","persistent provider sessions","persistent-session","single representative family for this candidate","GATE-FAIL: no reusable provider state to amortize; direct builder is one-shot","not-applicable-after-semantic-gate","not-applicable-after-semantic-gate; not available as a supported provider surface","not-applicable-after-semantic-gate; no supported faithful request/result boundary","not-applicable-after-semantic-gate; would require effect-build to own an unsupported engine/ABI or substitute semantics","unproven/non-fit; unproven","unproven/non-fit; unproven","unproven/non-fit; unproven","postject creates its Wasm module per call and Node SEA exposes no reusable assembly context; compatibility: unsupported coupling","not evaluated after semantic gate; none","not evaluated after semantic gate; would require new native/source distribution","bounded negative backed by Node SEA docs:21-137 and node_sea.cc @ b4f23d3","none until semantic gate passes","invalid/non-fit; adds stale handles/backpressure/restart/idle memory without semantic gain","reject for operation","Reopen only if upstream or a bounded probe supplies a supported faithful persistent-session surface for code cache, snapshot, exec arguments."
"node-sea","NODE-SNAPSHOT-CACHE-ARGS","D","embedded/native/WASM engines","official-language-library","single representative family for this candidate","GATE-FAIL: cannot assemble/inject SEA through an official language library","not-applicable-after-semantic-gate","not-applicable-after-semantic-gate; not available as a supported provider surface","not-applicable-after-semantic-gate; no supported faithful request/result boundary","not-applicable-after-semantic-gate; would require effect-build to own an unsupported engine/ABI or substitute semantics","unproven/non-fit; unproven","unproven/non-fit; unproven","unproven/non-fit; unproven","no supported official Node SEA library API found at v26.7.0; public C++ embedder is a distinct runtime product; compatibility: unsupported coupling","not evaluated after semantic gate; none","not evaluated after semantic gate; would require new native/source distribution","bounded negative backed by Node SEA docs:21-137 and node_sea.cc @ b4f23d3","none until semantic gate passes","invalid/non-fit; would require Node internal linkage or another injector","reject for operation","Reopen only if upstream or a bounded probe supplies a supported faithful official-language-library surface for code cache, snapshot, exec arguments."
"node-sea","NODE-SNAPSHOT-CACHE-ARGS","E","inverted/declarative integration","declarative-artifact","adjunct only; requires a selected primary route","adjunct-only-not-standalone: required declarative adjunct to selected Node, postject injection, and the final node:sea runtime","medium-base-selected-builder-companion-selected; config explicitly binds main/base/output/options/assets; resource name/fuse bind legacy injection and runtime","not an executor; distribution: ordinary config/blob plus exact Node/base; platform signing after mutation","not an executor; retained inputs: retains native fields; unknown config fields currently ignored","config explicitly binds main/base/output/options/assets; resource name/fuse bind legacy injection and runtime","consumed by primary route; one-shot config/private blob; durable final executable/resource","not a standalone session; one-shot config/private blob; durable final executable/resource","private blob and durable runtime resource; final publication remains caller-owned","documented Stability-1.1 config/blob/runtime layout; blob encoding itself is not versioned portable schema; compatibility: exact Node version/target/fuse; snapshot/cache host restrictions","filesystem JSON and binary resource handoff; reduces argv field explosion but requires exact identity/validation","ordinary config/blob plus exact Node/base; platform signing after mutation","observe artifact and selected primary route; exact Node version/target/fuse; snapshot/cache host restrictions","Reuse Effect Scope for owned handles/children, ChildProcess for selected processes, FileSystem/Path for explicit mutation, Stream only for a real typed event source, Layer for selection and dependency provision, and preserve Cause interruption.","reduces argv field explosion but requires exact identity/validation","viable now as an adjunct to the selected primary route; adjunct only","Reject as a standalone candidate; retain only as an adjunct to the explicitly selected primary route for code cache, snapshot, exec arguments."
"node-sea","NODE-SNAPSHOT-CACHE-ARGS","F","operation-specific portfolio","selected-command+declarative-artifact","selected command consumes declarative SEA feature fields","selected-command:faithful in declared domain: preferred direct and legacy-blob mechanism; operation status: upstream fields; cache/snapshot intentionally disabled by freeze | declarative-artifact:adjunct-only-not-standalone: required declarative adjunct to selected Node, postject injection, and the final node:sea runtime","selected-command:explicit selected builder/base/cwd/config/target; current effect-build intentionally uses same selected path for builder and base | declarative-artifact:medium-base-selected-builder-companion-selected; config explicitly binds main/base/output/options/assets; resource name/fuse bind legacy injection and runtime","selected-command:selected exact Node child running native LIEF builder/blob generator; distribution: exact Node binary with LIEF per target; post-mutation signing may be required | declarative-artifact:not an executor; distribution: ordinary config/blob plus exact Node/base; platform signing after mutation","selected-command:native main/assets/snapshot/cache/args fields; terminal failures are not typed; one-shot scoped child; provider directly truncates/writes private candidate | declarative-artifact:not an executor; retained inputs: retains native fields; unknown config fields currently ignored","selected-command:explicit selected builder/base/cwd/config/target; current effect-build intentionally uses same selected path for builder and base | declarative-artifact:config explicitly binds main/base/output/options/assets; resource name/fuse bind legacy injection and runtime","selected-command:one-shot scoped child; provider directly truncates/writes private candidate | declarative-artifact:consumed by primary route; one-shot config/private blob; durable final executable/resource","selected-command:one-shot scoped child; provider directly truncates/writes private candidate; state cost: smallest supported direct route; Effect staging removes Node writer's unsafe destination mutation | declarative-artifact:not a standalone session; one-shot config/private blob; durable final executable/resource","selected-command:private blob or executable; effect-build validates and atomically publishes final candidate | declarative-artifact:private blob and durable runtime resource; final publication remains caller-owned","selected-command:documented public experimental Node 26.7.0 SEA surface, Stability 1.1, MIT; compatibility: exact builder/base version, target and snapshot/cache restrictions; support verdict: viable now | declarative-artifact:documented Stability-1.1 config/blob/runtime layout; blob encoding itself is not versioned portable schema; compatibility: exact Node version/target/fuse; snapshot/cache host restrictions","selected-command:argv, JSON config, terminal streams, filesystem; smallest supported direct route; Effect staging removes Node writer's unsafe destination mutation | declarative-artifact:filesystem JSON and binary resource handoff; reduces argv field explosion but requires exact identity/validation","selected-command:exact Node binary with LIEF per target; post-mutation signing may be required | declarative-artifact:ordinary config/blob plus exact Node/base; platform signing after mutation","selected-command:exact builder/base version, target and snapshot/cache restrictions; evidence: Node SEA docs:21-137 and node_sea.cc @ b4f23d3 | declarative-artifact:observe artifact and selected primary route; exact Node version/target/fuse; snapshot/cache host restrictions","Reuse Effect Scope for owned handles/children, ChildProcess for selected processes, FileSystem/Path for explicit mutation, Stream only for a real typed event source, Layer for selection and dependency provision, and preserve Cause interruption.","selected-command:smallest supported direct route; Effect staging removes Node writer's unsafe destination mutation | declarative-artifact:reduces argv field explosion but requires exact identity/validation","selected command/config; keep cross-target constraints explicit","Reject this portfolio if any selected route cannot preserve code cache, snapshot, exec arguments under its authority/lifetime record, or if one supported route preserves all required semantics with fewer total states."
"node-sea","NODE-RUNTIME-SEA","A","current operation-specific hybrid","direct-host-api","single representative family for this candidate","faithful in declared domain: runtime inspection/assets only; operation status: artifact-runtime operation, not build lane","high-content-bound-runtime; built artifact/base determines runtime","inside produced SEA artifact at runtime; distribution: inside exact SEA runtime","asset keys/bytes/borrowed raw asset memory; artifact process lifetime","built artifact/base determines runtime","artifact process lifetime","artifact process lifetime; state cost: no build adapter impact","copies/blobs or borrowed executable memory","documented public experimental Node 26.7.0 runtime API, Stability 1.1, MIT; compatibility: Node SEA runtime contract; support verdict: viable runtime contract","direct built-in calls; no build adapter impact","inside exact SEA runtime","Node SEA runtime contract; evidence: Node SEA docs:294-493 @ b4f23d3","Reuse Effect Scope for owned handles/children, ChildProcess for selected processes, FileSystem/Path for explicit mutation, Stream only for a real typed event source, Layer for selection and dependency provision, and preserve Cause interruption.","no build adapter impact","viable runtime contract","Reject if the mechanism cannot preserve runtime node:sea asset/identity API under the authority/lifetime stated in MECHANISM-COVERAGE.csv."
"node-sea","NODE-RUNTIME-SEA","B","provider-host sidecars","runtime-hosted-sidecar","single representative family for this candidate","GATE-FAIL: wrapping node --build-sea is merely CLI RPC and a daemon has no reusable engine","not-applicable-after-semantic-gate","not-applicable-after-semantic-gate; selected Node child calls pinned postject API","not-applicable-after-semantic-gate; serializable paths/bytes/options; machine failure envelope","not-applicable-after-semantic-gate; effect-build selects Node/postject/protocol; request selects private candidate/blob","unproven/non-fit; one-shot process can be killed for fault isolation; crash during write yields outcome unknown on private candidate","unproven/non-fit; one-shot process can be killed for fault isolation; crash during write yields outcome unknown on private candidate","unproven/non-fit; private candidate mutation followed by caller validation/publication","bounded effect-build adapter over third-party alpha API; compatibility: Node/postject/capability handshake","not evaluated after semantic gate; owned RPC plus filesystem","not evaluated after semantic gate; Node+postject server per platform","bounded negative backed by Node SEA docs:294-493 @ b4f23d3","none until semantic gate passes","invalid/non-fit; protocol/cold Node+Wasm/copy/crash states","reject for operation","Reopen only if upstream or a bounded probe supplies a supported faithful runtime-hosted-sidecar surface for runtime node:sea asset/identity API."
"node-sea","NODE-RUNTIME-SEA","C","persistent provider sessions","persistent-session","single representative family for this candidate","GATE-FAIL: no reusable provider state to amortize; direct builder is one-shot","not-applicable-after-semantic-gate","not-applicable-after-semantic-gate; not available as a supported provider surface","not-applicable-after-semantic-gate; no supported faithful request/result boundary","not-applicable-after-semantic-gate; would require effect-build to own an unsupported engine/ABI or substitute semantics","unproven/non-fit; unproven","unproven/non-fit; unproven","unproven/non-fit; unproven","postject creates its Wasm module per call and Node SEA exposes no reusable assembly context; compatibility: unsupported coupling","not evaluated after semantic gate; none","not evaluated after semantic gate; would require new native/source distribution","bounded negative backed by Node SEA docs:294-493 @ b4f23d3","none until semantic gate passes","invalid/non-fit; adds stale handles/backpressure/restart/idle memory without semantic gain","reject for operation","Reopen only if upstream or a bounded probe supplies a supported faithful persistent-session surface for runtime node:sea asset/identity API."
"node-sea","NODE-RUNTIME-SEA","D","embedded/native/WASM engines","official-language-library","single representative family for this candidate","GATE-FAIL: cannot assemble/inject SEA through an official language library","not-applicable-after-semantic-gate","not-applicable-after-semantic-gate; not available as a supported provider surface","not-applicable-after-semantic-gate; no supported faithful request/result boundary","not-applicable-after-semantic-gate; would require effect-build to own an unsupported engine/ABI or substitute semantics","unproven/non-fit; unproven","unproven/non-fit; unproven","unproven/non-fit; unproven","no supported official Node SEA library API found at v26.7.0; public C++ embedder is a distinct runtime product; compatibility: unsupported coupling","not evaluated after semantic gate; none","not evaluated after semantic gate; would require new native/source distribution","bounded negative backed by Node SEA docs:294-493 @ b4f23d3","none until semantic gate passes","invalid/non-fit; would require Node internal linkage or another injector","reject for operation","Reopen only if upstream or a bounded probe supplies a supported faithful official-language-library surface for runtime node:sea asset/identity API."
"node-sea","NODE-RUNTIME-SEA","E","inverted/declarative integration","declarative-artifact","adjunct only; requires a selected primary route","adjunct-only-not-standalone: required declarative adjunct to selected Node, postject injection, and the final node:sea runtime","high-content-bound-runtime; config explicitly binds main/base/output/options/assets; resource name/fuse bind legacy injection and runtime","not an executor; distribution: ordinary config/blob plus exact Node/base; platform signing after mutation","not an executor; retained inputs: retains native fields; unknown config fields currently ignored","config explicitly binds main/base/output/options/assets; resource name/fuse bind legacy injection and runtime","consumed by primary route; one-shot config/private blob; durable final executable/resource","not a standalone session; one-shot config/private blob; durable final executable/resource","private blob and durable runtime resource; final publication remains caller-owned","documented Stability-1.1 config/blob/runtime layout; blob encoding itself is not versioned portable schema; compatibility: exact Node version/target/fuse; snapshot/cache host restrictions","filesystem JSON and binary resource handoff; reduces argv field explosion but requires exact identity/validation","ordinary config/blob plus exact Node/base; platform signing after mutation","observe artifact and selected primary route; exact Node version/target/fuse; snapshot/cache host restrictions","Reuse Effect Scope for owned handles/children, ChildProcess for selected processes, FileSystem/Path for explicit mutation, Stream only for a real typed event source, Layer for selection and dependency provision, and preserve Cause interruption.","reduces argv field explosion but requires exact identity/validation","viable now as an adjunct to the selected primary route; adjunct only","Reject as a standalone candidate; retain only as an adjunct to the explicitly selected primary route for runtime node:sea asset/identity API."
"node-sea","NODE-RUNTIME-SEA","F","operation-specific portfolio","direct-host-api+declarative-artifact","the runtime API consumes the content-bound embedded NODE_SEA_BLOB/assets","direct-host-api:faithful in declared domain: runtime inspection/assets only; operation status: artifact-runtime operation, not build lane | declarative-artifact:adjunct-only-not-standalone: required declarative adjunct to selected Node, postject injection, and the final node:sea runtime","direct-host-api:high-content-bound-runtime; built artifact/base determines runtime | declarative-artifact:high-content-bound-runtime; config explicitly binds main/base/output/options/assets; resource name/fuse bind legacy injection and runtime","direct-host-api:inside produced SEA artifact at runtime; distribution: inside exact SEA runtime | declarative-artifact:not an executor; distribution: ordinary config/blob plus exact Node/base; platform signing after mutation","direct-host-api:asset keys/bytes/borrowed raw asset memory; artifact process lifetime | declarative-artifact:not an executor; retained inputs: retains native fields; unknown config fields currently ignored","direct-host-api:built artifact/base determines runtime | declarative-artifact:config explicitly binds main/base/output/options/assets; resource name/fuse bind legacy injection and runtime","direct-host-api:artifact process lifetime | declarative-artifact:consumed by primary route; one-shot config/private blob; durable final executable/resource","direct-host-api:artifact process lifetime; state cost: no build adapter impact | declarative-artifact:not a standalone session; one-shot config/private blob; durable final executable/resource","direct-host-api:copies/blobs or borrowed executable memory | declarative-artifact:private blob and durable runtime resource; final publication remains caller-owned","direct-host-api:documented public experimental Node 26.7.0 runtime API, Stability 1.1, MIT; compatibility: Node SEA runtime contract; support verdict: viable runtime contract | declarative-artifact:documented Stability-1.1 config/blob/runtime layout; blob encoding itself is not versioned portable schema; compatibility: exact Node version/target/fuse; snapshot/cache host restrictions","direct-host-api:direct built-in calls; no build adapter impact | declarative-artifact:filesystem JSON and binary resource handoff; reduces argv field explosion but requires exact identity/validation","direct-host-api:inside exact SEA runtime | declarative-artifact:ordinary config/blob plus exact Node/base; platform signing after mutation","direct-host-api:Node SEA runtime contract; evidence: Node SEA docs:294-493 @ b4f23d3 | declarative-artifact:observe artifact and selected primary route; exact Node version/target/fuse; snapshot/cache host restrictions","Reuse Effect Scope for owned handles/children, ChildProcess for selected processes, FileSystem/Path for explicit mutation, Stream only for a real typed event source, Layer for selection and dependency provision, and preserve Cause interruption.","direct-host-api:no build adapter impact | declarative-artifact:reduces argv field explosion but requires exact identity/validation","runtime-api inside produced executable","Reject this portfolio if any selected route cannot preserve runtime node:sea asset/identity API under its authority/lifetime record, or if one supported route preserves all required semantics with fewer total states."
"node-sea","NODE-EMBEDDER-SNAPSHOT","A","current operation-specific hybrid","direct-host-api","single representative family for this candidate","GATE-FAIL: no supported JS assembly function exists","not-applicable-after-semantic-gate","not-applicable-after-semantic-gate; inside produced SEA artifact at runtime","not-applicable-after-semantic-gate; asset keys/bytes/borrowed raw asset memory","not-applicable-after-semantic-gate; built artifact/base determines runtime","unproven/non-fit; artifact process lifetime","unproven/non-fit; artifact process lifetime","unproven/non-fit; copies/blobs or borrowed executable memory","documented public experimental Node 26.7.0 runtime API, Stability 1.1, MIT; compatibility: Node SEA runtime contract","not evaluated after semantic gate; direct built-in calls","not evaluated after semantic gate; inside exact SEA runtime","bounded negative backed by Node embedding docs and node.h:460-484,946-994 @ b4f23d3","none until semantic gate passes","invalid/non-fit; no build adapter impact","reject for operation","Reopen only if upstream or a bounded probe supplies a supported faithful direct-host-api surface for C++ embedder and generic snapshot products."
"node-sea","NODE-EMBEDDER-SNAPSHOT","B","provider-host sidecars","runtime-hosted-sidecar","single representative family for this candidate","GATE-FAIL: wrapping node --build-sea is merely CLI RPC and a daemon has no reusable engine","not-applicable-after-semantic-gate","not-applicable-after-semantic-gate; selected Node child calls pinned postject API","not-applicable-after-semantic-gate; serializable paths/bytes/options; machine failure envelope","not-applicable-after-semantic-gate; effect-build selects Node/postject/protocol; request selects private candidate/blob","unproven/non-fit; one-shot process can be killed for fault isolation; crash during write yields outcome unknown on private candidate","unproven/non-fit; one-shot process can be killed for fault isolation; crash during write yields outcome unknown on private candidate","unproven/non-fit; private candidate mutation followed by caller validation/publication","bounded effect-build adapter over third-party alpha API; compatibility: Node/postject/capability handshake","not evaluated after semantic gate; owned RPC plus filesystem","not evaluated after semantic gate; Node+postject server per platform","bounded negative backed by Node embedding docs and node.h:460-484,946-994 @ b4f23d3","none until semantic gate passes","invalid/non-fit; protocol/cold Node+Wasm/copy/crash states","reject for operation","Reopen only if upstream or a bounded probe supplies a supported faithful runtime-hosted-sidecar surface for C++ embedder and generic snapshot products."
"node-sea","NODE-EMBEDDER-SNAPSHOT","C","persistent provider sessions","persistent-session","single representative family for this candidate","GATE-FAIL: no reusable provider state to amortize; direct builder is one-shot","not-applicable-after-semantic-gate","not-applicable-after-semantic-gate; not available as a supported provider surface","not-applicable-after-semantic-gate; no supported faithful request/result boundary","not-applicable-after-semantic-gate; would require effect-build to own an unsupported engine/ABI or substitute semantics","unproven/non-fit; unproven","unproven/non-fit; unproven","unproven/non-fit; unproven","postject creates its Wasm module per call and Node SEA exposes no reusable assembly context; compatibility: unsupported coupling","not evaluated after semantic gate; none","not evaluated after semantic gate; would require new native/source distribution","bounded negative backed by Node embedding docs and node.h:460-484,946-994 @ b4f23d3","none until semantic gate passes","invalid/non-fit; adds stale handles/backpressure/restart/idle memory without semantic gain","reject for operation","Reopen only if upstream or a bounded probe supplies a supported faithful persistent-session surface for C++ embedder and generic snapshot products."
"node-sea","NODE-EMBEDDER-SNAPSHOT","D","embedded/native/WASM engines","embedded-engine","single representative family for this candidate","GATE-FAIL: generic embedded Node or snapshot lacks NODE_SEA_BLOB/fuse/node:sea semantics","not-applicable-after-semantic-gate","not-applicable-after-semantic-gate; not available as a supported provider surface","not-applicable-after-semantic-gate; no supported faithful request/result boundary","not-applicable-after-semantic-gate; would require effect-build to own an unsupported engine/ABI or substitute semantics","unproven/non-fit; unproven","unproven/non-fit; unproven","unproven/non-fit; unproven","Node C++ embedder/snapshot APIs are public but do not produce SEA; node::sea assembly symbols are internal under NODE_WANT_INTERNALS; compatibility: unsupported coupling","not evaluated after semantic gate; none","not evaluated after semantic gate; would require new native/source distribution","bounded negative backed by Node embedding docs and node.h:460-484,946-994 @ b4f23d3","none until semantic gate passes","invalid/non-fit; building/distributing Node,V8,libuv,OpenSSL,ICU,LIEF per target and exact ABI/source lockstep","reject for operation","Reopen only if upstream or a bounded probe supplies a supported faithful embedded-engine surface for C++ embedder and generic snapshot products."
"node-sea","NODE-EMBEDDER-SNAPSHOT","E","inverted/declarative integration","inverted-plugin","single representative family for this candidate","GATE-FAIL: runtime module loading occurs after artifact startup and is not assembly","not-applicable-after-semantic-gate","not-applicable-after-semantic-gate; not available as a supported provider surface","not-applicable-after-semantic-gate; no supported faithful request/result boundary","not-applicable-after-semantic-gate; would require effect-build to own an unsupported engine/ABI or substitute semantics","unproven/non-fit; unproven","unproven/non-fit; unproven","unproven/non-fit; unproven","no Node SEA build-time plugin/hook/callback surface found at v26.7.0; compatibility: unsupported coupling","not evaluated after semantic gate; none","not evaluated after semantic gate; would require new native/source distribution","bounded negative backed by Node embedding docs and node.h:460-484,946-994 @ b4f23d3","none until semantic gate passes","invalid/non-fit; invented hooks would require a custom builder/fork","reject for operation","Reopen only if upstream or a bounded probe supplies a supported faithful inverted-plugin surface for C++ embedder and generic snapshot products."
"node-sea","NODE-EMBEDDER-SNAPSHOT","F","operation-specific portfolio","embedded-engine","single selected route","GATE-FAIL: generic embedded Node or snapshot lacks NODE_SEA_BLOB/fuse/node:sea semantics","not-applicable-after-semantic-gate","not-applicable-after-semantic-gate; not available as a supported provider surface","not-applicable-after-semantic-gate; no supported faithful request/result boundary","not-applicable-after-semantic-gate; would require effect-build to own an unsupported engine/ABI or substitute semantics","unproven/non-fit; unproven","unproven/non-fit; unproven","unproven/non-fit; unproven","Node C++ embedder/snapshot APIs are public but do not produce SEA; node::sea assembly symbols are internal under NODE_WANT_INTERNALS; compatibility: unsupported coupling","not evaluated after semantic gate; none","not evaluated after semantic gate; would require new native/source distribution","bounded negative backed by Node embedding docs and node.h:460-484,946-994 @ b4f23d3","none until semantic gate passes","invalid/non-fit; building/distributing Node,V8,libuv,OpenSSL,ICU,LIEF per target and exact ABI/source lockstep","reject as SEA alternative","Reject this portfolio if any selected route cannot preserve C++ embedder and generic snapshot products under its authority/lifetime record, or if one supported route preserves all required semantics with fewer total states."
"rolldown","ROLL-BUILD-MEMORY","A","current operation-specific hybrid","direct-host-api","single representative family for this candidate","faithful in declared domain: truthful upstream mechanism after admission gates; operation status: R6 package deferred","package/native addon/host graph selects engine; caller owns config/plugins","host process -> package N-API addon -> Rust/Tokio threads; distribution: Node engine declared; platform N-API packages/WASI fallback","rich closures, virtual inputs, structured diagnostics and lazy external native memory; build handle exposes generate/write/close but full builds are fresh; watch/dev experimental; close in-flight law currently fails freeze","package/native addon/host graph selects engine; caller owns config/plugins","build handle exposes generate/write/close but full builds are fresh; watch/dev experimental; close in-flight law currently fails freeze","build handle exposes generate/write/close but full builds are fresh; watch/dev experimental; close in-flight law currently fails freeze; state cost: low wrapper shape but native faults/external-memory/close races require ownership law","native-backed lazy in-memory outputs or provider-direct files","documented public Rolldown 1.2.4 JS API; build/watch experimental; MIT; entire provider deferred by freeze; compatibility: package/addon/host relation; override path can evade exact version enforcement; support verdict: upstream viable; effect-build deferred","JS/N-API callbacks and native-backed objects; low wrapper shape but native faults/external-memory/close races require ownership law","Node engine declared; platform N-API packages/WASI fallback","package/addon/host relation; override path can evade exact version enforcement; evidence: rolldown-build.ts:23-147 and classic_bundler.rs:1-48 @ 483c648","Reuse Effect Scope for owned handles/children, ChildProcess for selected processes, FileSystem/Path for explicit mutation, Stream only for a real typed event source, Layer for selection and dependency provision, and preserve Cause interruption.","low wrapper shape but native faults/external-memory/close races require ownership law","upstream viable; effect-build deferred","Reject if the mechanism cannot preserve generate in-memory output under the authority/lifetime stated in MECHANISM-COVERAGE.csv."
"rolldown","ROLL-BUILD-MEMORY","B","provider-host sidecars","runtime-hosted-sidecar","single representative family for this candidate","faithful in declared domain: fault isolation for plugin-free operations; operation status: R6 package deferred","sidecar selects package/addon/Rust engine","Node/Rust sidecar loads Rolldown; distribution: Node+N-API or Rust binaries across platforms","serializable options/results only; plugin closures require code loading or bidirectional RPC; one-shot/session; crash invalidates handles; native outputs must be materialized/released","sidecar selects package/addon/Rust engine","one-shot/session; crash invalidates handles; native outputs must be materialized/released","one-shot/session; crash invalidates handles; native outputs must be materialized/released; state cost: very high protocol/distribution/memory/callback state","copied bytes or sidecar filesystem mutation","hypothetical effect-build adapter; provider remains deferred; compatibility: protocol plus package/addon/host handshake; support verdict: research-only/reject for current freeze","owned RPC; output bytes eagerly copied; very high protocol/distribution/memory/callback state","Node+N-API or Rust binaries across platforms","protocol plus package/addon/host handshake; evidence: rolldown-build.ts:23-147 and classic_bundler.rs:1-48 @ 483c648","Reuse Effect Scope for owned handles/children, ChildProcess for selected processes, FileSystem/Path for explicit mutation, Stream only for a real typed event source, Layer for selection and dependency provision, and preserve Cause interruption.","very high protocol/distribution/memory/callback state","research-only/reject for current freeze","Reject if the mechanism cannot preserve generate in-memory output under the authority/lifetime stated in MECHANISM-COVERAGE.csv."
"rolldown","ROLL-BUILD-MEMORY","C","persistent provider sessions","persistent-session","single representative family for this candidate","GATE-FAIL: session protocol would add opaque IDs without proven incremental state and worsen close/crash ownership","not-applicable-after-semantic-gate","not-applicable-after-semantic-gate; not available as a supported provider surface","not-applicable-after-semantic-gate; no supported faithful request/result boundary","not-applicable-after-semantic-gate; would require effect-build to own an unsupported engine/ABI or substitute semantics","unproven/non-fit; unproven","unproven/non-fit; unproven","unproven/non-fit; unproven","RolldownBuild repeats full builds; current close can resolve before in-flight generate; no cancellation; compatibility: unsupported coupling","not evaluated after semantic gate; none","not evaluated after semantic gate; would require new native/source distribution","bounded negative backed by rolldown-build.ts:23-147 and classic_bundler.rs:1-48 @ 483c648","none until semantic gate passes","invalid/non-fit; stale handles, callback RPC, output release, backpressure, restart and in-flight join","reject for operation","Reopen only if upstream or a bounded probe supplies a supported faithful persistent-session surface for generate in-memory output."
"rolldown","ROLL-BUILD-MEMORY","D","embedded/native/WASM engines","official-language-library","single representative family for this candidate","faithful in declared domain: mechanically exposes build/write engine operations to a Rust consumer; operation status: R6 package deferred","Cargo graph selects exact engine","caller Rust process; distribution: Rust toolchain/binary per target","Rust-native options/results; Rust plugin traits do not preserve JavaScript closures; Rust engine-specific","Cargo graph selects exact engine","Rust engine-specific","Rust engine-specific; state cost: very high source maintenance and platform build burden","native Rust values/direct files","official public crate 1.2.4, MIT, but upstream explicitly promises no SemVer/docs/team support; compatibility: exact-source coupling despite published crate; support verdict: research-only","direct Rust calls/traits; very high source maintenance and platform build burden","Rust toolchain/binary per target","exact-source coupling despite published crate; evidence: rolldown-build.ts:23-147 and classic_bundler.rs:1-48 @ 483c648","Reuse Effect Scope for owned handles/children, ChildProcess for selected processes, FileSystem/Path for explicit mutation, Stream only for a real typed event source, Layer for selection and dependency provision, and preserve Cause interruption.","very high source maintenance and platform build burden","research-only","Reject if the mechanism cannot preserve generate in-memory output under the authority/lifetime stated in MECHANISM-COVERAGE.csv."
"rolldown","ROLL-BUILD-MEMORY","E","inverted/declarative integration","inverted-plugin","single representative family for this candidate","GATE-FAIL: callbacks are adjuncts and do not initiate build/write, own wrapper external-memory lifecycle, or create watch/dev handles","not-applicable-after-semantic-gate","not-applicable-after-semantic-gate; Rust engine calls host JS through N-API","not-applicable-after-semantic-gate; full non-serializable closures/virtual inputs/mutation","not-applicable-after-semantic-gate; engine owns schedule; host owns closure state/code","unproven/non-fit; hooks include closeBundle; tied to build/watcher","unproven/non-fit; hooks include closeBundle; tied to build/watcher","unproven/non-fit; plugin can mutate output and manage external resources","documented public plugin API at 1.2.4; compatibility: public JS plugin API","not evaluated after semantic gate; direct async callbacks with PluginContext/output mutation","not evaluated after semantic gate; plugin modules in host process","bounded negative backed by rolldown-build.ts:23-147 and classic_bundler.rs:1-48 @ 483c648","none until semantic gate passes","invalid/non-fit; reentrancy/concurrency/resource cleanup, but upstream owns mapping","reject for operation","Reopen only if upstream or a bounded probe supplies a supported faithful inverted-plugin surface for generate in-memory output."
"rolldown","ROLL-BUILD-MEMORY","F","operation-specific portfolio","direct-host-api","single selected route","faithful in declared domain: truthful upstream mechanism after admission gates; operation status: R6 package deferred","package/native addon/host graph selects engine; caller owns config/plugins","host process -> package N-API addon -> Rust/Tokio threads; distribution: Node engine declared; platform N-API packages/WASI fallback","rich closures, virtual inputs, structured diagnostics and lazy external native memory; build handle exposes generate/write/close but full builds are fresh; watch/dev experimental; close in-flight law currently fails freeze","package/native addon/host graph selects engine; caller owns config/plugins","build handle exposes generate/write/close but full builds are fresh; watch/dev experimental; close in-flight law currently fails freeze","build handle exposes generate/write/close but full builds are fresh; watch/dev experimental; close in-flight law currently fails freeze; state cost: low wrapper shape but native faults/external-memory/close races require ownership law","native-backed lazy in-memory outputs or provider-direct files","documented public Rolldown 1.2.4 JS API; build/watch experimental; MIT; entire provider deferred by freeze; compatibility: package/addon/host relation; override path can evade exact version enforcement; support verdict: upstream viable; effect-build deferred","JS/N-API callbacks and native-backed objects; low wrapper shape but native faults/external-memory/close races require ownership law","Node engine declared; platform N-API packages/WASI fallback","package/addon/host relation; override path can evade exact version enforcement; evidence: rolldown-build.ts:23-147 and classic_bundler.rs:1-48 @ 483c648","Reuse Effect Scope for owned handles/children, ChildProcess for selected processes, FileSystem/Path for explicit mutation, Stream only for a real typed event source, Layer for selection and dependency provision, and preserve Cause interruption.","low wrapper shape but native faults/external-memory/close races require ownership law","direct JavaScript/N-API only after package admission gates","Reject this portfolio if any selected route cannot preserve generate in-memory output under its authority/lifetime record, or if one supported route preserves all required semantics with fewer total states."
"rolldown","ROLL-WRITE","A","current operation-specific hybrid","direct-host-api+selected-command","deferred alternative API or command routes","direct-host-api:faithful in declared domain: truthful upstream mechanism after admission gates; operation status: R6 package deferred | selected-command:faithful in declared domain: provider-direct write semantics after admission; operation status: R6 package deferred","direct-host-api:package/native addon/host graph selects engine; caller owns config/plugins | selected-command:medium-relational-node-package-addon-graph; PATH selects Node and script/package graph rather than standalone Rust binary","direct-host-api:host process -> package N-API addon -> Rust/Tokio threads; distribution: Node engine declared; platform N-API packages/WASI fallback | selected-command:selected Node -> rolldown JS -> N-API addon/Rust threads; distribution: Node plus JS package plus native addon","direct-host-api:rich closures, virtual inputs, structured diagnostics and lazy external native memory; build handle exposes generate/write/close but full builds are fresh; watch/dev experimental; close in-flight law currently fails freeze | selected-command:native config modules may load plugins; terminal output loses structured JS results and handle methods; one-shot or raw watcher process","direct-host-api:package/native addon/host graph selects engine; caller owns config/plugins | selected-command:PATH selects Node and script/package graph rather than standalone Rust binary","direct-host-api:build handle exposes generate/write/close but full builds are fresh; watch/dev experimental; close in-flight law currently fails freeze | selected-command:one-shot or raw watcher process","direct-host-api:build handle exposes generate/write/close but full builds are fresh; watch/dev experimental; close in-flight law currently fails freeze; state cost: low wrapper shape but native faults/external-memory/close races require ownership law | selected-command:one-shot or raw watcher process; state cost: more identity axes than a standalone CLI","direct-host-api:native-backed lazy in-memory outputs or provider-direct files | selected-command:stdout/direct files","direct-host-api:documented public Rolldown 1.2.4 JS API; build/watch experimental; MIT; entire provider deferred by freeze; compatibility: package/addon/host relation; override path can evade exact version enforcement; support verdict: upstream viable; effect-build deferred | selected-command:documented public Rolldown 1.2.4 CLI, MIT; provider deferred; compatibility: relational Node/package/addon identity; support verdict: research-only while provider deferred","direct-host-api:JS/N-API callbacks and native-backed objects; low wrapper shape but native faults/external-memory/close races require ownership law | selected-command:argv, executable JS/TS config, terminal streams/filesystem; more identity axes than a standalone CLI","direct-host-api:Node engine declared; platform N-API packages/WASI fallback | selected-command:Node plus JS package plus native addon","direct-host-api:package/addon/host relation; override path can evade exact version enforcement; evidence: binding_bundler.rs and CLI bundle.ts @ 483c648 | selected-command:relational Node/package/addon identity; evidence: binding_bundler.rs and CLI bundle.ts @ 483c648","Reuse Effect Scope for owned handles/children, ChildProcess for selected processes, FileSystem/Path for explicit mutation, Stream only for a real typed event source, Layer for selection and dependency provision, and preserve Cause interruption.","direct-host-api:low wrapper shape but native faults/external-memory/close races require ownership law | selected-command:more identity axes than a standalone CLI","direct-host-api:upstream viable; effect-build deferred | selected-command:research-only while provider deferred","Reject if the mechanism cannot preserve provider-direct multi-output write under the authority/lifetime stated in MECHANISM-COVERAGE.csv."
"rolldown","ROLL-WRITE","B","provider-host sidecars","runtime-hosted-sidecar","single representative family for this candidate","faithful in declared domain: fault isolation for plugin-free operations; operation status: R6 package deferred","sidecar selects package/addon/Rust engine","Node/Rust sidecar loads Rolldown; distribution: Node+N-API or Rust binaries across platforms","serializable options/results only; plugin closures require code loading or bidirectional RPC; one-shot/session; crash invalidates handles; native outputs must be materialized/released","sidecar selects package/addon/Rust engine","one-shot/session; crash invalidates handles; native outputs must be materialized/released","one-shot/session; crash invalidates handles; native outputs must be materialized/released; state cost: very high protocol/distribution/memory/callback state","copied bytes or sidecar filesystem mutation","hypothetical effect-build adapter; provider remains deferred; compatibility: protocol plus package/addon/host handshake; support verdict: research-only/reject for current freeze","owned RPC; output bytes eagerly copied; very high protocol/distribution/memory/callback state","Node+N-API or Rust binaries across platforms","protocol plus package/addon/host handshake; evidence: binding_bundler.rs and CLI bundle.ts @ 483c648","Reuse Effect Scope for owned handles/children, ChildProcess for selected processes, FileSystem/Path for explicit mutation, Stream only for a real typed event source, Layer for selection and dependency provision, and preserve Cause interruption.","very high protocol/distribution/memory/callback state","research-only/reject for current freeze","Reject if the mechanism cannot preserve provider-direct multi-output write under the authority/lifetime stated in MECHANISM-COVERAGE.csv."
"rolldown","ROLL-WRITE","C","persistent provider sessions","persistent-session","single representative family for this candidate","GATE-FAIL: session protocol would add opaque IDs without proven incremental state and worsen close/crash ownership","not-applicable-after-semantic-gate","not-applicable-after-semantic-gate; not available as a supported provider surface","not-applicable-after-semantic-gate; no supported faithful request/result boundary","not-applicable-after-semantic-gate; would require effect-build to own an unsupported engine/ABI or substitute semantics","unproven/non-fit; unproven","unproven/non-fit; unproven","unproven/non-fit; unproven","RolldownBuild repeats full builds; current close can resolve before in-flight generate; no cancellation; compatibility: unsupported coupling","not evaluated after semantic gate; none","not evaluated after semantic gate; would require new native/source distribution","bounded negative backed by binding_bundler.rs and CLI bundle.ts @ 483c648","none until semantic gate passes","invalid/non-fit; stale handles, callback RPC, output release, backpressure, restart and in-flight join","reject for operation","Reopen only if upstream or a bounded probe supplies a supported faithful persistent-session surface for provider-direct multi-output write."
"rolldown","ROLL-WRITE","D","embedded/native/WASM engines","official-language-library","single representative family for this candidate","faithful in declared domain: mechanically exposes build/write engine operations to a Rust consumer; operation status: R6 package deferred","Cargo graph selects exact engine","caller Rust process; distribution: Rust toolchain/binary per target","Rust-native options/results; Rust plugin traits do not preserve JavaScript closures; Rust engine-specific","Cargo graph selects exact engine","Rust engine-specific","Rust engine-specific; state cost: very high source maintenance and platform build burden","native Rust values/direct files","official public crate 1.2.4, MIT, but upstream explicitly promises no SemVer/docs/team support; compatibility: exact-source coupling despite published crate; support verdict: research-only","direct Rust calls/traits; very high source maintenance and platform build burden","Rust toolchain/binary per target","exact-source coupling despite published crate; evidence: binding_bundler.rs and CLI bundle.ts @ 483c648","Reuse Effect Scope for owned handles/children, ChildProcess for selected processes, FileSystem/Path for explicit mutation, Stream only for a real typed event source, Layer for selection and dependency provision, and preserve Cause interruption.","very high source maintenance and platform build burden","research-only","Reject if the mechanism cannot preserve provider-direct multi-output write under the authority/lifetime stated in MECHANISM-COVERAGE.csv."
"rolldown","ROLL-WRITE","E","inverted/declarative integration","inverted-plugin","single representative family for this candidate","GATE-FAIL: callbacks are adjuncts and do not initiate build/write, own wrapper external-memory lifecycle, or create watch/dev handles","not-applicable-after-semantic-gate","not-applicable-after-semantic-gate; Rust engine calls host JS through N-API","not-applicable-after-semantic-gate; full non-serializable closures/virtual inputs/mutation","not-applicable-after-semantic-gate; engine owns schedule; host owns closure state/code","unproven/non-fit; hooks include closeBundle; tied to build/watcher","unproven/non-fit; hooks include closeBundle; tied to build/watcher","unproven/non-fit; plugin can mutate output and manage external resources","documented public plugin API at 1.2.4; compatibility: public JS plugin API","not evaluated after semantic gate; direct async callbacks with PluginContext/output mutation","not evaluated after semantic gate; plugin modules in host process","bounded negative backed by binding_bundler.rs and CLI bundle.ts @ 483c648","none until semantic gate passes","invalid/non-fit; reentrancy/concurrency/resource cleanup, but upstream owns mapping","reject for operation","Reopen only if upstream or a bounded probe supplies a supported faithful inverted-plugin surface for provider-direct multi-output write."
"rolldown","ROLL-WRITE","F","operation-specific portfolio","direct-host-api+selected-command","deferred alternative API or command routes","direct-host-api:faithful in declared domain: truthful upstream mechanism after admission gates; operation status: R6 package deferred | selected-command:faithful in declared domain: provider-direct write semantics after admission; operation status: R6 package deferred","direct-host-api:package/native addon/host graph selects engine; caller owns config/plugins | selected-command:medium-relational-node-package-addon-graph; PATH selects Node and script/package graph rather than standalone Rust binary","direct-host-api:host process -> package N-API addon -> Rust/Tokio threads; distribution: Node engine declared; platform N-API packages/WASI fallback | selected-command:selected Node -> rolldown JS -> N-API addon/Rust threads; distribution: Node plus JS package plus native addon","direct-host-api:rich closures, virtual inputs, structured diagnostics and lazy external native memory; build handle exposes generate/write/close but full builds are fresh; watch/dev experimental; close in-flight law currently fails freeze | selected-command:native config modules may load plugins; terminal output loses structured JS results and handle methods; one-shot or raw watcher process","direct-host-api:package/native addon/host graph selects engine; caller owns config/plugins | selected-command:PATH selects Node and script/package graph rather than standalone Rust binary","direct-host-api:build handle exposes generate/write/close but full builds are fresh; watch/dev experimental; close in-flight law currently fails freeze | selected-command:one-shot or raw watcher process","direct-host-api:build handle exposes generate/write/close but full builds are fresh; watch/dev experimental; close in-flight law currently fails freeze; state cost: low wrapper shape but native faults/external-memory/close races require ownership law | selected-command:one-shot or raw watcher process; state cost: more identity axes than a standalone CLI","direct-host-api:native-backed lazy in-memory outputs or provider-direct files | selected-command:stdout/direct files","direct-host-api:documented public Rolldown 1.2.4 JS API; build/watch experimental; MIT; entire provider deferred by freeze; compatibility: package/addon/host relation; override path can evade exact version enforcement; support verdict: upstream viable; effect-build deferred | selected-command:documented public Rolldown 1.2.4 CLI, MIT; provider deferred; compatibility: relational Node/package/addon identity; support verdict: research-only while provider deferred","direct-host-api:JS/N-API callbacks and native-backed objects; low wrapper shape but native faults/external-memory/close races require ownership law | selected-command:argv, executable JS/TS config, terminal streams/filesystem; more identity axes than a standalone CLI","direct-host-api:Node engine declared; platform N-API packages/WASI fallback | selected-command:Node plus JS package plus native addon","direct-host-api:package/addon/host relation; override path can evade exact version enforcement; evidence: binding_bundler.rs and CLI bundle.ts @ 483c648 | selected-command:relational Node/package/addon identity; evidence: binding_bundler.rs and CLI bundle.ts @ 483c648","Reuse Effect Scope for owned handles/children, ChildProcess for selected processes, FileSystem/Path for explicit mutation, Stream only for a real typed event source, Layer for selection and dependency provision, and preserve Cause interruption.","direct-host-api:low wrapper shape but native faults/external-memory/close races require ownership law | selected-command:more identity axes than a standalone CLI","direct JavaScript/N-API or selected CLI after admission; no transactionality claim","Reject this portfolio if any selected route cannot preserve provider-direct multi-output write under its authority/lifetime record, or if one supported route preserves all required semantics with fewer total states."
"rolldown","ROLL-PLUGINS","A","current operation-specific hybrid","direct-host-api","single representative family for this candidate","faithful in declared domain: truthful upstream mechanism after admission gates; operation status: R6 package deferred","package/native addon/host graph selects engine; caller owns config/plugins","host process -> package N-API addon -> Rust/Tokio threads; distribution: Node engine declared; platform N-API packages/WASI fallback","rich closures, virtual inputs, structured diagnostics and lazy external native memory; build handle exposes generate/write/close but full builds are fresh; watch/dev experimental; close in-flight law currently fails freeze","package/native addon/host graph selects engine; caller owns config/plugins","build handle exposes generate/write/close but full builds are fresh; watch/dev experimental; close in-flight law currently fails freeze","build handle exposes generate/write/close but full builds are fresh; watch/dev experimental; close in-flight law currently fails freeze; state cost: low wrapper shape but native faults/external-memory/close races require ownership law","native-backed lazy in-memory outputs or provider-direct files","documented public Rolldown 1.2.4 JS API; build/watch experimental; MIT; entire provider deferred by freeze; compatibility: package/addon/host relation; override path can evade exact version enforcement; support verdict: upstream viable; effect-build deferred","JS/N-API callbacks and native-backed objects; low wrapper shape but native faults/external-memory/close races require ownership law","Node engine declared; platform N-API packages/WASI fallback","package/addon/host relation; override path can evade exact version enforcement; evidence: plugin API and bindingify-plugin.ts @ 483c648","Reuse Effect Scope for owned handles/children, ChildProcess for selected processes, FileSystem/Path for explicit mutation, Stream only for a real typed event source, Layer for selection and dependency provision, and preserve Cause interruption.","low wrapper shape but native faults/external-memory/close races require ownership law","upstream viable; effect-build deferred","Reject if the mechanism cannot preserve plugins and virtual inputs under the authority/lifetime stated in MECHANISM-COVERAGE.csv."
"rolldown","ROLL-PLUGINS","B","provider-host sidecars","runtime-hosted-sidecar","single representative family for this candidate","GATE-FAIL: does not solve package admission, callbacks, external memory or close race","not-applicable-after-semantic-gate","not-applicable-after-semantic-gate; Node/Rust sidecar loads Rolldown","not-applicable-after-semantic-gate; serializable options/results only; plugin closures require code loading or bidirectional RPC","not-applicable-after-semantic-gate; sidecar selects package/addon/Rust engine","unproven/non-fit; one-shot/session; crash invalidates handles; native outputs must be materialized/released","unproven/non-fit; one-shot/session; crash invalidates handles; native outputs must be materialized/released","unproven/non-fit; copied bytes or sidecar filesystem mutation","hypothetical effect-build adapter; provider remains deferred; compatibility: protocol plus package/addon/host handshake","not evaluated after semantic gate; owned RPC; output bytes eagerly copied","not evaluated after semantic gate; Node+N-API or Rust binaries across platforms","bounded negative backed by plugin API and bindingify-plugin.ts @ 483c648","none until semantic gate passes","invalid/non-fit; very high protocol/distribution/memory/callback state","reject for operation","Reopen only if upstream or a bounded probe supplies a supported faithful runtime-hosted-sidecar surface for plugins and virtual inputs."
"rolldown","ROLL-PLUGINS","C","persistent provider sessions","persistent-session","single representative family for this candidate","GATE-FAIL: session protocol would add opaque IDs without proven incremental state and worsen close/crash ownership","not-applicable-after-semantic-gate","not-applicable-after-semantic-gate; not available as a supported provider surface","not-applicable-after-semantic-gate; no supported faithful request/result boundary","not-applicable-after-semantic-gate; would require effect-build to own an unsupported engine/ABI or substitute semantics","unproven/non-fit; unproven","unproven/non-fit; unproven","unproven/non-fit; unproven","RolldownBuild repeats full builds; current close can resolve before in-flight generate; no cancellation; compatibility: unsupported coupling","not evaluated after semantic gate; none","not evaluated after semantic gate; would require new native/source distribution","bounded negative backed by plugin API and bindingify-plugin.ts @ 483c648","none until semantic gate passes","invalid/non-fit; stale handles, callback RPC, output release, backpressure, restart and in-flight join","reject for operation","Reopen only if upstream or a bounded probe supplies a supported faithful persistent-session surface for plugins and virtual inputs."
"rolldown","ROLL-PLUGINS","D","embedded/native/WASM engines","official-language-library","single representative family for this candidate","GATE-FAIL: does not preserve the inventoried JS plugin, wrapper external-memory/close, or package DevEngine/watch operations and is not a supportable stable effect-build boundary","not-applicable-after-semantic-gate","not-applicable-after-semantic-gate; caller Rust process","not-applicable-after-semantic-gate; Rust-native options/results; Rust plugin traits do not preserve JavaScript closures","not-applicable-after-semantic-gate; Cargo graph selects exact engine","unproven/non-fit; Rust engine-specific","unproven/non-fit; Rust engine-specific","unproven/non-fit; native Rust values/direct files","official public crate 1.2.4, MIT, but upstream explicitly promises no SemVer/docs/team support; compatibility: exact-source coupling despite published crate","not evaluated after semantic gate; direct Rust calls/traits","not evaluated after semantic gate; Rust toolchain/binary per target","bounded negative backed by plugin API and bindingify-plugin.ts @ 483c648","none until semantic gate passes","invalid/non-fit; very high source maintenance and platform build burden","reject for operation","Reopen only if upstream or a bounded probe supplies a supported faithful official-language-library surface for plugins and virtual inputs."
"rolldown","ROLL-PLUGINS","E","inverted/declarative integration","inverted-plugin","single representative family for this candidate","faithful in declared domain: only faithful boundary for the exact plugin operation; operation status: R6 package deferred","engine owns schedule; host owns closure state/code","Rust engine calls host JS through N-API; distribution: plugin modules in host process","full non-serializable closures/virtual inputs/mutation; hooks include closeBundle; tied to build/watcher","engine owns schedule; host owns closure state/code","hooks include closeBundle; tied to build/watcher","hooks include closeBundle; tied to build/watcher; state cost: reentrancy/concurrency/resource cleanup, but upstream owns mapping","plugin can mutate output and manage external resources","documented public plugin API at 1.2.4; compatibility: public JS plugin API; support verdict: upstream viable for plugins; effect-build deferred","direct async callbacks with PluginContext/output mutation; reentrancy/concurrency/resource cleanup, but upstream owns mapping","plugin modules in host process","public JS plugin API; evidence: plugin API and bindingify-plugin.ts @ 483c648","Reuse Effect Scope for owned handles/children, ChildProcess for selected processes, FileSystem/Path for explicit mutation, Stream only for a real typed event source, Layer for selection and dependency provision, and preserve Cause interruption.","reentrancy/concurrency/resource cleanup, but upstream owns mapping","upstream viable for plugins; effect-build deferred","Reject if the mechanism cannot preserve plugins and virtual inputs under the authority/lifetime stated in MECHANISM-COVERAGE.csv."
"rolldown","ROLL-PLUGINS","F","operation-specific portfolio","direct-host-api","single selected route","faithful in declared domain: truthful upstream mechanism after admission gates; operation status: R6 package deferred","package/native addon/host graph selects engine; caller owns config/plugins","host process -> package N-API addon -> Rust/Tokio threads; distribution: Node engine declared; platform N-API packages/WASI fallback","rich closures, virtual inputs, structured diagnostics and lazy external native memory; build handle exposes generate/write/close but full builds are fresh; watch/dev experimental; close in-flight law currently fails freeze","package/native addon/host graph selects engine; caller owns config/plugins","build handle exposes generate/write/close but full builds are fresh; watch/dev experimental; close in-flight law currently fails freeze","build handle exposes generate/write/close but full builds are fresh; watch/dev experimental; close in-flight law currently fails freeze; state cost: low wrapper shape but native faults/external-memory/close races require ownership law","native-backed lazy in-memory outputs or provider-direct files","documented public Rolldown 1.2.4 JS API; build/watch experimental; MIT; entire provider deferred by freeze; compatibility: package/addon/host relation; override path can evade exact version enforcement; support verdict: upstream viable; effect-build deferred","JS/N-API callbacks and native-backed objects; low wrapper shape but native faults/external-memory/close races require ownership law","Node engine declared; platform N-API packages/WASI fallback","package/addon/host relation; override path can evade exact version enforcement; evidence: plugin API and bindingify-plugin.ts @ 483c648","Reuse Effect Scope for owned handles/children, ChildProcess for selected processes, FileSystem/Path for explicit mutation, Stream only for a real typed event source, Layer for selection and dependency provision, and preserve Cause interruption.","low wrapper shape but native faults/external-memory/close races require ownership law","direct JavaScript/N-API; JSON sidecar is not faithful","Reject this portfolio if any selected route cannot preserve plugins and virtual inputs under its authority/lifetime record, or if one supported route preserves all required semantics with fewer total states."
"rolldown","ROLL-LIFECYCLE","A","current operation-specific hybrid","direct-host-api","single representative family for this candidate","faithful in declared domain: truthful upstream mechanism after admission gates; operation status: R6 package deferred; in-flight close law fails","package/native addon/host graph selects engine; caller owns config/plugins","host process -> package N-API addon -> Rust/Tokio threads; distribution: Node engine declared; platform N-API packages/WASI fallback","rich closures, virtual inputs, structured diagnostics and lazy external native memory; build handle exposes generate/write/close but full builds are fresh; watch/dev experimental; close in-flight law currently fails freeze","package/native addon/host graph selects engine; caller owns config/plugins","build handle exposes generate/write/close but full builds are fresh; watch/dev experimental; close in-flight law currently fails freeze","build handle exposes generate/write/close but full builds are fresh; watch/dev experimental; close in-flight law currently fails freeze; state cost: low wrapper shape but native faults/external-memory/close races require ownership law","native-backed lazy in-memory outputs or provider-direct files","documented public Rolldown 1.2.4 JS API; build/watch experimental; MIT; entire provider deferred by freeze; compatibility: package/addon/host relation; override path can evade exact version enforcement; support verdict: upstream viable; effect-build deferred","JS/N-API callbacks and native-backed objects; low wrapper shape but native faults/external-memory/close races require ownership law","Node engine declared; platform N-API packages/WASI fallback","package/addon/host relation; override path can evade exact version enforcement; evidence: external-memory-handle.ts and freeze R6 verdict","Reuse Effect Scope for owned handles/children, ChildProcess for selected processes, FileSystem/Path for explicit mutation, Stream only for a real typed event source, Layer for selection and dependency provision, and preserve Cause interruption.","low wrapper shape but native faults/external-memory/close races require ownership law","upstream viable; effect-build deferred","Reject if the mechanism cannot preserve generate/write/close and native external-memory ownership under the authority/lifetime stated in MECHANISM-COVERAGE.csv."
"rolldown","ROLL-LIFECYCLE","B","provider-host sidecars","runtime-hosted-sidecar","single representative family for this candidate","GATE-FAIL: does not solve package admission, callbacks, external memory or close race","not-applicable-after-semantic-gate","not-applicable-after-semantic-gate; Node/Rust sidecar loads Rolldown","not-applicable-after-semantic-gate; serializable options/results only; plugin closures require code loading or bidirectional RPC","not-applicable-after-semantic-gate; sidecar selects package/addon/Rust engine","unproven/non-fit; one-shot/session; crash invalidates handles; native outputs must be materialized/released","unproven/non-fit; one-shot/session; crash invalidates handles; native outputs must be materialized/released","unproven/non-fit; copied bytes or sidecar filesystem mutation","hypothetical effect-build adapter; provider remains deferred; compatibility: protocol plus package/addon/host handshake","not evaluated after semantic gate; owned RPC; output bytes eagerly copied","not evaluated after semantic gate; Node+N-API or Rust binaries across platforms","bounded negative backed by external-memory-handle.ts and freeze R6 verdict","none until semantic gate passes","invalid/non-fit; very high protocol/distribution/memory/callback state","reject for operation","Reopen only if upstream or a bounded probe supplies a supported faithful runtime-hosted-sidecar surface for generate/write/close and native external-memory ownership."
"rolldown","ROLL-LIFECYCLE","C","persistent provider sessions","persistent-session","single representative family for this candidate","GATE-FAIL: session protocol would add opaque IDs without proven incremental state and worsen close/crash ownership","not-applicable-after-semantic-gate","not-applicable-after-semantic-gate; not available as a supported provider surface","not-applicable-after-semantic-gate; no supported faithful request/result boundary","not-applicable-after-semantic-gate; would require effect-build to own an unsupported engine/ABI or substitute semantics","unproven/non-fit; unproven","unproven/non-fit; unproven","unproven/non-fit; unproven","RolldownBuild repeats full builds; current close can resolve before in-flight generate; no cancellation; compatibility: unsupported coupling","not evaluated after semantic gate; none","not evaluated after semantic gate; would require new native/source distribution","bounded negative backed by external-memory-handle.ts and freeze R6 verdict","none until semantic gate passes","invalid/non-fit; stale handles, callback RPC, output release, backpressure, restart and in-flight join","reject for operation","Reopen only if upstream or a bounded probe supplies a supported faithful persistent-session surface for generate/write/close and native external-memory ownership."
"rolldown","ROLL-LIFECYCLE","D","embedded/native/WASM engines","official-language-library","single representative family for this candidate","GATE-FAIL: does not preserve the inventoried JS plugin, wrapper external-memory/close, or package DevEngine/watch operations and is not a supportable stable effect-build boundary","not-applicable-after-semantic-gate","not-applicable-after-semantic-gate; caller Rust process","not-applicable-after-semantic-gate; Rust-native options/results; Rust plugin traits do not preserve JavaScript closures","not-applicable-after-semantic-gate; Cargo graph selects exact engine","unproven/non-fit; Rust engine-specific","unproven/non-fit; Rust engine-specific","unproven/non-fit; native Rust values/direct files","official public crate 1.2.4, MIT, but upstream explicitly promises no SemVer/docs/team support; compatibility: exact-source coupling despite published crate","not evaluated after semantic gate; direct Rust calls/traits","not evaluated after semantic gate; Rust toolchain/binary per target","bounded negative backed by external-memory-handle.ts and freeze R6 verdict","none until semantic gate passes","invalid/non-fit; very high source maintenance and platform build burden","reject for operation","Reopen only if upstream or a bounded probe supplies a supported faithful official-language-library surface for generate/write/close and native external-memory ownership."
"rolldown","ROLL-LIFECYCLE","E","inverted/declarative integration","inverted-plugin","single representative family for this candidate","GATE-FAIL: callbacks are adjuncts and do not initiate build/write, own wrapper external-memory lifecycle, or create watch/dev handles","not-applicable-after-semantic-gate","not-applicable-after-semantic-gate; Rust engine calls host JS through N-API","not-applicable-after-semantic-gate; full non-serializable closures/virtual inputs/mutation","not-applicable-after-semantic-gate; engine owns schedule; host owns closure state/code","unproven/non-fit; hooks include closeBundle; tied to build/watcher","unproven/non-fit; hooks include closeBundle; tied to build/watcher","unproven/non-fit; plugin can mutate output and manage external resources","documented public plugin API at 1.2.4; compatibility: public JS plugin API","not evaluated after semantic gate; direct async callbacks with PluginContext/output mutation","not evaluated after semantic gate; plugin modules in host process","bounded negative backed by external-memory-handle.ts and freeze R6 verdict","none until semantic gate passes","invalid/non-fit; reentrancy/concurrency/resource cleanup, but upstream owns mapping","reject for operation","Reopen only if upstream or a bounded probe supplies a supported faithful inverted-plugin surface for generate/write/close and native external-memory ownership."
"rolldown","ROLL-LIFECYCLE","F","operation-specific portfolio","direct-host-api","single selected route","faithful in declared domain: truthful upstream mechanism after admission gates; operation status: R6 package deferred; in-flight close law fails","package/native addon/host graph selects engine; caller owns config/plugins","host process -> package N-API addon -> Rust/Tokio threads; distribution: Node engine declared; platform N-API packages/WASI fallback","rich closures, virtual inputs, structured diagnostics and lazy external native memory; build handle exposes generate/write/close but full builds are fresh; watch/dev experimental; close in-flight law currently fails freeze","package/native addon/host graph selects engine; caller owns config/plugins","build handle exposes generate/write/close but full builds are fresh; watch/dev experimental; close in-flight law currently fails freeze","build handle exposes generate/write/close but full builds are fresh; watch/dev experimental; close in-flight law currently fails freeze; state cost: low wrapper shape but native faults/external-memory/close races require ownership law","native-backed lazy in-memory outputs or provider-direct files","documented public Rolldown 1.2.4 JS API; build/watch experimental; MIT; entire provider deferred by freeze; compatibility: package/addon/host relation; override path can evade exact version enforcement; support verdict: upstream viable; effect-build deferred","JS/N-API callbacks and native-backed objects; low wrapper shape but native faults/external-memory/close races require ownership law","Node engine declared; platform N-API packages/WASI fallback","package/addon/host relation; override path can evade exact version enforcement; evidence: external-memory-handle.ts and freeze R6 verdict","Reuse Effect Scope for owned handles/children, ChildProcess for selected processes, FileSystem/Path for explicit mutation, Stream only for a real typed event source, Layer for selection and dependency provision, and preserve Cause interruption.","low wrapper shape but native faults/external-memory/close races require ownership law","no admission until wrapper joins in-flight work and materializes/releases native outputs","Reject this portfolio if any selected route cannot preserve generate/write/close and native external-memory ownership under its authority/lifetime record, or if one supported route preserves all required semantics with fewer total states."
"rolldown","ROLL-WATCH-DEV","A","current operation-specific hybrid","direct-host-api","single representative family for this candidate","faithful in declared domain: truthful upstream mechanism after admission gates; operation status: experimental and R6 deferred","package/native addon/host graph selects engine; caller owns config/plugins","host process -> package N-API addon -> Rust/Tokio threads; distribution: Node engine declared; platform N-API packages/WASI fallback","rich closures, virtual inputs, structured diagnostics and lazy external native memory; build handle exposes generate/write/close but full builds are fresh; watch/dev experimental; close in-flight law currently fails freeze","package/native addon/host graph selects engine; caller owns config/plugins","build handle exposes generate/write/close but full builds are fresh; watch/dev experimental; close in-flight law currently fails freeze","build handle exposes generate/write/close but full builds are fresh; watch/dev experimental; close in-flight law currently fails freeze; state cost: low wrapper shape but native faults/external-memory/close races require ownership law","native-backed lazy in-memory outputs or provider-direct files","documented public Rolldown 1.2.4 JS API; build/watch experimental; MIT; entire provider deferred by freeze; compatibility: package/addon/host relation; override path can evade exact version enforcement; support verdict: upstream viable; effect-build deferred","JS/N-API callbacks and native-backed objects; low wrapper shape but native faults/external-memory/close races require ownership law","Node engine declared; platform N-API packages/WASI fallback","package/addon/host relation; override path can evade exact version enforcement; evidence: packages/rolldown/src/api/dev/dev-engine.ts:21-129,151-178 @ 483c648","Reuse Effect Scope for owned handles/children, ChildProcess for selected processes, FileSystem/Path for explicit mutation, Stream only for a real typed event source, Layer for selection and dependency provision, and preserve Cause interruption.","low wrapper shape but native faults/external-memory/close races require ownership law","upstream viable; effect-build deferred","Reject if the mechanism cannot preserve watch/dev/incremental engine under the authority/lifetime stated in MECHANISM-COVERAGE.csv."
"rolldown","ROLL-WATCH-DEV","B","provider-host sidecars","runtime-hosted-sidecar","single representative family for this candidate","GATE-FAIL: does not solve package admission, callbacks, external memory or close race","not-applicable-after-semantic-gate","not-applicable-after-semantic-gate; Node/Rust sidecar loads Rolldown","not-applicable-after-semantic-gate; serializable options/results only; plugin closures require code loading or bidirectional RPC","not-applicable-after-semantic-gate; sidecar selects package/addon/Rust engine","unproven/non-fit; one-shot/session; crash invalidates handles; native outputs must be materialized/released","unproven/non-fit; one-shot/session; crash invalidates handles; native outputs must be materialized/released","unproven/non-fit; copied bytes or sidecar filesystem mutation","hypothetical effect-build adapter; provider remains deferred; compatibility: protocol plus package/addon/host handshake","not evaluated after semantic gate; owned RPC; output bytes eagerly copied","not evaluated after semantic gate; Node+N-API or Rust binaries across platforms","bounded negative backed by packages/rolldown/src/api/dev/dev-engine.ts:21-129,151-178 @ 483c648","none until semantic gate passes","invalid/non-fit; very high protocol/distribution/memory/callback state","reject for operation","Reopen only if upstream or a bounded probe supplies a supported faithful runtime-hosted-sidecar surface for watch/dev/incremental engine."
"rolldown","ROLL-WATCH-DEV","C","persistent provider sessions","persistent-session","single representative family for this candidate","GATE-FAIL: session protocol would add opaque IDs without proven incremental state and worsen close/crash ownership","not-applicable-after-semantic-gate","not-applicable-after-semantic-gate; not available as a supported provider surface","not-applicable-after-semantic-gate; no supported faithful request/result boundary","not-applicable-after-semantic-gate; would require effect-build to own an unsupported engine/ABI or substitute semantics","unproven/non-fit; unproven","unproven/non-fit; unproven","unproven/non-fit; unproven","RolldownBuild repeats full builds; current close can resolve before in-flight generate; no cancellation; compatibility: unsupported coupling","not evaluated after semantic gate; none","not evaluated after semantic gate; would require new native/source distribution","bounded negative backed by packages/rolldown/src/api/dev/dev-engine.ts:21-129,151-178 @ 483c648","none until semantic gate passes","invalid/non-fit; stale handles, callback RPC, output release, backpressure, restart and in-flight join","reject for operation","Reopen only if upstream or a bounded probe supplies a supported faithful persistent-session surface for watch/dev/incremental engine."
"rolldown","ROLL-WATCH-DEV","D","embedded/native/WASM engines","official-language-library","single representative family for this candidate","GATE-FAIL: does not preserve the inventoried JS plugin, wrapper external-memory/close, or package DevEngine/watch operations and is not a supportable stable effect-build boundary","not-applicable-after-semantic-gate","not-applicable-after-semantic-gate; caller Rust process","not-applicable-after-semantic-gate; Rust-native options/results; Rust plugin traits do not preserve JavaScript closures","not-applicable-after-semantic-gate; Cargo graph selects exact engine","unproven/non-fit; Rust engine-specific","unproven/non-fit; Rust engine-specific","unproven/non-fit; native Rust values/direct files","official public crate 1.2.4, MIT, but upstream explicitly promises no SemVer/docs/team support; compatibility: exact-source coupling despite published crate","not evaluated after semantic gate; direct Rust calls/traits","not evaluated after semantic gate; Rust toolchain/binary per target","bounded negative backed by packages/rolldown/src/api/dev/dev-engine.ts:21-129,151-178 @ 483c648","none until semantic gate passes","invalid/non-fit; very high source maintenance and platform build burden","reject for operation","Reopen only if upstream or a bounded probe supplies a supported faithful official-language-library surface for watch/dev/incremental engine."
"rolldown","ROLL-WATCH-DEV","E","inverted/declarative integration","inverted-plugin","single representative family for this candidate","GATE-FAIL: callbacks are adjuncts and do not initiate build/write, own wrapper external-memory lifecycle, or create watch/dev handles","not-applicable-after-semantic-gate","not-applicable-after-semantic-gate; Rust engine calls host JS through N-API","not-applicable-after-semantic-gate; full non-serializable closures/virtual inputs/mutation","not-applicable-after-semantic-gate; engine owns schedule; host owns closure state/code","unproven/non-fit; hooks include closeBundle; tied to build/watcher","unproven/non-fit; hooks include closeBundle; tied to build/watcher","unproven/non-fit; plugin can mutate output and manage external resources","documented public plugin API at 1.2.4; compatibility: public JS plugin API","not evaluated after semantic gate; direct async callbacks with PluginContext/output mutation","not evaluated after semantic gate; plugin modules in host process","bounded negative backed by packages/rolldown/src/api/dev/dev-engine.ts:21-129,151-178 @ 483c648","none until semantic gate passes","invalid/non-fit; reentrancy/concurrency/resource cleanup, but upstream owns mapping","reject for operation","Reopen only if upstream or a bounded probe supplies a supported faithful inverted-plugin surface for watch/dev/incremental engine."
"rolldown","ROLL-WATCH-DEV","F","operation-specific portfolio","direct-host-api","single selected route","faithful in declared domain: truthful upstream mechanism after admission gates; operation status: experimental and R6 deferred","package/native addon/host graph selects engine; caller owns config/plugins","host process -> package N-API addon -> Rust/Tokio threads; distribution: Node engine declared; platform N-API packages/WASI fallback","rich closures, virtual inputs, structured diagnostics and lazy external native memory; build handle exposes generate/write/close but full builds are fresh; watch/dev experimental; close in-flight law currently fails freeze","package/native addon/host graph selects engine; caller owns config/plugins","build handle exposes generate/write/close but full builds are fresh; watch/dev experimental; close in-flight law currently fails freeze","build handle exposes generate/write/close but full builds are fresh; watch/dev experimental; close in-flight law currently fails freeze; state cost: low wrapper shape but native faults/external-memory/close races require ownership law","native-backed lazy in-memory outputs or provider-direct files","documented public Rolldown 1.2.4 JS API; build/watch experimental; MIT; entire provider deferred by freeze; compatibility: package/addon/host relation; override path can evade exact version enforcement; support verdict: upstream viable; effect-build deferred","JS/N-API callbacks and native-backed objects; low wrapper shape but native faults/external-memory/close races require ownership law","Node engine declared; platform N-API packages/WASI fallback","package/addon/host relation; override path can evade exact version enforcement; evidence: packages/rolldown/src/api/dev/dev-engine.ts:21-129,151-178 @ 483c648","Reuse Effect Scope for owned handles/children, ChildProcess for selected processes, FileSystem/Path for explicit mutation, Stream only for a real typed event source, Layer for selection and dependency provision, and preserve Cause interruption.","low wrapper shape but native faults/external-memory/close races require ownership law","upstream-dependent plus package gates; do not infer incrementality from RolldownBuild","Reject this portfolio if any selected route cannot preserve watch/dev/incremental engine under its authority/lifetime record, or if one supported route preserves all required semantics with fewer total states."
