"provider","operation_id","operation","mechanism_family","mechanism","availability","authority","inputs_results","lifetime","outputs","host_distribution","compatibility","operations_fit","complexity_ledger","effect_mapping","verdict","confidence","evidence"
"bun","BUN-TRANSPILE-SYNC","transpile source synchronously","direct-host-api","function/value/plugin callback; Bun isolate -> Zig binding -> caller thread for sync transpile/scan or singleton native bundle thread/work pool for Bun.build; direct JS/native binding; effect-build calls provider. Family: official function, callback, or scoped handle in the provider's supported host","provider pin/license: Bun 1.3.9 @ cf6cdbbbadd50604bc17f21ed5d0612c920a5d9a; MIT; evidence class/support promise: documented public Bun 1.3.9 API, host-restricted, MIT plus bundled component licenses; effect-build-owned adapter/prototype license: MIT where applicable, otherwise not applicable","ambient Bun host selects runtime/engine; request selects config/targets; host cwd/env apply","retains closures, plugin objects, virtual files, blobs, structured logs and BuildArtifact bytes","Transpiler is caller-owned; Bun.build is one-shot over hidden shared threads and exposes no cancel/context; operation invariant: the native host form blocks its caller and exposes no cancellation handle; alternate boundaries must state any different isolation law","borrowed/in-memory blobs or provider-direct files; compile may mutate an outfile; operation invariant: caller-owned transformed source value","requires Bun host and exact supported host/platform binary","public Bun API/version; no independent engine handshake","highest fidelity for Bun-native host operations and callbacks","few adapter concepts; ambient identity and non-cancellable native work remain","Reuse Effect Scope for owned handles/children, ChildProcess for selected processes, FileSystem/Path for explicit mutation, Stream only for a real typed event source, Layer for selection and dependency provision, and preserve Cause interruption.","viable now for host-API operations","high","Bun bun.d.ts:2350-2411 and JSTranspiler.zig:815-918 @ cf6cdbb"
"bun","BUN-TRANSPILE-SYNC","transpile source synchronously","selected-command","command/config; selected local Bun child; argv, terminal byte streams, filesystem; effect-build calls provider. Family: one-shot or scoped provider command with native argv/project/process semantics","provider pin/license: Bun 1.3.9 @ cf6cdbbbadd50604bc17f21ed5d0612c920a5d9a; MIT; evidence class/support promise: documented public Bun 1.3.9 CLI, MIT plus bundled component licenses; effect-build-owned adapter/prototype license: MIT where applicable, otherwise not applicable","explicit/PATH selected binary; CLI owns project/config/env/target and possible runtime acquisition","preserves native project/config/flags; loses arbitrary JS closures and structured result objects","one-shot child or raw watch process; Scope can kill process but does not invent provider cancellation; operation invariant: the native host form blocks its caller and exposes no cancellation handle; alternate boundaries must state any different isolation law","provider-direct files; effect-build compile wraps one file in private staging/atomic rename; operation invariant: caller-owned transformed source value","release binary per host; cross-target compile may acquire target runtime","probe exact version/path/capability; terminal diagnostics are not typed machine events","not equivalent to structured memory/virtual/plugin APIs","reuses Effect process/lifecycle and adds no owned protocol","Reuse Effect Scope for owned handles/children, ChildProcess for selected processes, FileSystem/Path for explicit mutation, Stream only for a real typed event source, Layer for selection and dependency provision, and preserve Cause interruption.","bounded negative / reject for this operation","high","Bun bun.d.ts:2350-2411 and JSTranspiler.zig:815-918 @ cf6cdbb"
"bun","BUN-TRANSPILE-SYNC","transpile source synchronously","official-language-library","none supported; not available as a supported provider surface; none; effect-build calls provider. Family: official Go or Rust library API outside the TypeScript host","provider pin/license: Bun 1.3.9 @ cf6cdbbbadd50604bc17f21ed5d0612c920a5d9a; MIT; evidence class/support promise: no supported non-JavaScript Bun compiler library found at bun-v1.3.9 after public docs/declarations/source-tree search; effect-build-owned adapter/prototype license: MIT where applicable, otherwise not applicable","would require effect-build to own an unsupported engine/ABI or substitute semantics","no supported faithful request/result boundary","unproven; operation invariant: the native host form blocks its caller and exposes no cancellation handle; alternate boundaries must state any different isolation law","unproven; operation invariant: caller-owned transformed source value","would require new native/source distribution","unsupported coupling","no Bun operation has an official Go/Rust/C library boundary","a new language library would be upstream work or a fork","Reuse Effect Scope for owned handles/children, ChildProcess for selected processes, FileSystem/Path for explicit mutation, Stream only for a real typed event source, Layer for selection and dependency provision, and preserve Cause interruption.","bounded negative / reject for this operation","high","Bun bun.d.ts:2350-2411 and JSTranspiler.zig:815-918 @ cf6cdbb"
"bun","BUN-TRANSPILE-SYNC","transpile source synchronously","native-bridge","none supported; not available as a supported provider surface; none; effect-build calls provider. Family: supported or owned C/C++/N-API/FFI bridge","provider pin/license: Bun 1.3.9 @ cf6cdbbbadd50604bc17f21ed5d0612c920a5d9a; MIT; evidence class/support promise: no supported outward Bun compiler C ABI/N-API/FFI surface found at bun-v1.3.9; native onBeforeParse is a narrow plugin hook; effect-build-owned adapter/prototype license: MIT where applicable, otherwise not applicable","would require effect-build to own an unsupported engine/ABI or substitute semantics","no supported faithful request/result boundary","unproven; operation invariant: the native host form blocks its caller and exposes no cancellation handle; alternate boundaries must state any different isolation law","unproven; operation invariant: caller-owned transformed source value","would require new native/source distribution","unsupported coupling","FFI and Node-API load user code into Bun and do not expose Bun's compiler to another host","per-platform ABI/safety/certification; not a small general bridge","Reuse Effect Scope for owned handles/children, ChildProcess for selected processes, FileSystem/Path for explicit mutation, Stream only for a real typed event source, Layer for selection and dependency provision, and preserve Cause interruption.","bounded negative / reject for this operation","high","Bun bun.d.ts:2350-2411 and JSTranspiler.zig:815-918 @ cf6cdbb"
"bun","BUN-TRANSPILE-SYNC","transpile source synchronously","embedded-engine","none supported; not available as a supported provider surface; none; effect-build calls provider. Family: linked or vendored upstream compiler/runtime core","provider pin/license: Bun 1.3.9 @ cf6cdbbbadd50604bc17f21ed5d0612c920a5d9a; MIT; evidence class/support promise: Bun compiler internals are source-visible but unsupported for embedding at cf6cdbb; effect-build-owned adapter/prototype license: MIT where applicable, otherwise not applicable","would require effect-build to own an unsupported engine/ABI or substitute semantics","no supported faithful request/result boundary","unproven; operation invariant: the native host form blocks its caller and exposes no cancellation handle; alternate boundaries must state any different isolation law","unproven; operation invariant: caller-owned transformed source value","would require new native/source distribution","unsupported coupling","would couple to Bun/JSC/Zig internals instead of a supported operation","12k+ blobs, Zig/JSC toolchain, large build/distribution and LGPL component obligations","Reuse Effect Scope for owned handles/children, ChildProcess for selected processes, FileSystem/Path for explicit mutation, Stream only for a real typed event source, Layer for selection and dependency provision, and preserve Cause interruption.","bounded negative / reject for this operation","high","Bun bun.d.ts:2350-2411 and JSTranspiler.zig:815-918 @ cf6cdbb"
"bun","BUN-TRANSPILE-SYNC","transpile source synchronously","runtime-hosted-sidecar","framed request/result; explicit Bun child calling public Bun API; effect-build-owned length-framed pipe/socket protocol; effect-build calls provider. Family: provider-native public API behind an effect-build-owned framed protocol","provider pin/license: Bun 1.3.9 @ cf6cdbbbadd50604bc17f21ed5d0612c920a5d9a; MIT; evidence class/support promise: effect-build-owned prototype over documented public Bun API; not an upstream protocol; effect-build-owned adapter/prototype license: MIT where applicable, otherwise not applicable","effect-build selects binary/digest/protocol; provider process owns Bun engine/cwd/env","faithful only for serializable source/options/bytes; plugin closures require selected provider-side code and cannot be JSON values","one-shot or persistent process; request IDs, queue bounds, handshake, kill, restart and stale handles are adapter-owned; operation invariant: the native host form blocks its caller and exposes no cancellation handle; alternate boundaries must state any different isolation law","structured bytes may cross with copies; direct files mutate sidecar namespace; publication remains effect-build-owned; operation invariant: caller-owned transformed source value","requires Bun binary on every provider host and protocol server source","exact version/capability/digest handshake required","cannot preserve synchronous caller-thread blocking or the frozen compile operation's selected-command/project/publication law, and arbitrary plugins/watch do not cross faithfully","adds protocol/session/crash/copy states; removes host-runtime coupling for serializable operations","Reuse Effect Scope for owned handles/children, ChildProcess for selected processes, FileSystem/Path for explicit mutation, Stream only for a real typed event source, Layer for selection and dependency provision, and preserve Cause interruption.","bounded negative / reject for this operation","medium-high","Bun bun.d.ts:2350-2411 and JSTranspiler.zig:815-918 @ cf6cdbb"
"bun","BUN-TRANSPILE-SYNC","transpile source synchronously","persistent-session","session plus reusable transpiler handle; persistent Bun sidecar; native transpiler calls inside it; framed RPC with generation-bound IDs; effect-build calls provider. Family: versioned daemon/service session with lifetime-bound handles","provider pin/license: Bun 1.3.9 @ cf6cdbbbadd50604bc17f21ed5d0612c920a5d9a; MIT; evidence class/support promise: effect-build prototype only; no upstream Bun session protocol; effect-build-owned adapter/prototype license: MIT where applicable, otherwise not applicable","selected sidecar owns engine; caller owns handle lifecycle","serializable source/options/results; no closure transfer","explicit handshake/create/use/close/shutdown; crash invalidates every generation handle; operation invariant: the native host form blocks its caller and exposes no cancellation handle; alternate boundaries must state any different isolation law","in-memory copied results; operation invariant: caller-owned transformed source value","Bun plus owned server on each platform","protocol and Bun capabilities negotiated","cannot preserve synchronous caller-thread blocking; Bun.build exposes no reusable context and executable compile has no session value","queue/backpressure/stale-handle/idle-memory/restart states added","Reuse Effect Scope for owned handles/children, ChildProcess for selected processes, FileSystem/Path for explicit mutation, Stream only for a real typed event source, Layer for selection and dependency provision, and preserve Cause interruption.","bounded negative / reject for this operation","medium","Bun bun.d.ts:2350-2411 and JSTranspiler.zig:815-918 @ cf6cdbb"
"bun","BUN-TRANSPILE-SYNC","transpile source synchronously","wasm-worker","none supported; not available as a supported provider surface; none; effect-build calls provider. Family: supported WebAssembly, WASI, or provider worker boundary","provider pin/license: Bun 1.3.9 @ cf6cdbbbadd50604bc17f21ed5d0612c920a5d9a; MIT; evidence class/support promise: no supported Bun compiler WASM/WASI build or executable WASM target found at bun-v1.3.9; Bun Worker is experimental and still Bun-hosted; effect-build-owned adapter/prototype license: MIT where applicable, otherwise not applicable","would require effect-build to own an unsupported engine/ABI or substitute semantics","no supported faithful request/result boundary","unproven; operation invariant: the native host form blocks its caller and exposes no cancellation handle; alternate boundaries must state any different isolation law","unproven; operation invariant: caller-owned transformed source value","would require new native/source distribution","unsupported coupling","does not improve host independence or preserve build/watch semantics","worker termination/structured-clone states without a supported portable engine","Reuse Effect Scope for owned handles/children, ChildProcess for selected processes, FileSystem/Path for explicit mutation, Stream only for a real typed event source, Layer for selection and dependency provision, and preserve Cause interruption.","bounded negative / reject for this operation","high","Bun bun.d.ts:2350-2411 and JSTranspiler.zig:815-918 @ cf6cdbb"
"bun","BUN-TRANSPILE-SYNC","transpile source synchronously","inverted-plugin","provider-loaded plugin/module; Bun owns bundle threads and calls JS/native hooks; direct callbacks inside Bun or explicitly selected provider-side module; effect-build calls provider. Family: provider owns execution and calls effect-build-controlled hooks/modules","provider pin/license: Bun 1.3.9 @ cf6cdbbbadd50604bc17f21ed5d0612c920a5d9a; MIT; evidence class/support promise: documented public plugin API; native onBeforeParse is narrow and platform-restricted; effect-build-owned adapter/prototype license: MIT where applicable, otherwise not applicable","provider process controls schedule; caller/plugin controls hook code and mutable closure state","preserves virtual modules and callbacks only when code runs inside Bun","plugin callback/reentrancy lifetime tied to build; no general cancellation; operation invariant: the native host form blocks its caller and exposes no cancellation handle; alternate boundaries must state any different isolation law","plugin may alter module/output graph; direct writes remain provider mutation; operation invariant: caller-owned transformed source value","plugin code/native addon must be installed and trusted in provider host","Bun plugin API plus module/native ABI","a callback is an adjunct, not the build/compile/transpiler caller surface; loading code is not serializing a callback","adds code-mobility/trust/reentrancy identity","Reuse Effect Scope for owned handles/children, ChildProcess for selected processes, FileSystem/Path for explicit mutation, Stream only for a real typed event source, Layer for selection and dependency provision, and preserve Cause interruption.","bounded negative / reject for this operation","high","Bun bun.d.ts:2350-2411 and JSTranspiler.zig:815-918 @ cf6cdbb"
"bun","BUN-TRANSPILE-SYNC","transpile source synchronously","declarative-artifact","project/config files plus command/API request; Bun host/child consumes native files; filesystem artifact handoff; effect-build calls provider. Family: stable config, manifest, project, or intermediate artifact handoff","provider pin/license: Bun 1.3.9 @ cf6cdbbbadd50604bc17f21ed5d0612c920a5d9a; MIT; evidence class/support promise: documented bunfig/tsconfig/package inputs, but no standalone stable build manifest or compiler IR; effect-build-owned adapter/prototype license: MIT where applicable, otherwise not applicable","project retains native configuration authority","configuration survives; virtual bytes/callbacks/handles/diagnostics do not","one-shot adjunct to API/command; operation invariant: the native host form blocks its caller and exposes no cancellation handle; alternate boundaries must state any different isolation law","not an independent build result protocol; operation invariant: caller-owned transformed source value","ordinary project files","provider config version","config does not execute or produce any inventoried operation; a file containing argv is still CLI semantics","low as adjunct; invalid if promoted as independent engine protocol","Reuse Effect Scope for owned handles/children, ChildProcess for selected processes, FileSystem/Path for explicit mutation, Stream only for a real typed event source, Layer for selection and dependency provision, and preserve Cause interruption.","bounded negative / reject for this operation","high","Bun bun.d.ts:2350-2411 and JSTranspiler.zig:815-918 @ cf6cdbb"
"bun","BUN-TRANSPILE-SYNC","transpile source synchronously","isolated-worker","none supported; not available as a supported provider surface; none; effect-build calls provider. Family: local/remote isolated worker used specifically for host or fault isolation","provider pin/license: Bun 1.3.9 @ cf6cdbbbadd50604bc17f21ed5d0612c920a5d9a; MIT; evidence class/support promise: a Bun Worker or remote worker can be built but no operation requires it beyond the sidecar case; effect-build-owned adapter/prototype license: MIT where applicable, otherwise not applicable","would require effect-build to own an unsupported engine/ABI or substitute semantics","no supported faithful request/result boundary","unproven; operation invariant: the native host form blocks its caller and exposes no cancellation handle; alternate boundaries must state any different isolation law","unproven; operation invariant: caller-owned transformed source value","would require new native/source distribution","unsupported coupling","same-host worker keeps Bun dependence; remote execution is explicitly out of scope","duplicates sidecar authority and adds trust/transport/workspace state","Reuse Effect Scope for owned handles/children, ChildProcess for selected processes, FileSystem/Path for explicit mutation, Stream only for a real typed event source, Layer for selection and dependency provision, and preserve Cause interruption.","bounded negative / reject for this operation","high","Bun bun.d.ts:2350-2411 and JSTranspiler.zig:815-918 @ cf6cdbb"
"bun","BUN-TRANSPILE-SYNC","transpile source synchronously","upstream-contribution","future supported handle/protocol/library; chosen by Bun; future versioned ABI/protocol/events; effect-build calls provider. Family: missing supported protocol/library/cancellation/event surface proposed upstream","provider pin/license: Bun 1.3.9 @ cf6cdbbbadd50604bc17f21ed5d0612c920a5d9a; MIT; evidence class/support promise: hypothetical and unproven; issue 5866 covers build watch API need; effect-build-owned adapter/prototype license: MIT where applicable, otherwise not applicable","must expose exact engine/capability identity","should preserve structured results/plugins or explicitly exclude them","needs AbortSignal/cancel and context/rebuild/dispose laws; operation invariant: the native host form blocks its caller and exposes no cancellation handle; alternate boundaries must state any different isolation law","must distinguish bytes, direct mutation, and publication; operation invariant: caller-owned transformed source value","upstream-owned releases","documented version/capability contract","would change current negatives if shipped and supported","moves compatibility burden upstream but still needs adapter certification","Reuse Effect Scope for owned handles/children, ChildProcess for selected processes, FileSystem/Path for explicit mutation, Stream only for a real typed event source, Layer for selection and dependency provision, and preserve Cause interruption.","upstream-dependent","high","Bun bun.d.ts:2350-2411 and JSTranspiler.zig:815-918 @ cf6cdbb"
"bun","BUN-TRANSPILE-ASYNC","transpile source asynchronously","direct-host-api","function/value/plugin callback; Bun isolate -> Zig binding -> caller thread for sync transpile/scan or singleton native bundle thread/work pool for Bun.build; direct JS/native binding; effect-build calls provider. Family: official function, callback, or scoped handle in the provider's supported host","provider pin/license: Bun 1.3.9 @ cf6cdbbbadd50604bc17f21ed5d0612c920a5d9a; MIT; evidence class/support promise: documented public Bun 1.3.9 API, host-restricted, MIT plus bundled component licenses; effect-build-owned adapter/prototype license: MIT where applicable, otherwise not applicable","ambient Bun host selects runtime/engine; request selects config/targets; host cwd/env apply","retains closures, plugin objects, virtual files, blobs, structured logs and BuildArtifact bytes","Transpiler is caller-owned; Bun.build is one-shot over hidden shared threads and exposes no cancel/context; operation invariant: one invocation with no provider-owned per-call cancellation handle; an isolating boundary must state its kill and outcome law","borrowed/in-memory blobs or provider-direct files; compile may mutate an outfile; operation invariant: caller-owned transformed source value","requires Bun host and exact supported host/platform binary","public Bun API/version; no independent engine handshake","highest fidelity for Bun-native host operations and callbacks","few adapter concepts; ambient identity and non-cancellable native work remain","Reuse Effect Scope for owned handles/children, ChildProcess for selected processes, FileSystem/Path for explicit mutation, Stream only for a real typed event source, Layer for selection and dependency provision, and preserve Cause interruption.","viable now for host-API operations","high","Bun transpiler.mdx:71-93 and bun.d.ts:2350-2411 @ cf6cdbb"
"bun","BUN-TRANSPILE-ASYNC","transpile source asynchronously","selected-command","command/config; selected local Bun child; argv, terminal byte streams, filesystem; effect-build calls provider. Family: one-shot or scoped provider command with native argv/project/process semantics","provider pin/license: Bun 1.3.9 @ cf6cdbbbadd50604bc17f21ed5d0612c920a5d9a; MIT; evidence class/support promise: documented public Bun 1.3.9 CLI, MIT plus bundled component licenses; effect-build-owned adapter/prototype license: MIT where applicable, otherwise not applicable","explicit/PATH selected binary; CLI owns project/config/env/target and possible runtime acquisition","preserves native project/config/flags; loses arbitrary JS closures and structured result objects","one-shot child or raw watch process; Scope can kill process but does not invent provider cancellation; operation invariant: one invocation with no provider-owned per-call cancellation handle; an isolating boundary must state its kill and outcome law","provider-direct files; effect-build compile wraps one file in private staging/atomic rename; operation invariant: caller-owned transformed source value","release binary per host; cross-target compile may acquire target runtime","probe exact version/path/capability; terminal diagnostics are not typed machine events","not equivalent to structured memory/virtual/plugin APIs","reuses Effect process/lifecycle and adds no owned protocol","Reuse Effect Scope for owned handles/children, ChildProcess for selected processes, FileSystem/Path for explicit mutation, Stream only for a real typed event source, Layer for selection and dependency provision, and preserve Cause interruption.","bounded negative / reject for this operation","high","Bun transpiler.mdx:71-93 and bun.d.ts:2350-2411 @ cf6cdbb"
"bun","BUN-TRANSPILE-ASYNC","transpile source asynchronously","official-language-library","none supported; not available as a supported provider surface; none; effect-build calls provider. Family: official Go or Rust library API outside the TypeScript host","provider pin/license: Bun 1.3.9 @ cf6cdbbbadd50604bc17f21ed5d0612c920a5d9a; MIT; evidence class/support promise: no supported non-JavaScript Bun compiler library found at bun-v1.3.9 after public docs/declarations/source-tree search; effect-build-owned adapter/prototype license: MIT where applicable, otherwise not applicable","would require effect-build to own an unsupported engine/ABI or substitute semantics","no supported faithful request/result boundary","unproven; operation invariant: one invocation with no provider-owned per-call cancellation handle; an isolating boundary must state its kill and outcome law","unproven; operation invariant: caller-owned transformed source value","would require new native/source distribution","unsupported coupling","no Bun operation has an official Go/Rust/C library boundary","a new language library would be upstream work or a fork","Reuse Effect Scope for owned handles/children, ChildProcess for selected processes, FileSystem/Path for explicit mutation, Stream only for a real typed event source, Layer for selection and dependency provision, and preserve Cause interruption.","bounded negative / reject for this operation","high","Bun transpiler.mdx:71-93 and bun.d.ts:2350-2411 @ cf6cdbb"
"bun","BUN-TRANSPILE-ASYNC","transpile source asynchronously","native-bridge","none supported; not available as a supported provider surface; none; effect-build calls provider. Family: supported or owned C/C++/N-API/FFI bridge","provider pin/license: Bun 1.3.9 @ cf6cdbbbadd50604bc17f21ed5d0612c920a5d9a; MIT; evidence class/support promise: no supported outward Bun compiler C ABI/N-API/FFI surface found at bun-v1.3.9; native onBeforeParse is a narrow plugin hook; effect-build-owned adapter/prototype license: MIT where applicable, otherwise not applicable","would require effect-build to own an unsupported engine/ABI or substitute semantics","no supported faithful request/result boundary","unproven; operation invariant: one invocation with no provider-owned per-call cancellation handle; an isolating boundary must state its kill and outcome law","unproven; operation invariant: caller-owned transformed source value","would require new native/source distribution","unsupported coupling","FFI and Node-API load user code into Bun and do not expose Bun's compiler to another host","per-platform ABI/safety/certification; not a small general bridge","Reuse Effect Scope for owned handles/children, ChildProcess for selected processes, FileSystem/Path for explicit mutation, Stream only for a real typed event source, Layer for selection and dependency provision, and preserve Cause interruption.","bounded negative / reject for this operation","high","Bun transpiler.mdx:71-93 and bun.d.ts:2350-2411 @ cf6cdbb"
"bun","BUN-TRANSPILE-ASYNC","transpile source asynchronously","embedded-engine","none supported; not available as a supported provider surface; none; effect-build calls provider. Family: linked or vendored upstream compiler/runtime core","provider pin/license: Bun 1.3.9 @ cf6cdbbbadd50604bc17f21ed5d0612c920a5d9a; MIT; evidence class/support promise: Bun compiler internals are source-visible but unsupported for embedding at cf6cdbb; effect-build-owned adapter/prototype license: MIT where applicable, otherwise not applicable","would require effect-build to own an unsupported engine/ABI or substitute semantics","no supported faithful request/result boundary","unproven; operation invariant: one invocation with no provider-owned per-call cancellation handle; an isolating boundary must state its kill and outcome law","unproven; operation invariant: caller-owned transformed source value","would require new native/source distribution","unsupported coupling","would couple to Bun/JSC/Zig internals instead of a supported operation","12k+ blobs, Zig/JSC toolchain, large build/distribution and LGPL component obligations","Reuse Effect Scope for owned handles/children, ChildProcess for selected processes, FileSystem/Path for explicit mutation, Stream only for a real typed event source, Layer for selection and dependency provision, and preserve Cause interruption.","bounded negative / reject for this operation","high","Bun transpiler.mdx:71-93 and bun.d.ts:2350-2411 @ cf6cdbb"
"bun","BUN-TRANSPILE-ASYNC","transpile source asynchronously","runtime-hosted-sidecar","framed request/result; explicit Bun child calling public Bun API; effect-build-owned length-framed pipe/socket protocol; effect-build calls provider. Family: provider-native public API behind an effect-build-owned framed protocol","provider pin/license: Bun 1.3.9 @ cf6cdbbbadd50604bc17f21ed5d0612c920a5d9a; MIT; evidence class/support promise: effect-build-owned prototype over documented public Bun API; not an upstream protocol; effect-build-owned adapter/prototype license: MIT where applicable, otherwise not applicable","effect-build selects binary/digest/protocol; provider process owns Bun engine/cwd/env","faithful only for serializable source/options/bytes; plugin closures require selected provider-side code and cannot be JSON values","one-shot or persistent process; request IDs, queue bounds, handshake, kill, restart and stale handles are adapter-owned; operation invariant: one invocation with no provider-owned per-call cancellation handle; an isolating boundary must state its kill and outcome law","structured bytes may cross with copies; direct files mutate sidecar namespace; publication remains effect-build-owned; operation invariant: caller-owned transformed source value","requires Bun binary on every provider host and protocol server source","exact version/capability/digest handshake required","useful only when host independence exposes structured Bun semantics unavailable to a Node orchestrator","adds protocol/session/crash/copy states; removes host-runtime coupling for serializable operations","Reuse Effect Scope for owned handles/children, ChildProcess for selected processes, FileSystem/Path for explicit mutation, Stream only for a real typed event source, Layer for selection and dependency provision, and preserve Cause interruption.","viable with bounded package-private adapter","medium-high","Bun transpiler.mdx:71-93 and bun.d.ts:2350-2411 @ cf6cdbb"
"bun","BUN-TRANSPILE-ASYNC","transpile source asynchronously","persistent-session","session plus reusable transpiler handle; persistent Bun sidecar; native transpiler calls inside it; framed RPC with generation-bound IDs; effect-build calls provider. Family: versioned daemon/service session with lifetime-bound handles","provider pin/license: Bun 1.3.9 @ cf6cdbbbadd50604bc17f21ed5d0612c920a5d9a; MIT; evidence class/support promise: effect-build prototype only; no upstream Bun session protocol; effect-build-owned adapter/prototype license: MIT where applicable, otherwise not applicable","selected sidecar owns engine; caller owns handle lifecycle","serializable source/options/results; no closure transfer","explicit handshake/create/use/close/shutdown; crash invalidates every generation handle; operation invariant: one invocation with no provider-owned per-call cancellation handle; an isolating boundary must state its kill and outcome law","in-memory copied results; operation invariant: caller-owned transformed source value","Bun plus owned server on each platform","protocol and Bun capabilities negotiated","batching can reuse configured Transpiler and amortize startup","queue/backpressure/stale-handle/idle-memory/restart states added","Reuse Effect Scope for owned handles/children, ChildProcess for selected processes, FileSystem/Path for explicit mutation, Stream only for a real typed event source, Layer for selection and dependency provision, and preserve Cause interruption.","research-only unless batching demand is concrete","medium","Bun transpiler.mdx:71-93 and bun.d.ts:2350-2411 @ cf6cdbb"
"bun","BUN-TRANSPILE-ASYNC","transpile source asynchronously","wasm-worker","none supported; not available as a supported provider surface; none; effect-build calls provider. Family: supported WebAssembly, WASI, or provider worker boundary","provider pin/license: Bun 1.3.9 @ cf6cdbbbadd50604bc17f21ed5d0612c920a5d9a; MIT; evidence class/support promise: no supported Bun compiler WASM/WASI build or executable WASM target found at bun-v1.3.9; Bun Worker is experimental and still Bun-hosted; effect-build-owned adapter/prototype license: MIT where applicable, otherwise not applicable","would require effect-build to own an unsupported engine/ABI or substitute semantics","no supported faithful request/result boundary","unproven; operation invariant: one invocation with no provider-owned per-call cancellation handle; an isolating boundary must state its kill and outcome law","unproven; operation invariant: caller-owned transformed source value","would require new native/source distribution","unsupported coupling","does not improve host independence or preserve build/watch semantics","worker termination/structured-clone states without a supported portable engine","Reuse Effect Scope for owned handles/children, ChildProcess for selected processes, FileSystem/Path for explicit mutation, Stream only for a real typed event source, Layer for selection and dependency provision, and preserve Cause interruption.","bounded negative / reject for this operation","high","Bun transpiler.mdx:71-93 and bun.d.ts:2350-2411 @ cf6cdbb"
"bun","BUN-TRANSPILE-ASYNC","transpile source asynchronously","inverted-plugin","provider-loaded plugin/module; Bun owns bundle threads and calls JS/native hooks; direct callbacks inside Bun or explicitly selected provider-side module; effect-build calls provider. Family: provider owns execution and calls effect-build-controlled hooks/modules","provider pin/license: Bun 1.3.9 @ cf6cdbbbadd50604bc17f21ed5d0612c920a5d9a; MIT; evidence class/support promise: documented public plugin API; native onBeforeParse is narrow and platform-restricted; effect-build-owned adapter/prototype license: MIT where applicable, otherwise not applicable","provider process controls schedule; caller/plugin controls hook code and mutable closure state","preserves virtual modules and callbacks only when code runs inside Bun","plugin callback/reentrancy lifetime tied to build; no general cancellation; operation invariant: one invocation with no provider-owned per-call cancellation handle; an isolating boundary must state its kill and outcome law","plugin may alter module/output graph; direct writes remain provider mutation; operation invariant: caller-owned transformed source value","plugin code/native addon must be installed and trusted in provider host","Bun plugin API plus module/native ABI","a callback is an adjunct, not the build/compile/transpiler caller surface; loading code is not serializing a callback","adds code-mobility/trust/reentrancy identity","Reuse Effect Scope for owned handles/children, ChildProcess for selected processes, FileSystem/Path for explicit mutation, Stream only for a real typed event source, Layer for selection and dependency provision, and preserve Cause interruption.","bounded negative / reject for this operation","high","Bun transpiler.mdx:71-93 and bun.d.ts:2350-2411 @ cf6cdbb"
"bun","BUN-TRANSPILE-ASYNC","transpile source asynchronously","declarative-artifact","project/config files plus command/API request; Bun host/child consumes native files; filesystem artifact handoff; effect-build calls provider. Family: stable config, manifest, project, or intermediate artifact handoff","provider pin/license: Bun 1.3.9 @ cf6cdbbbadd50604bc17f21ed5d0612c920a5d9a; MIT; evidence class/support promise: documented bunfig/tsconfig/package inputs, but no standalone stable build manifest or compiler IR; effect-build-owned adapter/prototype license: MIT where applicable, otherwise not applicable","project retains native configuration authority","configuration survives; virtual bytes/callbacks/handles/diagnostics do not","one-shot adjunct to API/command; operation invariant: one invocation with no provider-owned per-call cancellation handle; an isolating boundary must state its kill and outcome law","not an independent build result protocol; operation invariant: caller-owned transformed source value","ordinary project files","provider config version","config does not execute or produce any inventoried operation; a file containing argv is still CLI semantics","low as adjunct; invalid if promoted as independent engine protocol","Reuse Effect Scope for owned handles/children, ChildProcess for selected processes, FileSystem/Path for explicit mutation, Stream only for a real typed event source, Layer for selection and dependency provision, and preserve Cause interruption.","bounded negative / reject for this operation","high","Bun transpiler.mdx:71-93 and bun.d.ts:2350-2411 @ cf6cdbb"
"bun","BUN-TRANSPILE-ASYNC","transpile source asynchronously","isolated-worker","none supported; not available as a supported provider surface; none; effect-build calls provider. Family: local/remote isolated worker used specifically for host or fault isolation","provider pin/license: Bun 1.3.9 @ cf6cdbbbadd50604bc17f21ed5d0612c920a5d9a; MIT; evidence class/support promise: a Bun Worker or remote worker can be built but no operation requires it beyond the sidecar case; effect-build-owned adapter/prototype license: MIT where applicable, otherwise not applicable","would require effect-build to own an unsupported engine/ABI or substitute semantics","no supported faithful request/result boundary","unproven; operation invariant: one invocation with no provider-owned per-call cancellation handle; an isolating boundary must state its kill and outcome law","unproven; operation invariant: caller-owned transformed source value","would require new native/source distribution","unsupported coupling","same-host worker keeps Bun dependence; remote execution is explicitly out of scope","duplicates sidecar authority and adds trust/transport/workspace state","Reuse Effect Scope for owned handles/children, ChildProcess for selected processes, FileSystem/Path for explicit mutation, Stream only for a real typed event source, Layer for selection and dependency provision, and preserve Cause interruption.","bounded negative / reject for this operation","high","Bun transpiler.mdx:71-93 and bun.d.ts:2350-2411 @ cf6cdbb"
"bun","BUN-TRANSPILE-ASYNC","transpile source asynchronously","upstream-contribution","future supported handle/protocol/library; chosen by Bun; future versioned ABI/protocol/events; effect-build calls provider. Family: missing supported protocol/library/cancellation/event surface proposed upstream","provider pin/license: Bun 1.3.9 @ cf6cdbbbadd50604bc17f21ed5d0612c920a5d9a; MIT; evidence class/support promise: hypothetical and unproven; issue 5866 covers build watch API need; effect-build-owned adapter/prototype license: MIT where applicable, otherwise not applicable","must expose exact engine/capability identity","should preserve structured results/plugins or explicitly exclude them","needs AbortSignal/cancel and context/rebuild/dispose laws; operation invariant: one invocation with no provider-owned per-call cancellation handle; an isolating boundary must state its kill and outcome law","must distinguish bytes, direct mutation, and publication; operation invariant: caller-owned transformed source value","upstream-owned releases","documented version/capability contract","would change current negatives if shipped and supported","moves compatibility burden upstream but still needs adapter certification","Reuse Effect Scope for owned handles/children, ChildProcess for selected processes, FileSystem/Path for explicit mutation, Stream only for a real typed event source, Layer for selection and dependency provision, and preserve Cause interruption.","upstream-dependent","high","Bun transpiler.mdx:71-93 and bun.d.ts:2350-2411 @ cf6cdbb"
"bun","BUN-SCAN","scan exports/imports and fast imports","direct-host-api","function/value/plugin callback; Bun isolate -> Zig binding -> caller thread for sync transpile/scan or singleton native bundle thread/work pool for Bun.build; direct JS/native binding; effect-build calls provider. Family: official function, callback, or scoped handle in the provider's supported host","provider pin/license: Bun 1.3.9 @ cf6cdbbbadd50604bc17f21ed5d0612c920a5d9a; MIT; evidence class/support promise: documented public Bun 1.3.9 API, host-restricted, MIT plus bundled component licenses; effect-build-owned adapter/prototype license: MIT where applicable, otherwise not applicable","ambient Bun host selects runtime/engine; request selects config/targets; host cwd/env apply","retains closures, plugin objects, virtual files, blobs, structured logs and BuildArtifact bytes","Transpiler is caller-owned; Bun.build is one-shot over hidden shared threads and exposes no cancel/context","borrowed/in-memory blobs or provider-direct files; compile may mutate an outfile","requires Bun host and exact supported host/platform binary","public Bun API/version; no independent engine handshake","highest fidelity for Bun-native host operations and callbacks","few adapter concepts; ambient identity and non-cancellable native work remain","Reuse Effect Scope for owned handles/children, ChildProcess for selected processes, FileSystem/Path for explicit mutation, Stream only for a real typed event source, Layer for selection and dependency provision, and preserve Cause interruption.","viable now for host-API operations","high","Bun bun.d.ts:2350-2411 @ cf6cdbb"
"bun","BUN-SCAN","scan exports/imports and fast imports","selected-command","command/config; selected local Bun child; argv, terminal byte streams, filesystem; effect-build calls provider. Family: one-shot or scoped provider command with native argv/project/process semantics","provider pin/license: Bun 1.3.9 @ cf6cdbbbadd50604bc17f21ed5d0612c920a5d9a; MIT; evidence class/support promise: documented public Bun 1.3.9 CLI, MIT plus bundled component licenses; effect-build-owned adapter/prototype license: MIT where applicable, otherwise not applicable","explicit/PATH selected binary; CLI owns project/config/env/target and possible runtime acquisition","preserves native project/config/flags; loses arbitrary JS closures and structured result objects","one-shot child or raw watch process; Scope can kill process but does not invent provider cancellation","provider-direct files; effect-build compile wraps one file in private staging/atomic rename","release binary per host; cross-target compile may acquire target runtime","probe exact version/path/capability; terminal diagnostics are not typed machine events","not equivalent to structured memory/virtual/plugin APIs","reuses Effect process/lifecycle and adds no owned protocol","Reuse Effect Scope for owned handles/children, ChildProcess for selected processes, FileSystem/Path for explicit mutation, Stream only for a real typed event source, Layer for selection and dependency provision, and preserve Cause interruption.","bounded negative / reject for this operation","high","Bun bun.d.ts:2350-2411 @ cf6cdbb"
"bun","BUN-SCAN","scan exports/imports and fast imports","official-language-library","none supported; not available as a supported provider surface; none; effect-build calls provider. Family: official Go or Rust library API outside the TypeScript host","provider pin/license: Bun 1.3.9 @ cf6cdbbbadd50604bc17f21ed5d0612c920a5d9a; MIT; evidence class/support promise: no supported non-JavaScript Bun compiler library found at bun-v1.3.9 after public docs/declarations/source-tree search; effect-build-owned adapter/prototype license: MIT where applicable, otherwise not applicable","would require effect-build to own an unsupported engine/ABI or substitute semantics","no supported faithful request/result boundary","unproven","unproven","would require new native/source distribution","unsupported coupling","no Bun operation has an official Go/Rust/C library boundary","a new language library would be upstream work or a fork","Reuse Effect Scope for owned handles/children, ChildProcess for selected processes, FileSystem/Path for explicit mutation, Stream only for a real typed event source, Layer for selection and dependency provision, and preserve Cause interruption.","bounded negative / reject for this operation","high","Bun bun.d.ts:2350-2411 @ cf6cdbb"
"bun","BUN-SCAN","scan exports/imports and fast imports","native-bridge","none supported; not available as a supported provider surface; none; effect-build calls provider. Family: supported or owned C/C++/N-API/FFI bridge","provider pin/license: Bun 1.3.9 @ cf6cdbbbadd50604bc17f21ed5d0612c920a5d9a; MIT; evidence class/support promise: no supported outward Bun compiler C ABI/N-API/FFI surface found at bun-v1.3.9; native onBeforeParse is a narrow plugin hook; effect-build-owned adapter/prototype license: MIT where applicable, otherwise not applicable","would require effect-build to own an unsupported engine/ABI or substitute semantics","no supported faithful request/result boundary","unproven","unproven","would require new native/source distribution","unsupported coupling","FFI and Node-API load user code into Bun and do not expose Bun's compiler to another host","per-platform ABI/safety/certification; not a small general bridge","Reuse Effect Scope for owned handles/children, ChildProcess for selected processes, FileSystem/Path for explicit mutation, Stream only for a real typed event source, Layer for selection and dependency provision, and preserve Cause interruption.","bounded negative / reject for this operation","high","Bun bun.d.ts:2350-2411 @ cf6cdbb"
"bun","BUN-SCAN","scan exports/imports and fast imports","embedded-engine","none supported; not available as a supported provider surface; none; effect-build calls provider. Family: linked or vendored upstream compiler/runtime core","provider pin/license: Bun 1.3.9 @ cf6cdbbbadd50604bc17f21ed5d0612c920a5d9a; MIT; evidence class/support promise: Bun compiler internals are source-visible but unsupported for embedding at cf6cdbb; effect-build-owned adapter/prototype license: MIT where applicable, otherwise not applicable","would require effect-build to own an unsupported engine/ABI or substitute semantics","no supported faithful request/result boundary","unproven","unproven","would require new native/source distribution","unsupported coupling","would couple to Bun/JSC/Zig internals instead of a supported operation","12k+ blobs, Zig/JSC toolchain, large build/distribution and LGPL component obligations","Reuse Effect Scope for owned handles/children, ChildProcess for selected processes, FileSystem/Path for explicit mutation, Stream only for a real typed event source, Layer for selection and dependency provision, and preserve Cause interruption.","bounded negative / reject for this operation","high","Bun bun.d.ts:2350-2411 @ cf6cdbb"
"bun","BUN-SCAN","scan exports/imports and fast imports","runtime-hosted-sidecar","framed request/result; explicit Bun child calling public Bun API; effect-build-owned length-framed pipe/socket protocol; effect-build calls provider. Family: provider-native public API behind an effect-build-owned framed protocol","provider pin/license: Bun 1.3.9 @ cf6cdbbbadd50604bc17f21ed5d0612c920a5d9a; MIT; evidence class/support promise: effect-build-owned prototype over documented public Bun API; not an upstream protocol; effect-build-owned adapter/prototype license: MIT where applicable, otherwise not applicable","effect-build selects binary/digest/protocol; provider process owns Bun engine/cwd/env","faithful only for serializable source/options/bytes; plugin closures require selected provider-side code and cannot be JSON values","one-shot or persistent process; request IDs, queue bounds, handshake, kill, restart and stale handles are adapter-owned","structured bytes may cross with copies; direct files mutate sidecar namespace; publication remains effect-build-owned","requires Bun binary on every provider host and protocol server source","exact version/capability/digest handshake required","useful only when host independence exposes structured Bun semantics unavailable to a Node orchestrator","adds protocol/session/crash/copy states; removes host-runtime coupling for serializable operations","Reuse Effect Scope for owned handles/children, ChildProcess for selected processes, FileSystem/Path for explicit mutation, Stream only for a real typed event source, Layer for selection and dependency provision, and preserve Cause interruption.","viable with bounded package-private adapter","medium-high","Bun bun.d.ts:2350-2411 @ cf6cdbb"
"bun","BUN-SCAN","scan exports/imports and fast imports","persistent-session","session plus reusable transpiler handle; persistent Bun sidecar; native transpiler calls inside it; framed RPC with generation-bound IDs; effect-build calls provider. Family: versioned daemon/service session with lifetime-bound handles","provider pin/license: Bun 1.3.9 @ cf6cdbbbadd50604bc17f21ed5d0612c920a5d9a; MIT; evidence class/support promise: effect-build prototype only; no upstream Bun session protocol; effect-build-owned adapter/prototype license: MIT where applicable, otherwise not applicable","selected sidecar owns engine; caller owns handle lifecycle","serializable source/options/results; no closure transfer","explicit handshake/create/use/close/shutdown; crash invalidates every generation handle","in-memory copied results","Bun plus owned server on each platform","protocol and Bun capabilities negotiated","batching can reuse configured Transpiler and amortize startup","queue/backpressure/stale-handle/idle-memory/restart states added","Reuse Effect Scope for owned handles/children, ChildProcess for selected processes, FileSystem/Path for explicit mutation, Stream only for a real typed event source, Layer for selection and dependency provision, and preserve Cause interruption.","research-only unless batching demand is concrete","medium","Bun bun.d.ts:2350-2411 @ cf6cdbb"
"bun","BUN-SCAN","scan exports/imports and fast imports","wasm-worker","none supported; not available as a supported provider surface; none; effect-build calls provider. Family: supported WebAssembly, WASI, or provider worker boundary","provider pin/license: Bun 1.3.9 @ cf6cdbbbadd50604bc17f21ed5d0612c920a5d9a; MIT; evidence class/support promise: no supported Bun compiler WASM/WASI build or executable WASM target found at bun-v1.3.9; Bun Worker is experimental and still Bun-hosted; effect-build-owned adapter/prototype license: MIT where applicable, otherwise not applicable","would require effect-build to own an unsupported engine/ABI or substitute semantics","no supported faithful request/result boundary","unproven","unproven","would require new native/source distribution","unsupported coupling","does not improve host independence or preserve build/watch semantics","worker termination/structured-clone states without a supported portable engine","Reuse Effect Scope for owned handles/children, ChildProcess for selected processes, FileSystem/Path for explicit mutation, Stream only for a real typed event source, Layer for selection and dependency provision, and preserve Cause interruption.","bounded negative / reject for this operation","high","Bun bun.d.ts:2350-2411 @ cf6cdbb"
"bun","BUN-SCAN","scan exports/imports and fast imports","inverted-plugin","provider-loaded plugin/module; Bun owns bundle threads and calls JS/native hooks; direct callbacks inside Bun or explicitly selected provider-side module; effect-build calls provider. Family: provider owns execution and calls effect-build-controlled hooks/modules","provider pin/license: Bun 1.3.9 @ cf6cdbbbadd50604bc17f21ed5d0612c920a5d9a; MIT; evidence class/support promise: documented public plugin API; native onBeforeParse is narrow and platform-restricted; effect-build-owned adapter/prototype license: MIT where applicable, otherwise not applicable","provider process controls schedule; caller/plugin controls hook code and mutable closure state","preserves virtual modules and callbacks only when code runs inside Bun","plugin callback/reentrancy lifetime tied to build; no general cancellation","plugin may alter module/output graph; direct writes remain provider mutation","plugin code/native addon must be installed and trusted in provider host","Bun plugin API plus module/native ABI","a callback is an adjunct, not the build/compile/transpiler caller surface; loading code is not serializing a callback","adds code-mobility/trust/reentrancy identity","Reuse Effect Scope for owned handles/children, ChildProcess for selected processes, FileSystem/Path for explicit mutation, Stream only for a real typed event source, Layer for selection and dependency provision, and preserve Cause interruption.","bounded negative / reject for this operation","high","Bun bun.d.ts:2350-2411 @ cf6cdbb"
"bun","BUN-SCAN","scan exports/imports and fast imports","declarative-artifact","project/config files plus command/API request; Bun host/child consumes native files; filesystem artifact handoff; effect-build calls provider. Family: stable config, manifest, project, or intermediate artifact handoff","provider pin/license: Bun 1.3.9 @ cf6cdbbbadd50604bc17f21ed5d0612c920a5d9a; MIT; evidence class/support promise: documented bunfig/tsconfig/package inputs, but no standalone stable build manifest or compiler IR; effect-build-owned adapter/prototype license: MIT where applicable, otherwise not applicable","project retains native configuration authority","configuration survives; virtual bytes/callbacks/handles/diagnostics do not","one-shot adjunct to API/command","not an independent build result protocol","ordinary project files","provider config version","config does not execute or produce any inventoried operation; a file containing argv is still CLI semantics","low as adjunct; invalid if promoted as independent engine protocol","Reuse Effect Scope for owned handles/children, ChildProcess for selected processes, FileSystem/Path for explicit mutation, Stream only for a real typed event source, Layer for selection and dependency provision, and preserve Cause interruption.","bounded negative / reject for this operation","high","Bun bun.d.ts:2350-2411 @ cf6cdbb"
"bun","BUN-SCAN","scan exports/imports and fast imports","isolated-worker","none supported; not available as a supported provider surface; none; effect-build calls provider. Family: local/remote isolated worker used specifically for host or fault isolation","provider pin/license: Bun 1.3.9 @ cf6cdbbbadd50604bc17f21ed5d0612c920a5d9a; MIT; evidence class/support promise: a Bun Worker or remote worker can be built but no operation requires it beyond the sidecar case; effect-build-owned adapter/prototype license: MIT where applicable, otherwise not applicable","would require effect-build to own an unsupported engine/ABI or substitute semantics","no supported faithful request/result boundary","unproven","unproven","would require new native/source distribution","unsupported coupling","same-host worker keeps Bun dependence; remote execution is explicitly out of scope","duplicates sidecar authority and adds trust/transport/workspace state","Reuse Effect Scope for owned handles/children, ChildProcess for selected processes, FileSystem/Path for explicit mutation, Stream only for a real typed event source, Layer for selection and dependency provision, and preserve Cause interruption.","bounded negative / reject for this operation","high","Bun bun.d.ts:2350-2411 @ cf6cdbb"
"bun","BUN-SCAN","scan exports/imports and fast imports","upstream-contribution","future supported handle/protocol/library; chosen by Bun; future versioned ABI/protocol/events; effect-build calls provider. Family: missing supported protocol/library/cancellation/event surface proposed upstream","provider pin/license: Bun 1.3.9 @ cf6cdbbbadd50604bc17f21ed5d0612c920a5d9a; MIT; evidence class/support promise: hypothetical and unproven; issue 5866 covers build watch API need; effect-build-owned adapter/prototype license: MIT where applicable, otherwise not applicable","must expose exact engine/capability identity","should preserve structured results/plugins or explicitly exclude them","needs AbortSignal/cancel and context/rebuild/dispose laws","must distinguish bytes, direct mutation, and publication","upstream-owned releases","documented version/capability contract","would change current negatives if shipped and supported","moves compatibility burden upstream but still needs adapter certification","Reuse Effect Scope for owned handles/children, ChildProcess for selected processes, FileSystem/Path for explicit mutation, Stream only for a real typed event source, Layer for selection and dependency provision, and preserve Cause interruption.","upstream-dependent","high","Bun bun.d.ts:2350-2411 @ cf6cdbb"
"bun","BUN-BUILD-MEMORY","build/bundle with structured in-memory outputs and virtual files","direct-host-api","function/value/plugin callback; Bun isolate -> Zig binding -> caller thread for sync transpile/scan or singleton native bundle thread/work pool for Bun.build; direct JS/native binding; effect-build calls provider. Family: official function, callback, or scoped handle in the provider's supported host","provider pin/license: Bun 1.3.9 @ cf6cdbbbadd50604bc17f21ed5d0612c920a5d9a; MIT; evidence class/support promise: documented public Bun 1.3.9 API, host-restricted, MIT plus bundled component licenses; effect-build-owned adapter/prototype license: MIT where applicable, otherwise not applicable","ambient Bun host selects runtime/engine; request selects config/targets; host cwd/env apply","retains closures, plugin objects, virtual files, blobs, structured logs and BuildArtifact bytes","Transpiler is caller-owned; Bun.build is one-shot over hidden shared threads and exposes no cancel/context","borrowed/in-memory blobs or provider-direct files; compile may mutate an outfile","requires Bun host and exact supported host/platform binary","public Bun API/version; no independent engine handshake","highest fidelity for Bun-native host operations and callbacks","few adapter concepts; ambient identity and non-cancellable native work remain","Reuse Effect Scope for owned handles/children, ChildProcess for selected processes, FileSystem/Path for explicit mutation, Stream only for a real typed event source, Layer for selection and dependency provision, and preserve Cause interruption.","viable now for host-API operations","high","Bun bundler docs:295-335 and BuildConfig.files @ cf6cdbb"
"bun","BUN-BUILD-MEMORY","build/bundle with structured in-memory outputs and virtual files","selected-command","command/config; selected local Bun child; argv, terminal byte streams, filesystem; effect-build calls provider. Family: one-shot or scoped provider command with native argv/project/process semantics","provider pin/license: Bun 1.3.9 @ cf6cdbbbadd50604bc17f21ed5d0612c920a5d9a; MIT; evidence class/support promise: documented public Bun 1.3.9 CLI, MIT plus bundled component licenses; effect-build-owned adapter/prototype license: MIT where applicable, otherwise not applicable","explicit/PATH selected binary; CLI owns project/config/env/target and possible runtime acquisition","preserves native project/config/flags; loses arbitrary JS closures and structured result objects","one-shot child or raw watch process; Scope can kill process but does not invent provider cancellation","provider-direct files; effect-build compile wraps one file in private staging/atomic rename","release binary per host; cross-target compile may acquire target runtime","probe exact version/path/capability; terminal diagnostics are not typed machine events","not equivalent to structured memory/virtual/plugin APIs","reuses Effect process/lifecycle and adds no owned protocol","Reuse Effect Scope for owned handles/children, ChildProcess for selected processes, FileSystem/Path for explicit mutation, Stream only for a real typed event source, Layer for selection and dependency provision, and preserve Cause interruption.","bounded negative / reject for this operation","high","Bun bundler docs:295-335 and BuildConfig.files @ cf6cdbb"
"bun","BUN-BUILD-MEMORY","build/bundle with structured in-memory outputs and virtual files","official-language-library","none supported; not available as a supported provider surface; none; effect-build calls provider. Family: official Go or Rust library API outside the TypeScript host","provider pin/license: Bun 1.3.9 @ cf6cdbbbadd50604bc17f21ed5d0612c920a5d9a; MIT; evidence class/support promise: no supported non-JavaScript Bun compiler library found at bun-v1.3.9 after public docs/declarations/source-tree search; effect-build-owned adapter/prototype license: MIT where applicable, otherwise not applicable","would require effect-build to own an unsupported engine/ABI or substitute semantics","no supported faithful request/result boundary","unproven","unproven","would require new native/source distribution","unsupported coupling","no Bun operation has an official Go/Rust/C library boundary","a new language library would be upstream work or a fork","Reuse Effect Scope for owned handles/children, ChildProcess for selected processes, FileSystem/Path for explicit mutation, Stream only for a real typed event source, Layer for selection and dependency provision, and preserve Cause interruption.","bounded negative / reject for this operation","high","Bun bundler docs:295-335 and BuildConfig.files @ cf6cdbb"
"bun","BUN-BUILD-MEMORY","build/bundle with structured in-memory outputs and virtual files","native-bridge","none supported; not available as a supported provider surface; none; effect-build calls provider. Family: supported or owned C/C++/N-API/FFI bridge","provider pin/license: Bun 1.3.9 @ cf6cdbbbadd50604bc17f21ed5d0612c920a5d9a; MIT; evidence class/support promise: no supported outward Bun compiler C ABI/N-API/FFI surface found at bun-v1.3.9; native onBeforeParse is a narrow plugin hook; effect-build-owned adapter/prototype license: MIT where applicable, otherwise not applicable","would require effect-build to own an unsupported engine/ABI or substitute semantics","no supported faithful request/result boundary","unproven","unproven","would require new native/source distribution","unsupported coupling","FFI and Node-API load user code into Bun and do not expose Bun's compiler to another host","per-platform ABI/safety/certification; not a small general bridge","Reuse Effect Scope for owned handles/children, ChildProcess for selected processes, FileSystem/Path for explicit mutation, Stream only for a real typed event source, Layer for selection and dependency provision, and preserve Cause interruption.","bounded negative / reject for this operation","high","Bun bundler docs:295-335 and BuildConfig.files @ cf6cdbb"
"bun","BUN-BUILD-MEMORY","build/bundle with structured in-memory outputs and virtual files","embedded-engine","none supported; not available as a supported provider surface; none; effect-build calls provider. Family: linked or vendored upstream compiler/runtime core","provider pin/license: Bun 1.3.9 @ cf6cdbbbadd50604bc17f21ed5d0612c920a5d9a; MIT; evidence class/support promise: Bun compiler internals are source-visible but unsupported for embedding at cf6cdbb; effect-build-owned adapter/prototype license: MIT where applicable, otherwise not applicable","would require effect-build to own an unsupported engine/ABI or substitute semantics","no supported faithful request/result boundary","unproven","unproven","would require new native/source distribution","unsupported coupling","would couple to Bun/JSC/Zig internals instead of a supported operation","12k+ blobs, Zig/JSC toolchain, large build/distribution and LGPL component obligations","Reuse Effect Scope for owned handles/children, ChildProcess for selected processes, FileSystem/Path for explicit mutation, Stream only for a real typed event source, Layer for selection and dependency provision, and preserve Cause interruption.","bounded negative / reject for this operation","high","Bun bundler docs:295-335 and BuildConfig.files @ cf6cdbb"
"bun","BUN-BUILD-MEMORY","build/bundle with structured in-memory outputs and virtual files","runtime-hosted-sidecar","framed request/result; explicit Bun child calling public Bun API; effect-build-owned length-framed pipe/socket protocol; effect-build calls provider. Family: provider-native public API behind an effect-build-owned framed protocol","provider pin/license: Bun 1.3.9 @ cf6cdbbbadd50604bc17f21ed5d0612c920a5d9a; MIT; evidence class/support promise: effect-build-owned prototype over documented public Bun API; not an upstream protocol; effect-build-owned adapter/prototype license: MIT where applicable, otherwise not applicable","effect-build selects binary/digest/protocol; provider process owns Bun engine/cwd/env","faithful only for serializable source/options/bytes; plugin closures require selected provider-side code and cannot be JSON values","one-shot or persistent process; request IDs, queue bounds, handshake, kill, restart and stale handles are adapter-owned","structured bytes may cross with copies; direct files mutate sidecar namespace; publication remains effect-build-owned","requires Bun binary on every provider host and protocol server source","exact version/capability/digest handshake required","useful only when host independence exposes structured Bun semantics unavailable to a Node orchestrator","adds protocol/session/crash/copy states; removes host-runtime coupling for serializable operations","Reuse Effect Scope for owned handles/children, ChildProcess for selected processes, FileSystem/Path for explicit mutation, Stream only for a real typed event source, Layer for selection and dependency provision, and preserve Cause interruption.","viable with bounded package-private adapter","medium-high","Bun bundler docs:295-335 and BuildConfig.files @ cf6cdbb"
"bun","BUN-BUILD-MEMORY","build/bundle with structured in-memory outputs and virtual files","persistent-session","session plus reusable transpiler handle; persistent Bun sidecar; native transpiler calls inside it; framed RPC with generation-bound IDs; effect-build calls provider. Family: versioned daemon/service session with lifetime-bound handles","provider pin/license: Bun 1.3.9 @ cf6cdbbbadd50604bc17f21ed5d0612c920a5d9a; MIT; evidence class/support promise: effect-build prototype only; no upstream Bun session protocol; effect-build-owned adapter/prototype license: MIT where applicable, otherwise not applicable","selected sidecar owns engine; caller owns handle lifecycle","serializable source/options/results; no closure transfer","explicit handshake/create/use/close/shutdown; crash invalidates every generation handle","in-memory copied results","Bun plus owned server on each platform","protocol and Bun capabilities negotiated","cannot preserve synchronous caller-thread blocking; Bun.build exposes no reusable context and executable compile has no session value","queue/backpressure/stale-handle/idle-memory/restart states added","Reuse Effect Scope for owned handles/children, ChildProcess for selected processes, FileSystem/Path for explicit mutation, Stream only for a real typed event source, Layer for selection and dependency provision, and preserve Cause interruption.","bounded negative / reject for this operation","medium","Bun bundler docs:295-335 and BuildConfig.files @ cf6cdbb"
"bun","BUN-BUILD-MEMORY","build/bundle with structured in-memory outputs and virtual files","wasm-worker","none supported; not available as a supported provider surface; none; effect-build calls provider. Family: supported WebAssembly, WASI, or provider worker boundary","provider pin/license: Bun 1.3.9 @ cf6cdbbbadd50604bc17f21ed5d0612c920a5d9a; MIT; evidence class/support promise: no supported Bun compiler WASM/WASI build or executable WASM target found at bun-v1.3.9; Bun Worker is experimental and still Bun-hosted; effect-build-owned adapter/prototype license: MIT where applicable, otherwise not applicable","would require effect-build to own an unsupported engine/ABI or substitute semantics","no supported faithful request/result boundary","unproven","unproven","would require new native/source distribution","unsupported coupling","does not improve host independence or preserve build/watch semantics","worker termination/structured-clone states without a supported portable engine","Reuse Effect Scope for owned handles/children, ChildProcess for selected processes, FileSystem/Path for explicit mutation, Stream only for a real typed event source, Layer for selection and dependency provision, and preserve Cause interruption.","bounded negative / reject for this operation","high","Bun bundler docs:295-335 and BuildConfig.files @ cf6cdbb"
"bun","BUN-BUILD-MEMORY","build/bundle with structured in-memory outputs and virtual files","inverted-plugin","provider-loaded plugin/module; Bun owns bundle threads and calls JS/native hooks; direct callbacks inside Bun or explicitly selected provider-side module; effect-build calls provider. Family: provider owns execution and calls effect-build-controlled hooks/modules","provider pin/license: Bun 1.3.9 @ cf6cdbbbadd50604bc17f21ed5d0612c920a5d9a; MIT; evidence class/support promise: documented public plugin API; native onBeforeParse is narrow and platform-restricted; effect-build-owned adapter/prototype license: MIT where applicable, otherwise not applicable","provider process controls schedule; caller/plugin controls hook code and mutable closure state","preserves virtual modules and callbacks only when code runs inside Bun","plugin callback/reentrancy lifetime tied to build; no general cancellation","plugin may alter module/output graph; direct writes remain provider mutation","plugin code/native addon must be installed and trusted in provider host","Bun plugin API plus module/native ABI","a callback is an adjunct, not the build/compile/transpiler caller surface; loading code is not serializing a callback","adds code-mobility/trust/reentrancy identity","Reuse Effect Scope for owned handles/children, ChildProcess for selected processes, FileSystem/Path for explicit mutation, Stream only for a real typed event source, Layer for selection and dependency provision, and preserve Cause interruption.","bounded negative / reject for this operation","high","Bun bundler docs:295-335 and BuildConfig.files @ cf6cdbb"
"bun","BUN-BUILD-MEMORY","build/bundle with structured in-memory outputs and virtual files","declarative-artifact","project/config files plus command/API request; Bun host/child consumes native files; filesystem artifact handoff; effect-build calls provider. Family: stable config, manifest, project, or intermediate artifact handoff","provider pin/license: Bun 1.3.9 @ cf6cdbbbadd50604bc17f21ed5d0612c920a5d9a; MIT; evidence class/support promise: documented bunfig/tsconfig/package inputs, but no standalone stable build manifest or compiler IR; effect-build-owned adapter/prototype license: MIT where applicable, otherwise not applicable","project retains native configuration authority","configuration survives; virtual bytes/callbacks/handles/diagnostics do not","one-shot adjunct to API/command","not an independent build result protocol","ordinary project files","provider config version","config does not execute or produce any inventoried operation; a file containing argv is still CLI semantics","low as adjunct; invalid if promoted as independent engine protocol","Reuse Effect Scope for owned handles/children, ChildProcess for selected processes, FileSystem/Path for explicit mutation, Stream only for a real typed event source, Layer for selection and dependency provision, and preserve Cause interruption.","bounded negative / reject for this operation","high","Bun bundler docs:295-335 and BuildConfig.files @ cf6cdbb"
"bun","BUN-BUILD-MEMORY","build/bundle with structured in-memory outputs and virtual files","isolated-worker","none supported; not available as a supported provider surface; none; effect-build calls provider. Family: local/remote isolated worker used specifically for host or fault isolation","provider pin/license: Bun 1.3.9 @ cf6cdbbbadd50604bc17f21ed5d0612c920a5d9a; MIT; evidence class/support promise: a Bun Worker or remote worker can be built but no operation requires it beyond the sidecar case; effect-build-owned adapter/prototype license: MIT where applicable, otherwise not applicable","would require effect-build to own an unsupported engine/ABI or substitute semantics","no supported faithful request/result boundary","unproven","unproven","would require new native/source distribution","unsupported coupling","same-host worker keeps Bun dependence; remote execution is explicitly out of scope","duplicates sidecar authority and adds trust/transport/workspace state","Reuse Effect Scope for owned handles/children, ChildProcess for selected processes, FileSystem/Path for explicit mutation, Stream only for a real typed event source, Layer for selection and dependency provision, and preserve Cause interruption.","bounded negative / reject for this operation","high","Bun bundler docs:295-335 and BuildConfig.files @ cf6cdbb"
"bun","BUN-BUILD-MEMORY","build/bundle with structured in-memory outputs and virtual files","upstream-contribution","future supported handle/protocol/library; chosen by Bun; future versioned ABI/protocol/events; effect-build calls provider. Family: missing supported protocol/library/cancellation/event surface proposed upstream","provider pin/license: Bun 1.3.9 @ cf6cdbbbadd50604bc17f21ed5d0612c920a5d9a; MIT; evidence class/support promise: hypothetical and unproven; issue 5866 covers build watch API need; effect-build-owned adapter/prototype license: MIT where applicable, otherwise not applicable","must expose exact engine/capability identity","should preserve structured results/plugins or explicitly exclude them","needs AbortSignal/cancel and context/rebuild/dispose laws","must distinguish bytes, direct mutation, and publication","upstream-owned releases","documented version/capability contract","would change current negatives if shipped and supported","moves compatibility burden upstream but still needs adapter certification","Reuse Effect Scope for owned handles/children, ChildProcess for selected processes, FileSystem/Path for explicit mutation, Stream only for a real typed event source, Layer for selection and dependency provision, and preserve Cause interruption.","upstream-dependent","high","Bun bundler docs:295-335 and BuildConfig.files @ cf6cdbb"
"bun","BUN-BUILD-DISK-ASSETS","direct multi-entry JS/CSS/HTML/assets build","direct-host-api","function/value/plugin callback; Bun isolate -> Zig binding -> caller thread for sync transpile/scan or singleton native bundle thread/work pool for Bun.build; direct JS/native binding; effect-build calls provider. Family: official function, callback, or scoped handle in the provider's supported host","provider pin/license: Bun 1.3.9 @ cf6cdbbbadd50604bc17f21ed5d0612c920a5d9a; MIT; evidence class/support promise: documented public Bun 1.3.9 API, host-restricted, MIT plus bundled component licenses; effect-build-owned adapter/prototype license: MIT where applicable, otherwise not applicable","ambient Bun host selects runtime/engine; request selects config/targets; host cwd/env apply","retains closures, plugin objects, virtual files, blobs, structured logs and BuildArtifact bytes","Transpiler is caller-owned; Bun.build is one-shot over hidden shared threads and exposes no cancel/context","borrowed/in-memory blobs or provider-direct files; compile may mutate an outfile","requires Bun host and exact supported host/platform binary","public Bun API/version; no independent engine handshake","highest fidelity for Bun-native host operations and callbacks","few adapter concepts; ambient identity and non-cancellable native work remain","Reuse Effect Scope for owned handles/children, ChildProcess for selected processes, FileSystem/Path for explicit mutation, Stream only for a real typed event source, Layer for selection and dependency provision, and preserve Cause interruption.","viable now for host-API operations","high","Bun bundler docs:155-173,295-335 @ cf6cdbb; Bundle.ts:366-463"
"bun","BUN-BUILD-DISK-ASSETS","direct multi-entry JS/CSS/HTML/assets build","selected-command","command/config; selected local Bun child; argv, terminal byte streams, filesystem; effect-build calls provider. Family: one-shot or scoped provider command with native argv/project/process semantics","provider pin/license: Bun 1.3.9 @ cf6cdbbbadd50604bc17f21ed5d0612c920a5d9a; MIT; evidence class/support promise: documented public Bun 1.3.9 CLI, MIT plus bundled component licenses; effect-build-owned adapter/prototype license: MIT where applicable, otherwise not applicable","explicit/PATH selected binary; CLI owns project/config/env/target and possible runtime acquisition","preserves native project/config/flags; loses arbitrary JS closures and structured result objects","one-shot child or raw watch process; Scope can kill process but does not invent provider cancellation","provider-direct files; effect-build compile wraps one file in private staging/atomic rename","release binary per host; cross-target compile may acquire target runtime","probe exact version/path/capability; terminal diagnostics are not typed machine events","best for compile and process/project-authority operations","reuses Effect process/lifecycle and adds no owned protocol","Reuse Effect Scope for owned handles/children, ChildProcess for selected processes, FileSystem/Path for explicit mutation, Stream only for a real typed event source, Layer for selection and dependency provision, and preserve Cause interruption.","viable now","high","Bun bundler docs:155-173,295-335 @ cf6cdbb; Bundle.ts:366-463"
"bun","BUN-BUILD-DISK-ASSETS","direct multi-entry JS/CSS/HTML/assets build","official-language-library","none supported; not available as a supported provider surface; none; effect-build calls provider. Family: official Go or Rust library API outside the TypeScript host","provider pin/license: Bun 1.3.9 @ cf6cdbbbadd50604bc17f21ed5d0612c920a5d9a; MIT; evidence class/support promise: no supported non-JavaScript Bun compiler library found at bun-v1.3.9 after public docs/declarations/source-tree search; effect-build-owned adapter/prototype license: MIT where applicable, otherwise not applicable","would require effect-build to own an unsupported engine/ABI or substitute semantics","no supported faithful request/result boundary","unproven","unproven","would require new native/source distribution","unsupported coupling","no Bun operation has an official Go/Rust/C library boundary","a new language library would be upstream work or a fork","Reuse Effect Scope for owned handles/children, ChildProcess for selected processes, FileSystem/Path for explicit mutation, Stream only for a real typed event source, Layer for selection and dependency provision, and preserve Cause interruption.","bounded negative / reject for this operation","high","Bun bundler docs:155-173,295-335 @ cf6cdbb; Bundle.ts:366-463"
"bun","BUN-BUILD-DISK-ASSETS","direct multi-entry JS/CSS/HTML/assets build","native-bridge","none supported; not available as a supported provider surface; none; effect-build calls provider. Family: supported or owned C/C++/N-API/FFI bridge","provider pin/license: Bun 1.3.9 @ cf6cdbbbadd50604bc17f21ed5d0612c920a5d9a; MIT; evidence class/support promise: no supported outward Bun compiler C ABI/N-API/FFI surface found at bun-v1.3.9; native onBeforeParse is a narrow plugin hook; effect-build-owned adapter/prototype license: MIT where applicable, otherwise not applicable","would require effect-build to own an unsupported engine/ABI or substitute semantics","no supported faithful request/result boundary","unproven","unproven","would require new native/source distribution","unsupported coupling","FFI and Node-API load user code into Bun and do not expose Bun's compiler to another host","per-platform ABI/safety/certification; not a small general bridge","Reuse Effect Scope for owned handles/children, ChildProcess for selected processes, FileSystem/Path for explicit mutation, Stream only for a real typed event source, Layer for selection and dependency provision, and preserve Cause interruption.","bounded negative / reject for this operation","high","Bun bundler docs:155-173,295-335 @ cf6cdbb; Bundle.ts:366-463"
"bun","BUN-BUILD-DISK-ASSETS","direct multi-entry JS/CSS/HTML/assets build","embedded-engine","none supported; not available as a supported provider surface; none; effect-build calls provider. Family: linked or vendored upstream compiler/runtime core","provider pin/license: Bun 1.3.9 @ cf6cdbbbadd50604bc17f21ed5d0612c920a5d9a; MIT; evidence class/support promise: Bun compiler internals are source-visible but unsupported for embedding at cf6cdbb; effect-build-owned adapter/prototype license: MIT where applicable, otherwise not applicable","would require effect-build to own an unsupported engine/ABI or substitute semantics","no supported faithful request/result boundary","unproven","unproven","would require new native/source distribution","unsupported coupling","would couple to Bun/JSC/Zig internals instead of a supported operation","12k+ blobs, Zig/JSC toolchain, large build/distribution and LGPL component obligations","Reuse Effect Scope for owned handles/children, ChildProcess for selected processes, FileSystem/Path for explicit mutation, Stream only for a real typed event source, Layer for selection and dependency provision, and preserve Cause interruption.","bounded negative / reject for this operation","high","Bun bundler docs:155-173,295-335 @ cf6cdbb; Bundle.ts:366-463"
"bun","BUN-BUILD-DISK-ASSETS","direct multi-entry JS/CSS/HTML/assets build","runtime-hosted-sidecar","framed request/result; explicit Bun child calling public Bun API; effect-build-owned length-framed pipe/socket protocol; effect-build calls provider. Family: provider-native public API behind an effect-build-owned framed protocol","provider pin/license: Bun 1.3.9 @ cf6cdbbbadd50604bc17f21ed5d0612c920a5d9a; MIT; evidence class/support promise: effect-build-owned prototype over documented public Bun API; not an upstream protocol; effect-build-owned adapter/prototype license: MIT where applicable, otherwise not applicable","effect-build selects binary/digest/protocol; provider process owns Bun engine/cwd/env","faithful only for serializable source/options/bytes; plugin closures require selected provider-side code and cannot be JSON values","one-shot or persistent process; request IDs, queue bounds, handshake, kill, restart and stale handles are adapter-owned","structured bytes may cross with copies; direct files mutate sidecar namespace; publication remains effect-build-owned","requires Bun binary on every provider host and protocol server source","exact version/capability/digest handshake required","cannot preserve synchronous caller-thread blocking or the frozen compile operation's selected-command/project/publication law, and arbitrary plugins/watch do not cross faithfully","adds protocol/session/crash/copy states; removes host-runtime coupling for serializable operations","Reuse Effect Scope for owned handles/children, ChildProcess for selected processes, FileSystem/Path for explicit mutation, Stream only for a real typed event source, Layer for selection and dependency provision, and preserve Cause interruption.","bounded negative / reject for this operation","medium-high","Bun bundler docs:155-173,295-335 @ cf6cdbb; Bundle.ts:366-463"
"bun","BUN-BUILD-DISK-ASSETS","direct multi-entry JS/CSS/HTML/assets build","persistent-session","session plus reusable transpiler handle; persistent Bun sidecar; native transpiler calls inside it; framed RPC with generation-bound IDs; effect-build calls provider. Family: versioned daemon/service session with lifetime-bound handles","provider pin/license: Bun 1.3.9 @ cf6cdbbbadd50604bc17f21ed5d0612c920a5d9a; MIT; evidence class/support promise: effect-build prototype only; no upstream Bun session protocol; effect-build-owned adapter/prototype license: MIT where applicable, otherwise not applicable","selected sidecar owns engine; caller owns handle lifecycle","serializable source/options/results; no closure transfer","explicit handshake/create/use/close/shutdown; crash invalidates every generation handle","in-memory copied results","Bun plus owned server on each platform","protocol and Bun capabilities negotiated","cannot preserve synchronous caller-thread blocking; Bun.build exposes no reusable context and executable compile has no session value","queue/backpressure/stale-handle/idle-memory/restart states added","Reuse Effect Scope for owned handles/children, ChildProcess for selected processes, FileSystem/Path for explicit mutation, Stream only for a real typed event source, Layer for selection and dependency provision, and preserve Cause interruption.","bounded negative / reject for this operation","medium","Bun bundler docs:155-173,295-335 @ cf6cdbb; Bundle.ts:366-463"
"bun","BUN-BUILD-DISK-ASSETS","direct multi-entry JS/CSS/HTML/assets build","wasm-worker","none supported; not available as a supported provider surface; none; effect-build calls provider. Family: supported WebAssembly, WASI, or provider worker boundary","provider pin/license: Bun 1.3.9 @ cf6cdbbbadd50604bc17f21ed5d0612c920a5d9a; MIT; evidence class/support promise: no supported Bun compiler WASM/WASI build or executable WASM target found at bun-v1.3.9; Bun Worker is experimental and still Bun-hosted; effect-build-owned adapter/prototype license: MIT where applicable, otherwise not applicable","would require effect-build to own an unsupported engine/ABI or substitute semantics","no supported faithful request/result boundary","unproven","unproven","would require new native/source distribution","unsupported coupling","does not improve host independence or preserve build/watch semantics","worker termination/structured-clone states without a supported portable engine","Reuse Effect Scope for owned handles/children, ChildProcess for selected processes, FileSystem/Path for explicit mutation, Stream only for a real typed event source, Layer for selection and dependency provision, and preserve Cause interruption.","bounded negative / reject for this operation","high","Bun bundler docs:155-173,295-335 @ cf6cdbb; Bundle.ts:366-463"
"bun","BUN-BUILD-DISK-ASSETS","direct multi-entry JS/CSS/HTML/assets build","inverted-plugin","provider-loaded plugin/module; Bun owns bundle threads and calls JS/native hooks; direct callbacks inside Bun or explicitly selected provider-side module; effect-build calls provider. Family: provider owns execution and calls effect-build-controlled hooks/modules","provider pin/license: Bun 1.3.9 @ cf6cdbbbadd50604bc17f21ed5d0612c920a5d9a; MIT; evidence class/support promise: documented public plugin API; native onBeforeParse is narrow and platform-restricted; effect-build-owned adapter/prototype license: MIT where applicable, otherwise not applicable","provider process controls schedule; caller/plugin controls hook code and mutable closure state","preserves virtual modules and callbacks only when code runs inside Bun","plugin callback/reentrancy lifetime tied to build; no general cancellation","plugin may alter module/output graph; direct writes remain provider mutation","plugin code/native addon must be installed and trusted in provider host","Bun plugin API plus module/native ABI","a callback is an adjunct, not the build/compile/transpiler caller surface; loading code is not serializing a callback","adds code-mobility/trust/reentrancy identity","Reuse Effect Scope for owned handles/children, ChildProcess for selected processes, FileSystem/Path for explicit mutation, Stream only for a real typed event source, Layer for selection and dependency provision, and preserve Cause interruption.","bounded negative / reject for this operation","high","Bun bundler docs:155-173,295-335 @ cf6cdbb; Bundle.ts:366-463"
"bun","BUN-BUILD-DISK-ASSETS","direct multi-entry JS/CSS/HTML/assets build","declarative-artifact","project/config files plus command/API request; Bun host/child consumes native files; filesystem artifact handoff; effect-build calls provider. Family: stable config, manifest, project, or intermediate artifact handoff","provider pin/license: Bun 1.3.9 @ cf6cdbbbadd50604bc17f21ed5d0612c920a5d9a; MIT; evidence class/support promise: documented bunfig/tsconfig/package inputs, but no standalone stable build manifest or compiler IR; effect-build-owned adapter/prototype license: MIT where applicable, otherwise not applicable","project retains native configuration authority","configuration survives; virtual bytes/callbacks/handles/diagnostics do not","one-shot adjunct to API/command","not an independent build result protocol","ordinary project files","provider config version","config does not execute or produce any inventoried operation; a file containing argv is still CLI semantics","low as adjunct; invalid if promoted as independent engine protocol","Reuse Effect Scope for owned handles/children, ChildProcess for selected processes, FileSystem/Path for explicit mutation, Stream only for a real typed event source, Layer for selection and dependency provision, and preserve Cause interruption.","bounded negative / reject for this operation","high","Bun bundler docs:155-173,295-335 @ cf6cdbb; Bundle.ts:366-463"
"bun","BUN-BUILD-DISK-ASSETS","direct multi-entry JS/CSS/HTML/assets build","isolated-worker","none supported; not available as a supported provider surface; none; effect-build calls provider. Family: local/remote isolated worker used specifically for host or fault isolation","provider pin/license: Bun 1.3.9 @ cf6cdbbbadd50604bc17f21ed5d0612c920a5d9a; MIT; evidence class/support promise: a Bun Worker or remote worker can be built but no operation requires it beyond the sidecar case; effect-build-owned adapter/prototype license: MIT where applicable, otherwise not applicable","would require effect-build to own an unsupported engine/ABI or substitute semantics","no supported faithful request/result boundary","unproven","unproven","would require new native/source distribution","unsupported coupling","same-host worker keeps Bun dependence; remote execution is explicitly out of scope","duplicates sidecar authority and adds trust/transport/workspace state","Reuse Effect Scope for owned handles/children, ChildProcess for selected processes, FileSystem/Path for explicit mutation, Stream only for a real typed event source, Layer for selection and dependency provision, and preserve Cause interruption.","bounded negative / reject for this operation","high","Bun bundler docs:155-173,295-335 @ cf6cdbb; Bundle.ts:366-463"
"bun","BUN-BUILD-DISK-ASSETS","direct multi-entry JS/CSS/HTML/assets build","upstream-contribution","future supported handle/protocol/library; chosen by Bun; future versioned ABI/protocol/events; effect-build calls provider. Family: missing supported protocol/library/cancellation/event surface proposed upstream","provider pin/license: Bun 1.3.9 @ cf6cdbbbadd50604bc17f21ed5d0612c920a5d9a; MIT; evidence class/support promise: hypothetical and unproven; issue 5866 covers build watch API need; effect-build-owned adapter/prototype license: MIT where applicable, otherwise not applicable","must expose exact engine/capability identity","should preserve structured results/plugins or explicitly exclude them","needs AbortSignal/cancel and context/rebuild/dispose laws","must distinguish bytes, direct mutation, and publication","upstream-owned releases","documented version/capability contract","would change current negatives if shipped and supported","moves compatibility burden upstream but still needs adapter certification","Reuse Effect Scope for owned handles/children, ChildProcess for selected processes, FileSystem/Path for explicit mutation, Stream only for a real typed event source, Layer for selection and dependency provision, and preserve Cause interruption.","upstream-dependent","high","Bun bundler docs:155-173,295-335 @ cf6cdbb; Bundle.ts:366-463"
"bun","BUN-PLUGINS-VIRTUAL","plugins, macros, virtual inputs, native onBeforeParse","direct-host-api","function/value/plugin callback; Bun isolate -> Zig binding -> caller thread for sync transpile/scan or singleton native bundle thread/work pool for Bun.build; direct JS/native binding; effect-build calls provider. Family: official function, callback, or scoped handle in the provider's supported host","provider pin/license: Bun 1.3.9 @ cf6cdbbbadd50604bc17f21ed5d0612c920a5d9a; MIT; evidence class/support promise: documented public Bun 1.3.9 API, host-restricted, MIT plus bundled component licenses; effect-build-owned adapter/prototype license: MIT where applicable, otherwise not applicable","ambient Bun host selects runtime/engine; request selects config/targets; host cwd/env apply","retains closures, plugin objects, virtual files, blobs, structured logs and BuildArtifact bytes","Transpiler is caller-owned; Bun.build is one-shot over hidden shared threads and exposes no cancel/context","borrowed/in-memory blobs or provider-direct files; compile may mutate an outfile","requires Bun host and exact supported host/platform binary","public Bun API/version; no independent engine handshake","highest fidelity for Bun-native host operations and callbacks","few adapter concepts; ambient identity and non-cancellable native work remain","Reuse Effect Scope for owned handles/children, ChildProcess for selected processes, FileSystem/Path for explicit mutation, Stream only for a real typed event source, Layer for selection and dependency provision, and preserve Cause interruption.","viable now for host-API operations","high","Bun plugin docs:314-336 and bundle_v2.zig:2340-2354 @ cf6cdbb"
"bun","BUN-PLUGINS-VIRTUAL","plugins, macros, virtual inputs, native onBeforeParse","selected-command","command/config; selected local Bun child; argv, terminal byte streams, filesystem; effect-build calls provider. Family: one-shot or scoped provider command with native argv/project/process semantics","provider pin/license: Bun 1.3.9 @ cf6cdbbbadd50604bc17f21ed5d0612c920a5d9a; MIT; evidence class/support promise: documented public Bun 1.3.9 CLI, MIT plus bundled component licenses; effect-build-owned adapter/prototype license: MIT where applicable, otherwise not applicable","explicit/PATH selected binary; CLI owns project/config/env/target and possible runtime acquisition","preserves native project/config/flags; loses arbitrary JS closures and structured result objects","one-shot child or raw watch process; Scope can kill process but does not invent provider cancellation","provider-direct files; effect-build compile wraps one file in private staging/atomic rename","release binary per host; cross-target compile may acquire target runtime","probe exact version/path/capability; terminal diagnostics are not typed machine events","not equivalent to structured memory/virtual/plugin APIs","reuses Effect process/lifecycle and adds no owned protocol","Reuse Effect Scope for owned handles/children, ChildProcess for selected processes, FileSystem/Path for explicit mutation, Stream only for a real typed event source, Layer for selection and dependency provision, and preserve Cause interruption.","bounded negative / reject for this operation","high","Bun plugin docs:314-336 and bundle_v2.zig:2340-2354 @ cf6cdbb"
"bun","BUN-PLUGINS-VIRTUAL","plugins, macros, virtual inputs, native onBeforeParse","official-language-library","none supported; not available as a supported provider surface; none; effect-build calls provider. Family: official Go or Rust library API outside the TypeScript host","provider pin/license: Bun 1.3.9 @ cf6cdbbbadd50604bc17f21ed5d0612c920a5d9a; MIT; evidence class/support promise: no supported non-JavaScript Bun compiler library found at bun-v1.3.9 after public docs/declarations/source-tree search; effect-build-owned adapter/prototype license: MIT where applicable, otherwise not applicable","would require effect-build to own an unsupported engine/ABI or substitute semantics","no supported faithful request/result boundary","unproven","unproven","would require new native/source distribution","unsupported coupling","no Bun operation has an official Go/Rust/C library boundary","a new language library would be upstream work or a fork","Reuse Effect Scope for owned handles/children, ChildProcess for selected processes, FileSystem/Path for explicit mutation, Stream only for a real typed event source, Layer for selection and dependency provision, and preserve Cause interruption.","bounded negative / reject for this operation","high","Bun plugin docs:314-336 and bundle_v2.zig:2340-2354 @ cf6cdbb"
"bun","BUN-PLUGINS-VIRTUAL","plugins, macros, virtual inputs, native onBeforeParse","native-bridge","none supported; not available as a supported provider surface; none; effect-build calls provider. Family: supported or owned C/C++/N-API/FFI bridge","provider pin/license: Bun 1.3.9 @ cf6cdbbbadd50604bc17f21ed5d0612c920a5d9a; MIT; evidence class/support promise: no supported outward Bun compiler C ABI/N-API/FFI surface found at bun-v1.3.9; native onBeforeParse is a narrow plugin hook; effect-build-owned adapter/prototype license: MIT where applicable, otherwise not applicable","would require effect-build to own an unsupported engine/ABI or substitute semantics","no supported faithful request/result boundary","unproven","unproven","would require new native/source distribution","unsupported coupling","FFI and Node-API load user code into Bun and do not expose Bun's compiler to another host","per-platform ABI/safety/certification; not a small general bridge","Reuse Effect Scope for owned handles/children, ChildProcess for selected processes, FileSystem/Path for explicit mutation, Stream only for a real typed event source, Layer for selection and dependency provision, and preserve Cause interruption.","bounded negative / reject for this operation","high","Bun plugin docs:314-336 and bundle_v2.zig:2340-2354 @ cf6cdbb"
"bun","BUN-PLUGINS-VIRTUAL","plugins, macros, virtual inputs, native onBeforeParse","embedded-engine","none supported; not available as a supported provider surface; none; effect-build calls provider. Family: linked or vendored upstream compiler/runtime core","provider pin/license: Bun 1.3.9 @ cf6cdbbbadd50604bc17f21ed5d0612c920a5d9a; MIT; evidence class/support promise: Bun compiler internals are source-visible but unsupported for embedding at cf6cdbb; effect-build-owned adapter/prototype license: MIT where applicable, otherwise not applicable","would require effect-build to own an unsupported engine/ABI or substitute semantics","no supported faithful request/result boundary","unproven","unproven","would require new native/source distribution","unsupported coupling","would couple to Bun/JSC/Zig internals instead of a supported operation","12k+ blobs, Zig/JSC toolchain, large build/distribution and LGPL component obligations","Reuse Effect Scope for owned handles/children, ChildProcess for selected processes, FileSystem/Path for explicit mutation, Stream only for a real typed event source, Layer for selection and dependency provision, and preserve Cause interruption.","bounded negative / reject for this operation","high","Bun plugin docs:314-336 and bundle_v2.zig:2340-2354 @ cf6cdbb"
"bun","BUN-PLUGINS-VIRTUAL","plugins, macros, virtual inputs, native onBeforeParse","runtime-hosted-sidecar","framed request/result; explicit Bun child calling public Bun API; effect-build-owned length-framed pipe/socket protocol; effect-build calls provider. Family: provider-native public API behind an effect-build-owned framed protocol","provider pin/license: Bun 1.3.9 @ cf6cdbbbadd50604bc17f21ed5d0612c920a5d9a; MIT; evidence class/support promise: effect-build-owned prototype over documented public Bun API; not an upstream protocol; effect-build-owned adapter/prototype license: MIT where applicable, otherwise not applicable","effect-build selects binary/digest/protocol; provider process owns Bun engine/cwd/env","faithful only for serializable source/options/bytes; plugin closures require selected provider-side code and cannot be JSON values","one-shot or persistent process; request IDs, queue bounds, handshake, kill, restart and stale handles are adapter-owned","structured bytes may cross with copies; direct files mutate sidecar namespace; publication remains effect-build-owned","requires Bun binary on every provider host and protocol server source","exact version/capability/digest handshake required","cannot preserve synchronous caller-thread blocking or the frozen compile operation's selected-command/project/publication law, and arbitrary plugins/watch do not cross faithfully","adds protocol/session/crash/copy states; removes host-runtime coupling for serializable operations","Reuse Effect Scope for owned handles/children, ChildProcess for selected processes, FileSystem/Path for explicit mutation, Stream only for a real typed event source, Layer for selection and dependency provision, and preserve Cause interruption.","bounded negative / reject for this operation","medium-high","Bun plugin docs:314-336 and bundle_v2.zig:2340-2354 @ cf6cdbb"
"bun","BUN-PLUGINS-VIRTUAL","plugins, macros, virtual inputs, native onBeforeParse","persistent-session","session plus reusable transpiler handle; persistent Bun sidecar; native transpiler calls inside it; framed RPC with generation-bound IDs; effect-build calls provider. Family: versioned daemon/service session with lifetime-bound handles","provider pin/license: Bun 1.3.9 @ cf6cdbbbadd50604bc17f21ed5d0612c920a5d9a; MIT; evidence class/support promise: effect-build prototype only; no upstream Bun session protocol; effect-build-owned adapter/prototype license: MIT where applicable, otherwise not applicable","selected sidecar owns engine; caller owns handle lifecycle","serializable source/options/results; no closure transfer","explicit handshake/create/use/close/shutdown; crash invalidates every generation handle","in-memory copied results","Bun plus owned server on each platform","protocol and Bun capabilities negotiated","cannot preserve synchronous caller-thread blocking; Bun.build exposes no reusable context and executable compile has no session value","queue/backpressure/stale-handle/idle-memory/restart states added","Reuse Effect Scope for owned handles/children, ChildProcess for selected processes, FileSystem/Path for explicit mutation, Stream only for a real typed event source, Layer for selection and dependency provision, and preserve Cause interruption.","bounded negative / reject for this operation","medium","Bun plugin docs:314-336 and bundle_v2.zig:2340-2354 @ cf6cdbb"
"bun","BUN-PLUGINS-VIRTUAL","plugins, macros, virtual inputs, native onBeforeParse","wasm-worker","none supported; not available as a supported provider surface; none; effect-build calls provider. Family: supported WebAssembly, WASI, or provider worker boundary","provider pin/license: Bun 1.3.9 @ cf6cdbbbadd50604bc17f21ed5d0612c920a5d9a; MIT; evidence class/support promise: no supported Bun compiler WASM/WASI build or executable WASM target found at bun-v1.3.9; Bun Worker is experimental and still Bun-hosted; effect-build-owned adapter/prototype license: MIT where applicable, otherwise not applicable","would require effect-build to own an unsupported engine/ABI or substitute semantics","no supported faithful request/result boundary","unproven","unproven","would require new native/source distribution","unsupported coupling","does not improve host independence or preserve build/watch semantics","worker termination/structured-clone states without a supported portable engine","Reuse Effect Scope for owned handles/children, ChildProcess for selected processes, FileSystem/Path for explicit mutation, Stream only for a real typed event source, Layer for selection and dependency provision, and preserve Cause interruption.","bounded negative / reject for this operation","high","Bun plugin docs:314-336 and bundle_v2.zig:2340-2354 @ cf6cdbb"
"bun","BUN-PLUGINS-VIRTUAL","plugins, macros, virtual inputs, native onBeforeParse","inverted-plugin","provider-loaded plugin/module; Bun owns bundle threads and calls JS/native hooks; direct callbacks inside Bun or explicitly selected provider-side module; effect-build calls provider. Family: provider owns execution and calls effect-build-controlled hooks/modules","provider pin/license: Bun 1.3.9 @ cf6cdbbbadd50604bc17f21ed5d0612c920a5d9a; MIT; evidence class/support promise: documented public plugin API; native onBeforeParse is narrow and platform-restricted; effect-build-owned adapter/prototype license: MIT where applicable, otherwise not applicable","provider process controls schedule; caller/plugin controls hook code and mutable closure state","preserves virtual modules and callbacks only when code runs inside Bun","plugin callback/reentrancy lifetime tied to build; no general cancellation","plugin may alter module/output graph; direct writes remain provider mutation","plugin code/native addon must be installed and trusted in provider host","Bun plugin API plus module/native ABI","truthful for the exact plugin/virtual-input operation","adds code-mobility/trust/reentrancy identity","Reuse Effect Scope for owned handles/children, ChildProcess for selected processes, FileSystem/Path for explicit mutation, Stream only for a real typed event source, Layer for selection and dependency provision, and preserve Cause interruption.","viable now only as provider-native direct integration","high","Bun plugin docs:314-336 and bundle_v2.zig:2340-2354 @ cf6cdbb"
"bun","BUN-PLUGINS-VIRTUAL","plugins, macros, virtual inputs, native onBeforeParse","declarative-artifact","project/config files plus command/API request; Bun host/child consumes native files; filesystem artifact handoff; effect-build calls provider. Family: stable config, manifest, project, or intermediate artifact handoff","provider pin/license: Bun 1.3.9 @ cf6cdbbbadd50604bc17f21ed5d0612c920a5d9a; MIT; evidence class/support promise: documented bunfig/tsconfig/package inputs, but no standalone stable build manifest or compiler IR; effect-build-owned adapter/prototype license: MIT where applicable, otherwise not applicable","project retains native configuration authority","configuration survives; virtual bytes/callbacks/handles/diagnostics do not","one-shot adjunct to API/command","not an independent build result protocol","ordinary project files","provider config version","config does not execute or produce any inventoried operation; a file containing argv is still CLI semantics","low as adjunct; invalid if promoted as independent engine protocol","Reuse Effect Scope for owned handles/children, ChildProcess for selected processes, FileSystem/Path for explicit mutation, Stream only for a real typed event source, Layer for selection and dependency provision, and preserve Cause interruption.","bounded negative / reject for this operation","high","Bun plugin docs:314-336 and bundle_v2.zig:2340-2354 @ cf6cdbb"
"bun","BUN-PLUGINS-VIRTUAL","plugins, macros, virtual inputs, native onBeforeParse","isolated-worker","none supported; not available as a supported provider surface; none; effect-build calls provider. Family: local/remote isolated worker used specifically for host or fault isolation","provider pin/license: Bun 1.3.9 @ cf6cdbbbadd50604bc17f21ed5d0612c920a5d9a; MIT; evidence class/support promise: a Bun Worker or remote worker can be built but no operation requires it beyond the sidecar case; effect-build-owned adapter/prototype license: MIT where applicable, otherwise not applicable","would require effect-build to own an unsupported engine/ABI or substitute semantics","no supported faithful request/result boundary","unproven","unproven","would require new native/source distribution","unsupported coupling","same-host worker keeps Bun dependence; remote execution is explicitly out of scope","duplicates sidecar authority and adds trust/transport/workspace state","Reuse Effect Scope for owned handles/children, ChildProcess for selected processes, FileSystem/Path for explicit mutation, Stream only for a real typed event source, Layer for selection and dependency provision, and preserve Cause interruption.","bounded negative / reject for this operation","high","Bun plugin docs:314-336 and bundle_v2.zig:2340-2354 @ cf6cdbb"
"bun","BUN-PLUGINS-VIRTUAL","plugins, macros, virtual inputs, native onBeforeParse","upstream-contribution","future supported handle/protocol/library; chosen by Bun; future versioned ABI/protocol/events; effect-build calls provider. Family: missing supported protocol/library/cancellation/event surface proposed upstream","provider pin/license: Bun 1.3.9 @ cf6cdbbbadd50604bc17f21ed5d0612c920a5d9a; MIT; evidence class/support promise: hypothetical and unproven; issue 5866 covers build watch API need; effect-build-owned adapter/prototype license: MIT where applicable, otherwise not applicable","must expose exact engine/capability identity","should preserve structured results/plugins or explicitly exclude them","needs AbortSignal/cancel and context/rebuild/dispose laws","must distinguish bytes, direct mutation, and publication","upstream-owned releases","documented version/capability contract","would change current negatives if shipped and supported","moves compatibility burden upstream but still needs adapter certification","Reuse Effect Scope for owned handles/children, ChildProcess for selected processes, FileSystem/Path for explicit mutation, Stream only for a real typed event source, Layer for selection and dependency provision, and preserve Cause interruption.","upstream-dependent","high","Bun plugin docs:314-336 and bundle_v2.zig:2340-2354 @ cf6cdbb"
"bun","BUN-COMPILE-SCALAR","compile one executable","direct-host-api","function/value/plugin callback; Bun isolate -> Zig binding -> caller thread for sync transpile/scan or singleton native bundle thread/work pool for Bun.build; direct JS/native binding; effect-build calls provider. Family: official function, callback, or scoped handle in the provider's supported host","provider pin/license: Bun 1.3.9 @ cf6cdbbbadd50604bc17f21ed5d0612c920a5d9a; MIT; evidence class/support promise: documented public Bun 1.3.9 API, host-restricted, MIT plus bundled component licenses; effect-build-owned adapter/prototype license: MIT where applicable, otherwise not applicable","ambient Bun host selects runtime/engine; request selects config/targets; host cwd/env apply","retains closures, plugin objects, virtual files, blobs, structured logs and BuildArtifact bytes","Transpiler is caller-owned; Bun.build is one-shot over hidden shared threads and exposes no cancel/context; operation invariant: one owned invocation and one private candidate must remain scoped until validation or cleanup","borrowed/in-memory blobs or provider-direct files; compile may mutate an outfile; operation invariant: one validated atomic-published executable","requires Bun host and exact supported host/platform binary","public Bun API/version; no independent engine handshake","does not preserve the frozen compile operation's layer-selected command identity, CLI project/default authority, or publication law; exposes no typed build watch context","few adapter concepts; ambient identity and non-cancellable native work remain","Reuse Effect Scope for owned handles/children, ChildProcess for selected processes, FileSystem/Path for explicit mutation, Stream only for a real typed event source, Layer for selection and dependency provision, and preserve Cause interruption.","bounded negative / reject for this operation","high","Adapter.ts:74-114; CompilerEngine.ts:386-457; SURFACE.json"
"bun","BUN-COMPILE-SCALAR","compile one executable","selected-command","command/config; selected local Bun child; argv, terminal byte streams, filesystem; effect-build calls provider. Family: one-shot or scoped provider command with native argv/project/process semantics","provider pin/license: Bun 1.3.9 @ cf6cdbbbadd50604bc17f21ed5d0612c920a5d9a; MIT; evidence class/support promise: documented public Bun 1.3.9 CLI, MIT plus bundled component licenses; effect-build-owned adapter/prototype license: MIT where applicable, otherwise not applicable","explicit/PATH selected binary; CLI owns project/config/env/target and possible runtime acquisition","preserves native project/config/flags; loses arbitrary JS closures and structured result objects","one-shot child or raw watch process; Scope can kill process but does not invent provider cancellation; operation invariant: one owned invocation and one private candidate must remain scoped until validation or cleanup","provider-direct files; effect-build compile wraps one file in private staging/atomic rename; operation invariant: one validated atomic-published executable","release binary per host; cross-target compile may acquire target runtime","probe exact version/path/capability; terminal diagnostics are not typed machine events","best for compile and process/project-authority operations","reuses Effect process/lifecycle and adds no owned protocol","Reuse Effect Scope for owned handles/children, ChildProcess for selected processes, FileSystem/Path for explicit mutation, Stream only for a real typed event source, Layer for selection and dependency provision, and preserve Cause interruption.","viable now","high","Adapter.ts:74-114; CompilerEngine.ts:386-457; SURFACE.json"
"bun","BUN-COMPILE-SCALAR","compile one executable","official-language-library","none supported; not available as a supported provider surface; none; effect-build calls provider. Family: official Go or Rust library API outside the TypeScript host","provider pin/license: Bun 1.3.9 @ cf6cdbbbadd50604bc17f21ed5d0612c920a5d9a; MIT; evidence class/support promise: no supported non-JavaScript Bun compiler library found at bun-v1.3.9 after public docs/declarations/source-tree search; effect-build-owned adapter/prototype license: MIT where applicable, otherwise not applicable","would require effect-build to own an unsupported engine/ABI or substitute semantics","no supported faithful request/result boundary","unproven; operation invariant: one owned invocation and one private candidate must remain scoped until validation or cleanup","unproven; operation invariant: one validated atomic-published executable","would require new native/source distribution","unsupported coupling","no Bun operation has an official Go/Rust/C library boundary","a new language library would be upstream work or a fork","Reuse Effect Scope for owned handles/children, ChildProcess for selected processes, FileSystem/Path for explicit mutation, Stream only for a real typed event source, Layer for selection and dependency provision, and preserve Cause interruption.","bounded negative / reject for this operation","high","Adapter.ts:74-114; CompilerEngine.ts:386-457; SURFACE.json"
"bun","BUN-COMPILE-SCALAR","compile one executable","native-bridge","none supported; not available as a supported provider surface; none; effect-build calls provider. Family: supported or owned C/C++/N-API/FFI bridge","provider pin/license: Bun 1.3.9 @ cf6cdbbbadd50604bc17f21ed5d0612c920a5d9a; MIT; evidence class/support promise: no supported outward Bun compiler C ABI/N-API/FFI surface found at bun-v1.3.9; native onBeforeParse is a narrow plugin hook; effect-build-owned adapter/prototype license: MIT where applicable, otherwise not applicable","would require effect-build to own an unsupported engine/ABI or substitute semantics","no supported faithful request/result boundary","unproven; operation invariant: one owned invocation and one private candidate must remain scoped until validation or cleanup","unproven; operation invariant: one validated atomic-published executable","would require new native/source distribution","unsupported coupling","FFI and Node-API load user code into Bun and do not expose Bun's compiler to another host","per-platform ABI/safety/certification; not a small general bridge","Reuse Effect Scope for owned handles/children, ChildProcess for selected processes, FileSystem/Path for explicit mutation, Stream only for a real typed event source, Layer for selection and dependency provision, and preserve Cause interruption.","bounded negative / reject for this operation","high","Adapter.ts:74-114; CompilerEngine.ts:386-457; SURFACE.json"
"bun","BUN-COMPILE-SCALAR","compile one executable","embedded-engine","none supported; not available as a supported provider surface; none; effect-build calls provider. Family: linked or vendored upstream compiler/runtime core","provider pin/license: Bun 1.3.9 @ cf6cdbbbadd50604bc17f21ed5d0612c920a5d9a; MIT; evidence class/support promise: Bun compiler internals are source-visible but unsupported for embedding at cf6cdbb; effect-build-owned adapter/prototype license: MIT where applicable, otherwise not applicable","would require effect-build to own an unsupported engine/ABI or substitute semantics","no supported faithful request/result boundary","unproven; operation invariant: one owned invocation and one private candidate must remain scoped until validation or cleanup","unproven; operation invariant: one validated atomic-published executable","would require new native/source distribution","unsupported coupling","would couple to Bun/JSC/Zig internals instead of a supported operation","12k+ blobs, Zig/JSC toolchain, large build/distribution and LGPL component obligations","Reuse Effect Scope for owned handles/children, ChildProcess for selected processes, FileSystem/Path for explicit mutation, Stream only for a real typed event source, Layer for selection and dependency provision, and preserve Cause interruption.","bounded negative / reject for this operation","high","Adapter.ts:74-114; CompilerEngine.ts:386-457; SURFACE.json"
"bun","BUN-COMPILE-SCALAR","compile one executable","runtime-hosted-sidecar","framed request/result; explicit Bun child calling public Bun API; effect-build-owned length-framed pipe/socket protocol; effect-build calls provider. Family: provider-native public API behind an effect-build-owned framed protocol","provider pin/license: Bun 1.3.9 @ cf6cdbbbadd50604bc17f21ed5d0612c920a5d9a; MIT; evidence class/support promise: effect-build-owned prototype over documented public Bun API; not an upstream protocol; effect-build-owned adapter/prototype license: MIT where applicable, otherwise not applicable","effect-build selects binary/digest/protocol; provider process owns Bun engine/cwd/env","faithful only for serializable source/options/bytes; plugin closures require selected provider-side code and cannot be JSON values","one-shot or persistent process; request IDs, queue bounds, handshake, kill, restart and stale handles are adapter-owned; operation invariant: one owned invocation and one private candidate must remain scoped until validation or cleanup","structured bytes may cross with copies; direct files mutate sidecar namespace; publication remains effect-build-owned; operation invariant: one validated atomic-published executable","requires Bun binary on every provider host and protocol server source","exact version/capability/digest handshake required","cannot preserve synchronous caller-thread blocking or the frozen compile operation's selected-command/project/publication law, and arbitrary plugins/watch do not cross faithfully","adds protocol/session/crash/copy states; removes host-runtime coupling for serializable operations","Reuse Effect Scope for owned handles/children, ChildProcess for selected processes, FileSystem/Path for explicit mutation, Stream only for a real typed event source, Layer for selection and dependency provision, and preserve Cause interruption.","bounded negative / reject for this operation","medium-high","Adapter.ts:74-114; CompilerEngine.ts:386-457; SURFACE.json"
"bun","BUN-COMPILE-SCALAR","compile one executable","persistent-session","session plus reusable transpiler handle; persistent Bun sidecar; native transpiler calls inside it; framed RPC with generation-bound IDs; effect-build calls provider. Family: versioned daemon/service session with lifetime-bound handles","provider pin/license: Bun 1.3.9 @ cf6cdbbbadd50604bc17f21ed5d0612c920a5d9a; MIT; evidence class/support promise: effect-build prototype only; no upstream Bun session protocol; effect-build-owned adapter/prototype license: MIT where applicable, otherwise not applicable","selected sidecar owns engine; caller owns handle lifecycle","serializable source/options/results; no closure transfer","explicit handshake/create/use/close/shutdown; crash invalidates every generation handle; operation invariant: one owned invocation and one private candidate must remain scoped until validation or cleanup","in-memory copied results; operation invariant: one validated atomic-published executable","Bun plus owned server on each platform","protocol and Bun capabilities negotiated","cannot preserve synchronous caller-thread blocking; Bun.build exposes no reusable context and executable compile has no session value","queue/backpressure/stale-handle/idle-memory/restart states added","Reuse Effect Scope for owned handles/children, ChildProcess for selected processes, FileSystem/Path for explicit mutation, Stream only for a real typed event source, Layer for selection and dependency provision, and preserve Cause interruption.","bounded negative / reject for this operation","medium","Adapter.ts:74-114; CompilerEngine.ts:386-457; SURFACE.json"
"bun","BUN-COMPILE-SCALAR","compile one executable","wasm-worker","none supported; not available as a supported provider surface; none; effect-build calls provider. Family: supported WebAssembly, WASI, or provider worker boundary","provider pin/license: Bun 1.3.9 @ cf6cdbbbadd50604bc17f21ed5d0612c920a5d9a; MIT; evidence class/support promise: no supported Bun compiler WASM/WASI build or executable WASM target found at bun-v1.3.9; Bun Worker is experimental and still Bun-hosted; effect-build-owned adapter/prototype license: MIT where applicable, otherwise not applicable","would require effect-build to own an unsupported engine/ABI or substitute semantics","no supported faithful request/result boundary","unproven; operation invariant: one owned invocation and one private candidate must remain scoped until validation or cleanup","unproven; operation invariant: one validated atomic-published executable","would require new native/source distribution","unsupported coupling","does not improve host independence or preserve build/watch semantics","worker termination/structured-clone states without a supported portable engine","Reuse Effect Scope for owned handles/children, ChildProcess for selected processes, FileSystem/Path for explicit mutation, Stream only for a real typed event source, Layer for selection and dependency provision, and preserve Cause interruption.","bounded negative / reject for this operation","high","Adapter.ts:74-114; CompilerEngine.ts:386-457; SURFACE.json"
"bun","BUN-COMPILE-SCALAR","compile one executable","inverted-plugin","provider-loaded plugin/module; Bun owns bundle threads and calls JS/native hooks; direct callbacks inside Bun or explicitly selected provider-side module; effect-build calls provider. Family: provider owns execution and calls effect-build-controlled hooks/modules","provider pin/license: Bun 1.3.9 @ cf6cdbbbadd50604bc17f21ed5d0612c920a5d9a; MIT; evidence class/support promise: documented public plugin API; native onBeforeParse is narrow and platform-restricted; effect-build-owned adapter/prototype license: MIT where applicable, otherwise not applicable","provider process controls schedule; caller/plugin controls hook code and mutable closure state","preserves virtual modules and callbacks only when code runs inside Bun","plugin callback/reentrancy lifetime tied to build; no general cancellation; operation invariant: one owned invocation and one private candidate must remain scoped until validation or cleanup","plugin may alter module/output graph; direct writes remain provider mutation; operation invariant: one validated atomic-published executable","plugin code/native addon must be installed and trusted in provider host","Bun plugin API plus module/native ABI","a callback is an adjunct, not the build/compile/transpiler caller surface; loading code is not serializing a callback","adds code-mobility/trust/reentrancy identity","Reuse Effect Scope for owned handles/children, ChildProcess for selected processes, FileSystem/Path for explicit mutation, Stream only for a real typed event source, Layer for selection and dependency provision, and preserve Cause interruption.","bounded negative / reject for this operation","high","Adapter.ts:74-114; CompilerEngine.ts:386-457; SURFACE.json"
"bun","BUN-COMPILE-SCALAR","compile one executable","declarative-artifact","project/config files plus command/API request; Bun host/child consumes native files; filesystem artifact handoff; effect-build calls provider. Family: stable config, manifest, project, or intermediate artifact handoff","provider pin/license: Bun 1.3.9 @ cf6cdbbbadd50604bc17f21ed5d0612c920a5d9a; MIT; evidence class/support promise: documented bunfig/tsconfig/package inputs, but no standalone stable build manifest or compiler IR; effect-build-owned adapter/prototype license: MIT where applicable, otherwise not applicable","project retains native configuration authority","configuration survives; virtual bytes/callbacks/handles/diagnostics do not","one-shot adjunct to API/command; operation invariant: one owned invocation and one private candidate must remain scoped until validation or cleanup","not an independent build result protocol; operation invariant: one validated atomic-published executable","ordinary project files","provider config version","config does not execute or produce any inventoried operation; a file containing argv is still CLI semantics","low as adjunct; invalid if promoted as independent engine protocol","Reuse Effect Scope for owned handles/children, ChildProcess for selected processes, FileSystem/Path for explicit mutation, Stream only for a real typed event source, Layer for selection and dependency provision, and preserve Cause interruption.","bounded negative / reject for this operation","high","Adapter.ts:74-114; CompilerEngine.ts:386-457; SURFACE.json"
"bun","BUN-COMPILE-SCALAR","compile one executable","isolated-worker","none supported; not available as a supported provider surface; none; effect-build calls provider. Family: local/remote isolated worker used specifically for host or fault isolation","provider pin/license: Bun 1.3.9 @ cf6cdbbbadd50604bc17f21ed5d0612c920a5d9a; MIT; evidence class/support promise: a Bun Worker or remote worker can be built but no operation requires it beyond the sidecar case; effect-build-owned adapter/prototype license: MIT where applicable, otherwise not applicable","would require effect-build to own an unsupported engine/ABI or substitute semantics","no supported faithful request/result boundary","unproven; operation invariant: one owned invocation and one private candidate must remain scoped until validation or cleanup","unproven; operation invariant: one validated atomic-published executable","would require new native/source distribution","unsupported coupling","same-host worker keeps Bun dependence; remote execution is explicitly out of scope","duplicates sidecar authority and adds trust/transport/workspace state","Reuse Effect Scope for owned handles/children, ChildProcess for selected processes, FileSystem/Path for explicit mutation, Stream only for a real typed event source, Layer for selection and dependency provision, and preserve Cause interruption.","bounded negative / reject for this operation","high","Adapter.ts:74-114; CompilerEngine.ts:386-457; SURFACE.json"
"bun","BUN-COMPILE-SCALAR","compile one executable","upstream-contribution","future supported handle/protocol/library; chosen by Bun; future versioned ABI/protocol/events; effect-build calls provider. Family: missing supported protocol/library/cancellation/event surface proposed upstream","provider pin/license: Bun 1.3.9 @ cf6cdbbbadd50604bc17f21ed5d0612c920a5d9a; MIT; evidence class/support promise: hypothetical and unproven; issue 5866 covers build watch API need; effect-build-owned adapter/prototype license: MIT where applicable, otherwise not applicable","must expose exact engine/capability identity","should preserve structured results/plugins or explicitly exclude them","needs AbortSignal/cancel and context/rebuild/dispose laws; operation invariant: one owned invocation and one private candidate must remain scoped until validation or cleanup","must distinguish bytes, direct mutation, and publication; operation invariant: one validated atomic-published executable","upstream-owned releases","documented version/capability contract","would change current negatives if shipped and supported","moves compatibility burden upstream but still needs adapter certification","Reuse Effect Scope for owned handles/children, ChildProcess for selected processes, FileSystem/Path for explicit mutation, Stream only for a real typed event source, Layer for selection and dependency provision, and preserve Cause interruption.","upstream-dependent","high","Adapter.ts:74-114; CompilerEngine.ts:386-457; SURFACE.json"
"bun","BUN-COMPILE-MATRIX","compile a homogeneous-provider executable matrix","direct-host-api","function/value/plugin callback; Bun isolate -> Zig binding -> caller thread for sync transpile/scan or singleton native bundle thread/work pool for Bun.build; direct JS/native binding; effect-build calls provider. Family: official function, callback, or scoped handle in the provider's supported host","provider pin/license: Bun 1.3.9 @ cf6cdbbbadd50604bc17f21ed5d0612c920a5d9a; MIT; evidence class/support promise: documented public Bun 1.3.9 API, host-restricted, MIT plus bundled component licenses; effect-build-owned adapter/prototype license: MIT where applicable, otherwise not applicable","ambient Bun host selects runtime/engine; request selects config/targets; host cwd/env apply","retains closures, plugin objects, virtual files, blobs, structured logs and BuildArtifact bytes","Transpiler is caller-owned; Bun.build is one-shot over hidden shared threads and exposes no cancel/context; operation invariant: independent scalar cells; interruption closes active cells but does not roll back completed cells","borrowed/in-memory blobs or provider-direct files; compile may mutate an outfile; operation invariant: partial-success report; successful atomic publications survive failures in other cells","requires Bun host and exact supported host/platform binary","public Bun API/version; no independent engine handshake","does not preserve the frozen compile operation's layer-selected command identity, CLI project/default authority, or publication law; exposes no typed build watch context","few adapter concepts; ambient identity and non-cancellable native work remain","Reuse Effect Scope for owned handles/children, ChildProcess for selected processes, FileSystem/Path for explicit mutation, Stream only for a real typed event source, Layer for selection and dependency provision, and preserve Cause interruption.","bounded negative / reject for this operation","high","CompilerEngine.ts:459-501; SURFACE.json derivedOperations"
"bun","BUN-COMPILE-MATRIX","compile a homogeneous-provider executable matrix","selected-command","command/config; selected local Bun child; argv, terminal byte streams, filesystem; effect-build calls provider. Family: one-shot or scoped provider command with native argv/project/process semantics","provider pin/license: Bun 1.3.9 @ cf6cdbbbadd50604bc17f21ed5d0612c920a5d9a; MIT; evidence class/support promise: documented public Bun 1.3.9 CLI, MIT plus bundled component licenses; effect-build-owned adapter/prototype license: MIT where applicable, otherwise not applicable","explicit/PATH selected binary; CLI owns project/config/env/target and possible runtime acquisition","preserves native project/config/flags; loses arbitrary JS closures and structured result objects","one-shot child or raw watch process; Scope can kill process but does not invent provider cancellation; operation invariant: independent scalar cells; interruption closes active cells but does not roll back completed cells","provider-direct files; effect-build compile wraps one file in private staging/atomic rename; operation invariant: partial-success report; successful atomic publications survive failures in other cells","release binary per host; cross-target compile may acquire target runtime","probe exact version/path/capability; terminal diagnostics are not typed machine events","best for compile and process/project-authority operations","reuses Effect process/lifecycle and adds no owned protocol","Reuse Effect Scope for owned handles/children, ChildProcess for selected processes, FileSystem/Path for explicit mutation, Stream only for a real typed event source, Layer for selection and dependency provision, and preserve Cause interruption.","viable now","high","CompilerEngine.ts:459-501; SURFACE.json derivedOperations"
"bun","BUN-COMPILE-MATRIX","compile a homogeneous-provider executable matrix","official-language-library","none supported; not available as a supported provider surface; none; effect-build calls provider. Family: official Go or Rust library API outside the TypeScript host","provider pin/license: Bun 1.3.9 @ cf6cdbbbadd50604bc17f21ed5d0612c920a5d9a; MIT; evidence class/support promise: no supported non-JavaScript Bun compiler library found at bun-v1.3.9 after public docs/declarations/source-tree search; effect-build-owned adapter/prototype license: MIT where applicable, otherwise not applicable","would require effect-build to own an unsupported engine/ABI or substitute semantics","no supported faithful request/result boundary","unproven; operation invariant: independent scalar cells; interruption closes active cells but does not roll back completed cells","unproven; operation invariant: partial-success report; successful atomic publications survive failures in other cells","would require new native/source distribution","unsupported coupling","no Bun operation has an official Go/Rust/C library boundary","a new language library would be upstream work or a fork","Reuse Effect Scope for owned handles/children, ChildProcess for selected processes, FileSystem/Path for explicit mutation, Stream only for a real typed event source, Layer for selection and dependency provision, and preserve Cause interruption.","bounded negative / reject for this operation","high","CompilerEngine.ts:459-501; SURFACE.json derivedOperations"
"bun","BUN-COMPILE-MATRIX","compile a homogeneous-provider executable matrix","native-bridge","none supported; not available as a supported provider surface; none; effect-build calls provider. Family: supported or owned C/C++/N-API/FFI bridge","provider pin/license: Bun 1.3.9 @ cf6cdbbbadd50604bc17f21ed5d0612c920a5d9a; MIT; evidence class/support promise: no supported outward Bun compiler C ABI/N-API/FFI surface found at bun-v1.3.9; native onBeforeParse is a narrow plugin hook; effect-build-owned adapter/prototype license: MIT where applicable, otherwise not applicable","would require effect-build to own an unsupported engine/ABI or substitute semantics","no supported faithful request/result boundary","unproven; operation invariant: independent scalar cells; interruption closes active cells but does not roll back completed cells","unproven; operation invariant: partial-success report; successful atomic publications survive failures in other cells","would require new native/source distribution","unsupported coupling","FFI and Node-API load user code into Bun and do not expose Bun's compiler to another host","per-platform ABI/safety/certification; not a small general bridge","Reuse Effect Scope for owned handles/children, ChildProcess for selected processes, FileSystem/Path for explicit mutation, Stream only for a real typed event source, Layer for selection and dependency provision, and preserve Cause interruption.","bounded negative / reject for this operation","high","CompilerEngine.ts:459-501; SURFACE.json derivedOperations"
"bun","BUN-COMPILE-MATRIX","compile a homogeneous-provider executable matrix","embedded-engine","none supported; not available as a supported provider surface; none; effect-build calls provider. Family: linked or vendored upstream compiler/runtime core","provider pin/license: Bun 1.3.9 @ cf6cdbbbadd50604bc17f21ed5d0612c920a5d9a; MIT; evidence class/support promise: Bun compiler internals are source-visible but unsupported for embedding at cf6cdbb; effect-build-owned adapter/prototype license: MIT where applicable, otherwise not applicable","would require effect-build to own an unsupported engine/ABI or substitute semantics","no supported faithful request/result boundary","unproven; operation invariant: independent scalar cells; interruption closes active cells but does not roll back completed cells","unproven; operation invariant: partial-success report; successful atomic publications survive failures in other cells","would require new native/source distribution","unsupported coupling","would couple to Bun/JSC/Zig internals instead of a supported operation","12k+ blobs, Zig/JSC toolchain, large build/distribution and LGPL component obligations","Reuse Effect Scope for owned handles/children, ChildProcess for selected processes, FileSystem/Path for explicit mutation, Stream only for a real typed event source, Layer for selection and dependency provision, and preserve Cause interruption.","bounded negative / reject for this operation","high","CompilerEngine.ts:459-501; SURFACE.json derivedOperations"
"bun","BUN-COMPILE-MATRIX","compile a homogeneous-provider executable matrix","runtime-hosted-sidecar","framed request/result; explicit Bun child calling public Bun API; effect-build-owned length-framed pipe/socket protocol; effect-build calls provider. Family: provider-native public API behind an effect-build-owned framed protocol","provider pin/license: Bun 1.3.9 @ cf6cdbbbadd50604bc17f21ed5d0612c920a5d9a; MIT; evidence class/support promise: effect-build-owned prototype over documented public Bun API; not an upstream protocol; effect-build-owned adapter/prototype license: MIT where applicable, otherwise not applicable","effect-build selects binary/digest/protocol; provider process owns Bun engine/cwd/env","faithful only for serializable source/options/bytes; plugin closures require selected provider-side code and cannot be JSON values","one-shot or persistent process; request IDs, queue bounds, handshake, kill, restart and stale handles are adapter-owned; operation invariant: independent scalar cells; interruption closes active cells but does not roll back completed cells","structured bytes may cross with copies; direct files mutate sidecar namespace; publication remains effect-build-owned; operation invariant: partial-success report; successful atomic publications survive failures in other cells","requires Bun binary on every provider host and protocol server source","exact version/capability/digest handshake required","cannot preserve synchronous caller-thread blocking or the frozen compile operation's selected-command/project/publication law, and arbitrary plugins/watch do not cross faithfully","adds protocol/session/crash/copy states; removes host-runtime coupling for serializable operations","Reuse Effect Scope for owned handles/children, ChildProcess for selected processes, FileSystem/Path for explicit mutation, Stream only for a real typed event source, Layer for selection and dependency provision, and preserve Cause interruption.","bounded negative / reject for this operation","medium-high","CompilerEngine.ts:459-501; SURFACE.json derivedOperations"
"bun","BUN-COMPILE-MATRIX","compile a homogeneous-provider executable matrix","persistent-session","session plus reusable transpiler handle; persistent Bun sidecar; native transpiler calls inside it; framed RPC with generation-bound IDs; effect-build calls provider. Family: versioned daemon/service session with lifetime-bound handles","provider pin/license: Bun 1.3.9 @ cf6cdbbbadd50604bc17f21ed5d0612c920a5d9a; MIT; evidence class/support promise: effect-build prototype only; no upstream Bun session protocol; effect-build-owned adapter/prototype license: MIT where applicable, otherwise not applicable","selected sidecar owns engine; caller owns handle lifecycle","serializable source/options/results; no closure transfer","explicit handshake/create/use/close/shutdown; crash invalidates every generation handle; operation invariant: independent scalar cells; interruption closes active cells but does not roll back completed cells","in-memory copied results; operation invariant: partial-success report; successful atomic publications survive failures in other cells","Bun plus owned server on each platform","protocol and Bun capabilities negotiated","cannot preserve synchronous caller-thread blocking; Bun.build exposes no reusable context and executable compile has no session value","queue/backpressure/stale-handle/idle-memory/restart states added","Reuse Effect Scope for owned handles/children, ChildProcess for selected processes, FileSystem/Path for explicit mutation, Stream only for a real typed event source, Layer for selection and dependency provision, and preserve Cause interruption.","bounded negative / reject for this operation","medium","CompilerEngine.ts:459-501; SURFACE.json derivedOperations"
"bun","BUN-COMPILE-MATRIX","compile a homogeneous-provider executable matrix","wasm-worker","none supported; not available as a supported provider surface; none; effect-build calls provider. Family: supported WebAssembly, WASI, or provider worker boundary","provider pin/license: Bun 1.3.9 @ cf6cdbbbadd50604bc17f21ed5d0612c920a5d9a; MIT; evidence class/support promise: no supported Bun compiler WASM/WASI build or executable WASM target found at bun-v1.3.9; Bun Worker is experimental and still Bun-hosted; effect-build-owned adapter/prototype license: MIT where applicable, otherwise not applicable","would require effect-build to own an unsupported engine/ABI or substitute semantics","no supported faithful request/result boundary","unproven; operation invariant: independent scalar cells; interruption closes active cells but does not roll back completed cells","unproven; operation invariant: partial-success report; successful atomic publications survive failures in other cells","would require new native/source distribution","unsupported coupling","does not improve host independence or preserve build/watch semantics","worker termination/structured-clone states without a supported portable engine","Reuse Effect Scope for owned handles/children, ChildProcess for selected processes, FileSystem/Path for explicit mutation, Stream only for a real typed event source, Layer for selection and dependency provision, and preserve Cause interruption.","bounded negative / reject for this operation","high","CompilerEngine.ts:459-501; SURFACE.json derivedOperations"
"bun","BUN-COMPILE-MATRIX","compile a homogeneous-provider executable matrix","inverted-plugin","provider-loaded plugin/module; Bun owns bundle threads and calls JS/native hooks; direct callbacks inside Bun or explicitly selected provider-side module; effect-build calls provider. Family: provider owns execution and calls effect-build-controlled hooks/modules","provider pin/license: Bun 1.3.9 @ cf6cdbbbadd50604bc17f21ed5d0612c920a5d9a; MIT; evidence class/support promise: documented public plugin API; native onBeforeParse is narrow and platform-restricted; effect-build-owned adapter/prototype license: MIT where applicable, otherwise not applicable","provider process controls schedule; caller/plugin controls hook code and mutable closure state","preserves virtual modules and callbacks only when code runs inside Bun","plugin callback/reentrancy lifetime tied to build; no general cancellation; operation invariant: independent scalar cells; interruption closes active cells but does not roll back completed cells","plugin may alter module/output graph; direct writes remain provider mutation; operation invariant: partial-success report; successful atomic publications survive failures in other cells","plugin code/native addon must be installed and trusted in provider host","Bun plugin API plus module/native ABI","a callback is an adjunct, not the build/compile/transpiler caller surface; loading code is not serializing a callback","adds code-mobility/trust/reentrancy identity","Reuse Effect Scope for owned handles/children, ChildProcess for selected processes, FileSystem/Path for explicit mutation, Stream only for a real typed event source, Layer for selection and dependency provision, and preserve Cause interruption.","bounded negative / reject for this operation","high","CompilerEngine.ts:459-501; SURFACE.json derivedOperations"
"bun","BUN-COMPILE-MATRIX","compile a homogeneous-provider executable matrix","declarative-artifact","project/config files plus command/API request; Bun host/child consumes native files; filesystem artifact handoff; effect-build calls provider. Family: stable config, manifest, project, or intermediate artifact handoff","provider pin/license: Bun 1.3.9 @ cf6cdbbbadd50604bc17f21ed5d0612c920a5d9a; MIT; evidence class/support promise: documented bunfig/tsconfig/package inputs, but no standalone stable build manifest or compiler IR; effect-build-owned adapter/prototype license: MIT where applicable, otherwise not applicable","project retains native configuration authority","configuration survives; virtual bytes/callbacks/handles/diagnostics do not","one-shot adjunct to API/command; operation invariant: independent scalar cells; interruption closes active cells but does not roll back completed cells","not an independent build result protocol; operation invariant: partial-success report; successful atomic publications survive failures in other cells","ordinary project files","provider config version","config does not execute or produce any inventoried operation; a file containing argv is still CLI semantics","low as adjunct; invalid if promoted as independent engine protocol","Reuse Effect Scope for owned handles/children, ChildProcess for selected processes, FileSystem/Path for explicit mutation, Stream only for a real typed event source, Layer for selection and dependency provision, and preserve Cause interruption.","bounded negative / reject for this operation","high","CompilerEngine.ts:459-501; SURFACE.json derivedOperations"
"bun","BUN-COMPILE-MATRIX","compile a homogeneous-provider executable matrix","isolated-worker","none supported; not available as a supported provider surface; none; effect-build calls provider. Family: local/remote isolated worker used specifically for host or fault isolation","provider pin/license: Bun 1.3.9 @ cf6cdbbbadd50604bc17f21ed5d0612c920a5d9a; MIT; evidence class/support promise: a Bun Worker or remote worker can be built but no operation requires it beyond the sidecar case; effect-build-owned adapter/prototype license: MIT where applicable, otherwise not applicable","would require effect-build to own an unsupported engine/ABI or substitute semantics","no supported faithful request/result boundary","unproven; operation invariant: independent scalar cells; interruption closes active cells but does not roll back completed cells","unproven; operation invariant: partial-success report; successful atomic publications survive failures in other cells","would require new native/source distribution","unsupported coupling","same-host worker keeps Bun dependence; remote execution is explicitly out of scope","duplicates sidecar authority and adds trust/transport/workspace state","Reuse Effect Scope for owned handles/children, ChildProcess for selected processes, FileSystem/Path for explicit mutation, Stream only for a real typed event source, Layer for selection and dependency provision, and preserve Cause interruption.","bounded negative / reject for this operation","high","CompilerEngine.ts:459-501; SURFACE.json derivedOperations"
"bun","BUN-COMPILE-MATRIX","compile a homogeneous-provider executable matrix","upstream-contribution","future supported handle/protocol/library; chosen by Bun; future versioned ABI/protocol/events; effect-build calls provider. Family: missing supported protocol/library/cancellation/event surface proposed upstream","provider pin/license: Bun 1.3.9 @ cf6cdbbbadd50604bc17f21ed5d0612c920a5d9a; MIT; evidence class/support promise: hypothetical and unproven; issue 5866 covers build watch API need; effect-build-owned adapter/prototype license: MIT where applicable, otherwise not applicable","must expose exact engine/capability identity","should preserve structured results/plugins or explicitly exclude them","needs AbortSignal/cancel and context/rebuild/dispose laws; operation invariant: independent scalar cells; interruption closes active cells but does not roll back completed cells","must distinguish bytes, direct mutation, and publication; operation invariant: partial-success report; successful atomic publications survive failures in other cells","upstream-owned releases","documented version/capability contract","would change current negatives if shipped and supported","moves compatibility burden upstream but still needs adapter certification","Reuse Effect Scope for owned handles/children, ChildProcess for selected processes, FileSystem/Path for explicit mutation, Stream only for a real typed event source, Layer for selection and dependency provision, and preserve Cause interruption.","upstream-dependent","high","CompilerEngine.ts:459-501; SURFACE.json derivedOperations"
"bun","BUN-WATCH","watch/rebuild","direct-host-api","function/value/plugin callback; Bun isolate -> Zig binding -> caller thread for sync transpile/scan or singleton native bundle thread/work pool for Bun.build; direct JS/native binding; effect-build calls provider. Family: official function, callback, or scoped handle in the provider's supported host","provider pin/license: Bun 1.3.9 @ cf6cdbbbadd50604bc17f21ed5d0612c920a5d9a; MIT; evidence class/support promise: documented public Bun 1.3.9 API, host-restricted, MIT plus bundled component licenses; effect-build-owned adapter/prototype license: MIT where applicable, otherwise not applicable","ambient Bun host selects runtime/engine; request selects config/targets; host cwd/env apply","retains closures, plugin objects, virtual files, blobs, structured logs and BuildArtifact bytes","Transpiler is caller-owned; Bun.build is one-shot over hidden shared threads and exposes no cancel/context","borrowed/in-memory blobs or provider-direct files; compile may mutate an outfile","requires Bun host and exact supported host/platform binary","public Bun API/version; no independent engine handshake","does not preserve the frozen compile operation's layer-selected command identity, CLI project/default authority, or publication law; exposes no typed build watch context","few adapter concepts; ambient identity and non-cancellable native work remain","Reuse Effect Scope for owned handles/children, ChildProcess for selected processes, FileSystem/Path for explicit mutation, Stream only for a real typed event source, Layer for selection and dependency provision, and preserve Cause interruption.","bounded negative / reject for this operation","high","Bun bundler docs:147-153 @ cf6cdbb; issue 5866"
"bun","BUN-WATCH","watch/rebuild","selected-command","command/config; selected local Bun child; argv, terminal byte streams, filesystem; effect-build calls provider. Family: one-shot or scoped provider command with native argv/project/process semantics","provider pin/license: Bun 1.3.9 @ cf6cdbbbadd50604bc17f21ed5d0612c920a5d9a; MIT; evidence class/support promise: documented public Bun 1.3.9 CLI, MIT plus bundled component licenses; effect-build-owned adapter/prototype license: MIT where applicable, otherwise not applicable","explicit/PATH selected binary; CLI owns project/config/env/target and possible runtime acquisition","preserves native project/config/flags; loses arbitrary JS closures and structured result objects","one-shot child or raw watch process; Scope can kill process but does not invent provider cancellation","provider-direct files; effect-build compile wraps one file in private staging/atomic rename","release binary per host; cross-target compile may acquire target runtime","probe exact version/path/capability; terminal diagnostics are not typed machine events","best for compile and process/project-authority operations","reuses Effect process/lifecycle and adds no owned protocol","Reuse Effect Scope for owned handles/children, ChildProcess for selected processes, FileSystem/Path for explicit mutation, Stream only for a real typed event source, Layer for selection and dependency provision, and preserve Cause interruption.","viable now","high","Bun bundler docs:147-153 @ cf6cdbb; issue 5866"
"bun","BUN-WATCH","watch/rebuild","official-language-library","none supported; not available as a supported provider surface; none; effect-build calls provider. Family: official Go or Rust library API outside the TypeScript host","provider pin/license: Bun 1.3.9 @ cf6cdbbbadd50604bc17f21ed5d0612c920a5d9a; MIT; evidence class/support promise: no supported non-JavaScript Bun compiler library found at bun-v1.3.9 after public docs/declarations/source-tree search; effect-build-owned adapter/prototype license: MIT where applicable, otherwise not applicable","would require effect-build to own an unsupported engine/ABI or substitute semantics","no supported faithful request/result boundary","unproven","unproven","would require new native/source distribution","unsupported coupling","no Bun operation has an official Go/Rust/C library boundary","a new language library would be upstream work or a fork","Reuse Effect Scope for owned handles/children, ChildProcess for selected processes, FileSystem/Path for explicit mutation, Stream only for a real typed event source, Layer for selection and dependency provision, and preserve Cause interruption.","bounded negative / reject for this operation","high","Bun bundler docs:147-153 @ cf6cdbb; issue 5866"
"bun","BUN-WATCH","watch/rebuild","native-bridge","none supported; not available as a supported provider surface; none; effect-build calls provider. Family: supported or owned C/C++/N-API/FFI bridge","provider pin/license: Bun 1.3.9 @ cf6cdbbbadd50604bc17f21ed5d0612c920a5d9a; MIT; evidence class/support promise: no supported outward Bun compiler C ABI/N-API/FFI surface found at bun-v1.3.9; native onBeforeParse is a narrow plugin hook; effect-build-owned adapter/prototype license: MIT where applicable, otherwise not applicable","would require effect-build to own an unsupported engine/ABI or substitute semantics","no supported faithful request/result boundary","unproven","unproven","would require new native/source distribution","unsupported coupling","FFI and Node-API load user code into Bun and do not expose Bun's compiler to another host","per-platform ABI/safety/certification; not a small general bridge","Reuse Effect Scope for owned handles/children, ChildProcess for selected processes, FileSystem/Path for explicit mutation, Stream only for a real typed event source, Layer for selection and dependency provision, and preserve Cause interruption.","bounded negative / reject for this operation","high","Bun bundler docs:147-153 @ cf6cdbb; issue 5866"
"bun","BUN-WATCH","watch/rebuild","embedded-engine","none supported; not available as a supported provider surface; none; effect-build calls provider. Family: linked or vendored upstream compiler/runtime core","provider pin/license: Bun 1.3.9 @ cf6cdbbbadd50604bc17f21ed5d0612c920a5d9a; MIT; evidence class/support promise: Bun compiler internals are source-visible but unsupported for embedding at cf6cdbb; effect-build-owned adapter/prototype license: MIT where applicable, otherwise not applicable","would require effect-build to own an unsupported engine/ABI or substitute semantics","no supported faithful request/result boundary","unproven","unproven","would require new native/source distribution","unsupported coupling","would couple to Bun/JSC/Zig internals instead of a supported operation","12k+ blobs, Zig/JSC toolchain, large build/distribution and LGPL component obligations","Reuse Effect Scope for owned handles/children, ChildProcess for selected processes, FileSystem/Path for explicit mutation, Stream only for a real typed event source, Layer for selection and dependency provision, and preserve Cause interruption.","bounded negative / reject for this operation","high","Bun bundler docs:147-153 @ cf6cdbb; issue 5866"
"bun","BUN-WATCH","watch/rebuild","runtime-hosted-sidecar","framed request/result; explicit Bun child calling public Bun API; effect-build-owned length-framed pipe/socket protocol; effect-build calls provider. Family: provider-native public API behind an effect-build-owned framed protocol","provider pin/license: Bun 1.3.9 @ cf6cdbbbadd50604bc17f21ed5d0612c920a5d9a; MIT; evidence class/support promise: effect-build-owned prototype over documented public Bun API; not an upstream protocol; effect-build-owned adapter/prototype license: MIT where applicable, otherwise not applicable","effect-build selects binary/digest/protocol; provider process owns Bun engine/cwd/env","faithful only for serializable source/options/bytes; plugin closures require selected provider-side code and cannot be JSON values","one-shot or persistent process; request IDs, queue bounds, handshake, kill, restart and stale handles are adapter-owned","structured bytes may cross with copies; direct files mutate sidecar namespace; publication remains effect-build-owned","requires Bun binary on every provider host and protocol server source","exact version/capability/digest handshake required","cannot preserve synchronous caller-thread blocking or the frozen compile operation's selected-command/project/publication law, and arbitrary plugins/watch do not cross faithfully","adds protocol/session/crash/copy states; removes host-runtime coupling for serializable operations","Reuse Effect Scope for owned handles/children, ChildProcess for selected processes, FileSystem/Path for explicit mutation, Stream only for a real typed event source, Layer for selection and dependency provision, and preserve Cause interruption.","bounded negative / reject for this operation","medium-high","Bun bundler docs:147-153 @ cf6cdbb; issue 5866"
"bun","BUN-WATCH","watch/rebuild","persistent-session","session plus reusable transpiler handle; persistent Bun sidecar; native transpiler calls inside it; framed RPC with generation-bound IDs; effect-build calls provider. Family: versioned daemon/service session with lifetime-bound handles","provider pin/license: Bun 1.3.9 @ cf6cdbbbadd50604bc17f21ed5d0612c920a5d9a; MIT; evidence class/support promise: effect-build prototype only; no upstream Bun session protocol; effect-build-owned adapter/prototype license: MIT where applicable, otherwise not applicable","selected sidecar owns engine; caller owns handle lifecycle","serializable source/options/results; no closure transfer","explicit handshake/create/use/close/shutdown; crash invalidates every generation handle","in-memory copied results","Bun plus owned server on each platform","protocol and Bun capabilities negotiated","cannot preserve synchronous caller-thread blocking; Bun.build exposes no reusable context and executable compile has no session value","queue/backpressure/stale-handle/idle-memory/restart states added","Reuse Effect Scope for owned handles/children, ChildProcess for selected processes, FileSystem/Path for explicit mutation, Stream only for a real typed event source, Layer for selection and dependency provision, and preserve Cause interruption.","bounded negative / reject for this operation","medium","Bun bundler docs:147-153 @ cf6cdbb; issue 5866"
"bun","BUN-WATCH","watch/rebuild","wasm-worker","none supported; not available as a supported provider surface; none; effect-build calls provider. Family: supported WebAssembly, WASI, or provider worker boundary","provider pin/license: Bun 1.3.9 @ cf6cdbbbadd50604bc17f21ed5d0612c920a5d9a; MIT; evidence class/support promise: no supported Bun compiler WASM/WASI build or executable WASM target found at bun-v1.3.9; Bun Worker is experimental and still Bun-hosted; effect-build-owned adapter/prototype license: MIT where applicable, otherwise not applicable","would require effect-build to own an unsupported engine/ABI or substitute semantics","no supported faithful request/result boundary","unproven","unproven","would require new native/source distribution","unsupported coupling","does not improve host independence or preserve build/watch semantics","worker termination/structured-clone states without a supported portable engine","Reuse Effect Scope for owned handles/children, ChildProcess for selected processes, FileSystem/Path for explicit mutation, Stream only for a real typed event source, Layer for selection and dependency provision, and preserve Cause interruption.","bounded negative / reject for this operation","high","Bun bundler docs:147-153 @ cf6cdbb; issue 5866"
"bun","BUN-WATCH","watch/rebuild","inverted-plugin","provider-loaded plugin/module; Bun owns bundle threads and calls JS/native hooks; direct callbacks inside Bun or explicitly selected provider-side module; effect-build calls provider. Family: provider owns execution and calls effect-build-controlled hooks/modules","provider pin/license: Bun 1.3.9 @ cf6cdbbbadd50604bc17f21ed5d0612c920a5d9a; MIT; evidence class/support promise: documented public plugin API; native onBeforeParse is narrow and platform-restricted; effect-build-owned adapter/prototype license: MIT where applicable, otherwise not applicable","provider process controls schedule; caller/plugin controls hook code and mutable closure state","preserves virtual modules and callbacks only when code runs inside Bun","plugin callback/reentrancy lifetime tied to build; no general cancellation","plugin may alter module/output graph; direct writes remain provider mutation","plugin code/native addon must be installed and trusted in provider host","Bun plugin API plus module/native ABI","a callback is an adjunct, not the build/compile/transpiler caller surface; loading code is not serializing a callback","adds code-mobility/trust/reentrancy identity","Reuse Effect Scope for owned handles/children, ChildProcess for selected processes, FileSystem/Path for explicit mutation, Stream only for a real typed event source, Layer for selection and dependency provision, and preserve Cause interruption.","bounded negative / reject for this operation","high","Bun bundler docs:147-153 @ cf6cdbb; issue 5866"
"bun","BUN-WATCH","watch/rebuild","declarative-artifact","project/config files plus command/API request; Bun host/child consumes native files; filesystem artifact handoff; effect-build calls provider. Family: stable config, manifest, project, or intermediate artifact handoff","provider pin/license: Bun 1.3.9 @ cf6cdbbbadd50604bc17f21ed5d0612c920a5d9a; MIT; evidence class/support promise: documented bunfig/tsconfig/package inputs, but no standalone stable build manifest or compiler IR; effect-build-owned adapter/prototype license: MIT where applicable, otherwise not applicable","project retains native configuration authority","configuration survives; virtual bytes/callbacks/handles/diagnostics do not","one-shot adjunct to API/command","not an independent build result protocol","ordinary project files","provider config version","config does not execute or produce any inventoried operation; a file containing argv is still CLI semantics","low as adjunct; invalid if promoted as independent engine protocol","Reuse Effect Scope for owned handles/children, ChildProcess for selected processes, FileSystem/Path for explicit mutation, Stream only for a real typed event source, Layer for selection and dependency provision, and preserve Cause interruption.","bounded negative / reject for this operation","high","Bun bundler docs:147-153 @ cf6cdbb; issue 5866"
"bun","BUN-WATCH","watch/rebuild","isolated-worker","none supported; not available as a supported provider surface; none; effect-build calls provider. Family: local/remote isolated worker used specifically for host or fault isolation","provider pin/license: Bun 1.3.9 @ cf6cdbbbadd50604bc17f21ed5d0612c920a5d9a; MIT; evidence class/support promise: a Bun Worker or remote worker can be built but no operation requires it beyond the sidecar case; effect-build-owned adapter/prototype license: MIT where applicable, otherwise not applicable","would require effect-build to own an unsupported engine/ABI or substitute semantics","no supported faithful request/result boundary","unproven","unproven","would require new native/source distribution","unsupported coupling","same-host worker keeps Bun dependence; remote execution is explicitly out of scope","duplicates sidecar authority and adds trust/transport/workspace state","Reuse Effect Scope for owned handles/children, ChildProcess for selected processes, FileSystem/Path for explicit mutation, Stream only for a real typed event source, Layer for selection and dependency provision, and preserve Cause interruption.","bounded negative / reject for this operation","high","Bun bundler docs:147-153 @ cf6cdbb; issue 5866"
"bun","BUN-WATCH","watch/rebuild","upstream-contribution","future supported handle/protocol/library; chosen by Bun; future versioned ABI/protocol/events; effect-build calls provider. Family: missing supported protocol/library/cancellation/event surface proposed upstream","provider pin/license: Bun 1.3.9 @ cf6cdbbbadd50604bc17f21ed5d0612c920a5d9a; MIT; evidence class/support promise: hypothetical and unproven; issue 5866 covers build watch API need; effect-build-owned adapter/prototype license: MIT where applicable, otherwise not applicable","must expose exact engine/capability identity","should preserve structured results/plugins or explicitly exclude them","needs AbortSignal/cancel and context/rebuild/dispose laws","must distinguish bytes, direct mutation, and publication","upstream-owned releases","documented version/capability contract","would change current negatives if shipped and supported","moves compatibility burden upstream but still needs adapter certification","Reuse Effect Scope for owned handles/children, ChildProcess for selected processes, FileSystem/Path for explicit mutation, Stream only for a real typed event source, Layer for selection and dependency provision, and preserve Cause interruption.","upstream-dependent","high","Bun bundler docs:147-153 @ cf6cdbb; issue 5866"
"deno","DENO-TRANSPILE","transpile source without declaration emission","direct-host-api","experimental Deno.bundle function; Deno isolate -> Rust op -> fresh OS thread/current-thread Tokio -> esbuild 0.25.5 service child per call; direct runtime op then internal framed stdio to esbuild; effect-build calls provider. Family: official function, callback, or scoped handle in the provider's supported host","provider pin/license: Deno 2.9.3 @ f39575ecd50602a5b42b1ba8e93849460de9fcf4; MIT; evidence class/support promise: documented public experimental Deno 2.9.3 API requiring unstable bundle, MIT; effect-build-owned adapter/prototype license: MIT where applicable, otherwise not applicable","ambient Deno launch flags/cwd/config/permissions are cloned; private provider selects esbuild helper","structured output bytes; no public plugins, virtual map, check/declarations, watch, or session","one-shot call; no public cancel/context and inner child is recreated","structured bytes or provider-direct writes","requires Deno host; may acquire internal esbuild package","experimental API and hidden helper identity","does not implement the exact stdout command-stream contract and cannot implement compile/check/declarations/session semantics","low caller code but hidden thread/child/acquisition and no cancellation","Reuse Effect Scope for owned handles/children, ChildProcess for selected processes, FileSystem/Path for explicit mutation, Stream only for a real typed event source, Layer for selection and dependency provision, and preserve Cause interruption.","bounded negative / reject for this operation","high","Deno cli/lib.rs:216-223 and transpile.rs:107-174 @ f39575e"
"deno","DENO-TRANSPILE","transpile source without declaration emission","selected-command","command/config/project; selected local Deno child; bundle may spawn esbuild; compile may acquire denort; argv, terminal streams, filesystem/network/cache; effect-build calls provider. Family: one-shot or scoped provider command with native argv/project/process semantics","provider pin/license: Deno 2.9.3 @ f39575ecd50602a5b42b1ba8e93849460de9fcf4; MIT; evidence class/support promise: documented public Deno 2.9.3 CLI; bundle/transpile and compile --bundle are experimental where marked, MIT; effect-build-owned adapter/prototype license: MIT where applicable, otherwise not applicable","explicit/PATH selected Deno owns config/import-map/lock/permissions/env/targets and acquisition","highest native project authority; terminal diagnostics not stable typed events","one-shot or raw watch process; Effect owns child scope only","stdout/direct files; effect-build compile adds private staging and atomic publication","Deno plus denort/esbuild acquisition/caches according to operation","probe exact path/version/capability; selected Deno and denort must align","only truthful current compile/check/declaration/watch mechanism","reuses process/file capabilities; cache/network mutation remains provider-owned","Reuse Effect Scope for owned handles/children, ChildProcess for selected processes, FileSystem/Path for explicit mutation, Stream only for a real typed event source, Layer for selection and dependency provision, and preserve Cause interruption.","viable now","high","Deno cli/lib.rs:216-223 and transpile.rs:107-174 @ f39575e"
"deno","DENO-TRANSPILE","transpile source without declaration emission","official-language-library","Rust deno_ast functions; caller Rust process; direct Rust calls; effect-build calls provider. Family: official Go or Rust library API outside the TypeScript host","provider pin/license: Deno 2.9.3 @ f39575ecd50602a5b42b1ba8e93849460de9fcf4; MIT; evidence class/support promise: Deno-owned deno_ast 0.53.3, MIT, explicit non-SemVer support posture; effect-build-owned adapter/prototype license: MIT where applicable, otherwise not applicable","Rust dependency selects parser/transpiler; caller must supply options","pure per-file parse/transpile only; no project graph/config/import map/permissions/check/declarations","one-shot Rust values","in-memory transformed source","Rust toolchain and native dependencies","exact crate coupling","the inventoried DENO-TRANSPILE operation retains Deno project authority; deno_ast does not","new Rust bridge/toolchain for a deliberately narrower product","Reuse Effect Scope for owned handles/children, ChildProcess for selected processes, FileSystem/Path for explicit mutation, Stream only for a real typed event source, Layer for selection and dependency provision, and preserve Cause interruption.","bounded negative / reject for this operation","medium-high","Deno cli/lib.rs:216-223 and transpile.rs:107-174 @ f39575e"
"deno","DENO-TRANSPILE","transpile source without declaration emission","native-bridge","none supported; not available as a supported provider surface; none; effect-build calls provider. Family: supported or owned C/C++/N-API/FFI bridge","provider pin/license: Deno 2.9.3 @ f39575ecd50602a5b42b1ba8e93849460de9fcf4; MIT; evidence class/support promise: no supported Deno bundle/compile C ABI, N-API, or FFI surface found at v2.9.3; effect-build-owned adapter/prototype license: MIT where applicable, otherwise not applicable","would require effect-build to own an unsupported engine/ABI or substitute semantics","no supported faithful request/result boundary","unproven","unproven","would require new native/source distribution","unsupported coupling","a bridge over private CLI crates would inherit exact-source/V8 coupling","native V8 and per-platform bridge distribution","Reuse Effect Scope for owned handles/children, ChildProcess for selected processes, FileSystem/Path for explicit mutation, Stream only for a real typed event source, Layer for selection and dependency provision, and preserve Cause interruption.","bounded negative / reject for this operation","high","Deno cli/lib.rs:216-223 and transpile.rs:107-174 @ f39575e"
"deno","DENO-TRANSPILE","transpile source without declaration emission","embedded-engine","none supported; not available as a supported provider surface; none; effect-build calls provider. Family: linked or vendored upstream compiler/runtime core","provider pin/license: Deno 2.9.3 @ f39575ecd50602a5b42b1ba8e93849460de9fcf4; MIT; evidence class/support promise: deno_core 0.408.0 and deno_runtime 0.263.0 are runtime embedding products; private CLI bundle/compile modules are highly unstable; effect-build-owned adapter/prototype license: MIT where applicable, otherwise not applicable","would require effect-build to own an unsupported engine/ABI or substitute semantics","no supported faithful request/result boundary","unproven","unproven","would require new native/source distribution","unsupported coupling","they do not expose Deno's required bundle/check/compile operations; deno_bundle_runtime asks the embedder to provide an engine","exact workspace/V8/source lockstep, broad resolver/runtime graph, maintained fork","Reuse Effect Scope for owned handles/children, ChildProcess for selected processes, FileSystem/Path for explicit mutation, Stream only for a real typed event source, Layer for selection and dependency provision, and preserve Cause interruption.","bounded negative / reject for this operation","high","Deno cli/lib.rs:216-223 and transpile.rs:107-174 @ f39575e"
"deno","DENO-TRANSPILE","transpile source without declaration emission","runtime-hosted-sidecar","framed request/result; selected Deno child calls public runtime API; effect-build-owned framed pipe/socket protocol; effect-build calls provider. Family: provider-native public API behind an effect-build-owned framed protocol","provider pin/license: Deno 2.9.3 @ f39575ecd50602a5b42b1ba8e93849460de9fcf4; MIT; evidence class/support promise: effect-build-owned design over experimental Deno APIs; no upstream machine protocol; effect-build-owned adapter/prototype license: MIT where applicable, otherwise not applicable","explicit Deno version/path/capabilities plus explicit cwd/config/import-map/lock/permissions","structured serializable bytes/options; no callbacks/session/check/declarations beyond public API","process can persist, but each Deno.bundle call still creates a thread and esbuild child","bytes cross with copies; direct-write mode mutates provider filesystem","Deno binary plus server source","exact protocol/runtime/capability handshake","Deno exposes no public project-transpile runtime API; compile/transpile sidecars would merely wrap CLI, and persistence does not reuse the inner engine","adds protocol/process while preserving only a narrow experimental gain","Reuse Effect Scope for owned handles/children, ChildProcess for selected processes, FileSystem/Path for explicit mutation, Stream only for a real typed event source, Layer for selection and dependency provision, and preserve Cause interruption.","bounded negative / reject for this operation","medium","Deno cli/lib.rs:216-223 and transpile.rs:107-174 @ f39575e"
"deno","DENO-TRANSPILE","transpile source without declaration emission","persistent-session","none supported; not available as a supported provider surface; none; effect-build calls provider. Family: versioned daemon/service session with lifetime-bound handles","provider pin/license: Deno 2.9.3 @ f39575ecd50602a5b42b1ba8e93849460de9fcf4; MIT; evidence class/support promise: Deno.bundle exposes no reusable handle and recreates its inner service; CLI watch's context is private; effect-build-owned adapter/prototype license: MIT where applicable, otherwise not applicable","would require effect-build to own an unsupported engine/ABI or substitute semantics","no supported faithful request/result boundary","unproven","unproven","would require new native/source distribution","unsupported coupling","a daemon cannot truthfully claim incremental state for the public API","session IDs/backpressure/crash/idle state without reusable provider state","Reuse Effect Scope for owned handles/children, ChildProcess for selected processes, FileSystem/Path for explicit mutation, Stream only for a real typed event source, Layer for selection and dependency provision, and preserve Cause interruption.","bounded negative / reject for this operation","high","Deno cli/lib.rs:216-223 and transpile.rs:107-174 @ f39575e"
"deno","DENO-TRANSPILE","transpile source without declaration emission","wasm-worker","none supported; not available as a supported provider surface; none; effect-build calls provider. Family: supported WebAssembly, WASI, or provider worker boundary","provider pin/license: Deno 2.9.3 @ f39575ecd50602a5b42b1ba8e93849460de9fcf4; MIT; evidence class/support promise: no supported Deno CLI bundle/compile WASM/WASI engine surface found at v2.9.3; effect-build-owned adapter/prototype license: MIT where applicable, otherwise not applicable","would require effect-build to own an unsupported engine/ABI or substitute semantics","no supported faithful request/result boundary","unproven","unproven","would require new native/source distribution","unsupported coupling","deno_core/deno_runtime embedding and esbuild helper are not a portable Deno build API","V8/runtime/permissions/filesystem capability loss","Reuse Effect Scope for owned handles/children, ChildProcess for selected processes, FileSystem/Path for explicit mutation, Stream only for a real typed event source, Layer for selection and dependency provision, and preserve Cause interruption.","bounded negative / reject for this operation","high","Deno cli/lib.rs:216-223 and transpile.rs:107-174 @ f39575e"
"deno","DENO-TRANSPILE","transpile source without declaration emission","inverted-plugin","none supported; not available as a supported provider surface; none; effect-build calls provider. Family: provider owns execution and calls effect-build-controlled hooks/modules","provider pin/license: Deno 2.9.3 @ f39575ecd50602a5b42b1ba8e93849460de9fcf4; MIT; evidence class/support promise: deno_bundle_runtime exposes a BundleProvider hook, but the embedder must supply a different engine; Deno's CliBundleProvider is private; effect-build-owned adapter/prototype license: MIT where applicable, otherwise not applicable","would require effect-build to own an unsupported engine/ABI or substitute semantics","no supported faithful request/result boundary","unproven","unproven","would require new native/source distribution","unsupported coupling","does not expose Deno's own bundler or preserve its project semantics","would substitute an engine and duplicate Deno resolution/config logic","Reuse Effect Scope for owned handles/children, ChildProcess for selected processes, FileSystem/Path for explicit mutation, Stream only for a real typed event source, Layer for selection and dependency provision, and preserve Cause interruption.","bounded negative / reject for this operation","high","Deno cli/lib.rs:216-223 and transpile.rs:107-174 @ f39575e"
"deno","DENO-TRANSPILE","transpile source without declaration emission","declarative-artifact","deno.json/workspace/import map/lock plus command; selected Deno consumes canonical project files; filesystem/project handoff; effect-build calls provider. Family: stable config, manifest, project, or intermediate artifact handoff","provider pin/license: Deno 2.9.3 @ f39575ecd50602a5b42b1ba8e93849460de9fcf4; MIT; evidence class/support promise: documented public Deno project/config surface; effect-build-owned adapter/prototype license: MIT where applicable, otherwise not applicable","project files and permission flags remain canonical rather than flattened into generic options","preserves scopes/imports/locks/compile includes; does not itself execute","durable project state consumed per command","configuration only; private eszip/standalone formats are not stable interchange","ordinary source/project artifacts","Deno config schema/version","config alone does not execute bundle/check/declaration/compile/acquisition operations","reduces duplicated normalization when kept native","Reuse Effect Scope for owned handles/children, ChildProcess for selected processes, FileSystem/Path for explicit mutation, Stream only for a real typed event source, Layer for selection and dependency provision, and preserve Cause interruption.","bounded negative / reject for this operation","high","Deno cli/lib.rs:216-223 and transpile.rs:107-174 @ f39575e"
"deno","DENO-TRANSPILE","transpile source without declaration emission","isolated-worker","none supported; not available as a supported provider surface; none; effect-build calls provider. Family: local/remote isolated worker used specifically for host or fault isolation","provider pin/license: Deno 2.9.3 @ f39575ecd50602a5b42b1ba8e93849460de9fcf4; MIT; evidence class/support promise: local/remote worker adds no semantics beyond an explicit Deno sidecar or selected command; effect-build-owned adapter/prototype license: MIT where applicable, otherwise not applicable","would require effect-build to own an unsupported engine/ABI or substitute semantics","no supported faithful request/result boundary","unproven","unproven","would require new native/source distribution","unsupported coupling","remote build infrastructure is outside scope and local isolation is already a child","workspace/security/transport/outcome-unknown states","Reuse Effect Scope for owned handles/children, ChildProcess for selected processes, FileSystem/Path for explicit mutation, Stream only for a real typed event source, Layer for selection and dependency provision, and preserve Cause interruption.","bounded negative / reject for this operation","high","Deno cli/lib.rs:216-223 and transpile.rs:107-174 @ f39575e"
"deno","DENO-TRANSPILE","transpile source without declaration emission","upstream-contribution","future stable Rust API or machine service/context; Deno-owned; versioned protocol/library and typed event stream; effect-build calls provider. Family: missing supported protocol/library/cancellation/event surface proposed upstream","provider pin/license: Deno 2.9.3 @ f39575ecd50602a5b42b1ba8e93849460de9fcf4; MIT; evidence class/support promise: hypothetical; plugin request 32157 is unaccepted; effect-build-owned adapter/prototype license: MIT where applicable, otherwise not applicable","must expose runtime/helper/config/permission/target identities","structured outputs/plugins/check/declarations according to explicit capabilities","needs rebuild/cancel/dispose and acquisition outcome laws","must distinguish bytes/direct write/standalone publication","upstream-owned platform artifacts","stable version/capability contract","would change bounded negatives","moves private CLI coupling upstream","Reuse Effect Scope for owned handles/children, ChildProcess for selected processes, FileSystem/Path for explicit mutation, Stream only for a real typed event source, Layer for selection and dependency provision, and preserve Cause interruption.","upstream-dependent","high","Deno cli/lib.rs:216-223 and transpile.rs:107-174 @ f39575e"
"deno","DENO-BUNDLE-MEMORY","structured in-memory bundle","direct-host-api","experimental Deno.bundle function; Deno isolate -> Rust op -> fresh OS thread/current-thread Tokio -> esbuild 0.25.5 service child per call; direct runtime op then internal framed stdio to esbuild; effect-build calls provider. Family: official function, callback, or scoped handle in the provider's supported host","provider pin/license: Deno 2.9.3 @ f39575ecd50602a5b42b1ba8e93849460de9fcf4; MIT; evidence class/support promise: documented public experimental Deno 2.9.3 API requiring unstable bundle, MIT; effect-build-owned adapter/prototype license: MIT where applicable, otherwise not applicable","ambient Deno launch flags/cwd/config/permissions are cloned; private provider selects esbuild helper","structured output bytes; no public plugins, virtual map, check/declarations, watch, or session","one-shot call; no public cancel/context and inner child is recreated","structured bytes or provider-direct writes","requires Deno host; may acquire internal esbuild package","experimental API and hidden helper identity","structured experimental bundle inside a Deno host","low caller code but hidden thread/child/acquisition and no cancellation","Reuse Effect Scope for owned handles/children, ChildProcess for selected processes, FileSystem/Path for explicit mutation, Stream only for a real typed event source, Layer for selection and dependency provision, and preserve Cause interruption.","viable only as experimental host-restricted operation","high","Deno lib.deno.unstable.d.ts:11-199 and provider.rs:119-184 @ f39575e"
"deno","DENO-BUNDLE-MEMORY","structured in-memory bundle","selected-command","command/config/project; selected local Deno child; bundle may spawn esbuild; compile may acquire denort; argv, terminal streams, filesystem/network/cache; effect-build calls provider. Family: one-shot or scoped provider command with native argv/project/process semantics","provider pin/license: Deno 2.9.3 @ f39575ecd50602a5b42b1ba8e93849460de9fcf4; MIT; evidence class/support promise: documented public Deno 2.9.3 CLI; bundle/transpile and compile --bundle are experimental where marked, MIT; effect-build-owned adapter/prototype license: MIT where applicable, otherwise not applicable","explicit/PATH selected Deno owns config/import-map/lock/permissions/env/targets and acquisition","highest native project authority; terminal diagnostics not stable typed events","one-shot or raw watch process; Effect owns child scope only","stdout/direct files; effect-build compile adds private staging and atomic publication","Deno plus denort/esbuild acquisition/caches according to operation","probe exact path/version/capability; selected Deno and denort must align","does not yield Deno.bundle structured results or plugin callbacks","reuses process/file capabilities; cache/network mutation remains provider-owned","Reuse Effect Scope for owned handles/children, ChildProcess for selected processes, FileSystem/Path for explicit mutation, Stream only for a real typed event source, Layer for selection and dependency provision, and preserve Cause interruption.","bounded negative / reject for this operation","high","Deno lib.deno.unstable.d.ts:11-199 and provider.rs:119-184 @ f39575e"
"deno","DENO-BUNDLE-MEMORY","structured in-memory bundle","official-language-library","Rust deno_ast functions; caller Rust process; direct Rust calls; effect-build calls provider. Family: official Go or Rust library API outside the TypeScript host","provider pin/license: Deno 2.9.3 @ f39575ecd50602a5b42b1ba8e93849460de9fcf4; MIT; evidence class/support promise: Deno-owned deno_ast 0.53.3, MIT, explicit non-SemVer support posture; effect-build-owned adapter/prototype license: MIT where applicable, otherwise not applicable","Rust dependency selects parser/transpiler; caller must supply options","pure per-file parse/transpile only; no project graph/config/import map/permissions/check/declarations","one-shot Rust values","in-memory transformed source","Rust toolchain and native dependencies","exact crate coupling","the inventoried DENO-TRANSPILE operation retains Deno project authority; deno_ast does not","new Rust bridge/toolchain for a deliberately narrower product","Reuse Effect Scope for owned handles/children, ChildProcess for selected processes, FileSystem/Path for explicit mutation, Stream only for a real typed event source, Layer for selection and dependency provision, and preserve Cause interruption.","bounded negative / reject for this operation","medium-high","Deno lib.deno.unstable.d.ts:11-199 and provider.rs:119-184 @ f39575e"
"deno","DENO-BUNDLE-MEMORY","structured in-memory bundle","native-bridge","none supported; not available as a supported provider surface; none; effect-build calls provider. Family: supported or owned C/C++/N-API/FFI bridge","provider pin/license: Deno 2.9.3 @ f39575ecd50602a5b42b1ba8e93849460de9fcf4; MIT; evidence class/support promise: no supported Deno bundle/compile C ABI, N-API, or FFI surface found at v2.9.3; effect-build-owned adapter/prototype license: MIT where applicable, otherwise not applicable","would require effect-build to own an unsupported engine/ABI or substitute semantics","no supported faithful request/result boundary","unproven","unproven","would require new native/source distribution","unsupported coupling","a bridge over private CLI crates would inherit exact-source/V8 coupling","native V8 and per-platform bridge distribution","Reuse Effect Scope for owned handles/children, ChildProcess for selected processes, FileSystem/Path for explicit mutation, Stream only for a real typed event source, Layer for selection and dependency provision, and preserve Cause interruption.","bounded negative / reject for this operation","high","Deno lib.deno.unstable.d.ts:11-199 and provider.rs:119-184 @ f39575e"
"deno","DENO-BUNDLE-MEMORY","structured in-memory bundle","embedded-engine","none supported; not available as a supported provider surface; none; effect-build calls provider. Family: linked or vendored upstream compiler/runtime core","provider pin/license: Deno 2.9.3 @ f39575ecd50602a5b42b1ba8e93849460de9fcf4; MIT; evidence class/support promise: deno_core 0.408.0 and deno_runtime 0.263.0 are runtime embedding products; private CLI bundle/compile modules are highly unstable; effect-build-owned adapter/prototype license: MIT where applicable, otherwise not applicable","would require effect-build to own an unsupported engine/ABI or substitute semantics","no supported faithful request/result boundary","unproven","unproven","would require new native/source distribution","unsupported coupling","they do not expose Deno's required bundle/check/compile operations; deno_bundle_runtime asks the embedder to provide an engine","exact workspace/V8/source lockstep, broad resolver/runtime graph, maintained fork","Reuse Effect Scope for owned handles/children, ChildProcess for selected processes, FileSystem/Path for explicit mutation, Stream only for a real typed event source, Layer for selection and dependency provision, and preserve Cause interruption.","bounded negative / reject for this operation","high","Deno lib.deno.unstable.d.ts:11-199 and provider.rs:119-184 @ f39575e"
"deno","DENO-BUNDLE-MEMORY","structured in-memory bundle","runtime-hosted-sidecar","framed request/result; selected Deno child calls public runtime API; effect-build-owned framed pipe/socket protocol; effect-build calls provider. Family: provider-native public API behind an effect-build-owned framed protocol","provider pin/license: Deno 2.9.3 @ f39575ecd50602a5b42b1ba8e93849460de9fcf4; MIT; evidence class/support promise: effect-build-owned design over experimental Deno APIs; no upstream machine protocol; effect-build-owned adapter/prototype license: MIT where applicable, otherwise not applicable","explicit Deno version/path/capabilities plus explicit cwd/config/import-map/lock/permissions","structured serializable bytes/options; no callbacks/session/check/declarations beyond public API","process can persist, but each Deno.bundle call still creates a thread and esbuild child","bytes cross with copies; direct-write mode mutates provider filesystem","Deno binary plus server source","exact protocol/runtime/capability handshake","host-independent access to structured experimental Deno.bundle","adds protocol/process while preserving only a narrow experimental gain","Reuse Effect Scope for owned handles/children, ChildProcess for selected processes, FileSystem/Path for explicit mutation, Stream only for a real typed event source, Layer for selection and dependency provision, and preserve Cause interruption.","viable with bounded package-private adapter","medium","Deno lib.deno.unstable.d.ts:11-199 and provider.rs:119-184 @ f39575e"
"deno","DENO-BUNDLE-MEMORY","structured in-memory bundle","persistent-session","none supported; not available as a supported provider surface; none; effect-build calls provider. Family: versioned daemon/service session with lifetime-bound handles","provider pin/license: Deno 2.9.3 @ f39575ecd50602a5b42b1ba8e93849460de9fcf4; MIT; evidence class/support promise: Deno.bundle exposes no reusable handle and recreates its inner service; CLI watch's context is private; effect-build-owned adapter/prototype license: MIT where applicable, otherwise not applicable","would require effect-build to own an unsupported engine/ABI or substitute semantics","no supported faithful request/result boundary","unproven","unproven","would require new native/source distribution","unsupported coupling","a daemon cannot truthfully claim incremental state for the public API","session IDs/backpressure/crash/idle state without reusable provider state","Reuse Effect Scope for owned handles/children, ChildProcess for selected processes, FileSystem/Path for explicit mutation, Stream only for a real typed event source, Layer for selection and dependency provision, and preserve Cause interruption.","bounded negative / reject for this operation","high","Deno lib.deno.unstable.d.ts:11-199 and provider.rs:119-184 @ f39575e"
"deno","DENO-BUNDLE-MEMORY","structured in-memory bundle","wasm-worker","none supported; not available as a supported provider surface; none; effect-build calls provider. Family: supported WebAssembly, WASI, or provider worker boundary","provider pin/license: Deno 2.9.3 @ f39575ecd50602a5b42b1ba8e93849460de9fcf4; MIT; evidence class/support promise: no supported Deno CLI bundle/compile WASM/WASI engine surface found at v2.9.3; effect-build-owned adapter/prototype license: MIT where applicable, otherwise not applicable","would require effect-build to own an unsupported engine/ABI or substitute semantics","no supported faithful request/result boundary","unproven","unproven","would require new native/source distribution","unsupported coupling","deno_core/deno_runtime embedding and esbuild helper are not a portable Deno build API","V8/runtime/permissions/filesystem capability loss","Reuse Effect Scope for owned handles/children, ChildProcess for selected processes, FileSystem/Path for explicit mutation, Stream only for a real typed event source, Layer for selection and dependency provision, and preserve Cause interruption.","bounded negative / reject for this operation","high","Deno lib.deno.unstable.d.ts:11-199 and provider.rs:119-184 @ f39575e"
"deno","DENO-BUNDLE-MEMORY","structured in-memory bundle","inverted-plugin","none supported; not available as a supported provider surface; none; effect-build calls provider. Family: provider owns execution and calls effect-build-controlled hooks/modules","provider pin/license: Deno 2.9.3 @ f39575ecd50602a5b42b1ba8e93849460de9fcf4; MIT; evidence class/support promise: deno_bundle_runtime exposes a BundleProvider hook, but the embedder must supply a different engine; Deno's CliBundleProvider is private; effect-build-owned adapter/prototype license: MIT where applicable, otherwise not applicable","would require effect-build to own an unsupported engine/ABI or substitute semantics","no supported faithful request/result boundary","unproven","unproven","would require new native/source distribution","unsupported coupling","does not expose Deno's own bundler or preserve its project semantics","would substitute an engine and duplicate Deno resolution/config logic","Reuse Effect Scope for owned handles/children, ChildProcess for selected processes, FileSystem/Path for explicit mutation, Stream only for a real typed event source, Layer for selection and dependency provision, and preserve Cause interruption.","bounded negative / reject for this operation","high","Deno lib.deno.unstable.d.ts:11-199 and provider.rs:119-184 @ f39575e"
"deno","DENO-BUNDLE-MEMORY","structured in-memory bundle","declarative-artifact","deno.json/workspace/import map/lock plus command; selected Deno consumes canonical project files; filesystem/project handoff; effect-build calls provider. Family: stable config, manifest, project, or intermediate artifact handoff","provider pin/license: Deno 2.9.3 @ f39575ecd50602a5b42b1ba8e93849460de9fcf4; MIT; evidence class/support promise: documented public Deno project/config surface; effect-build-owned adapter/prototype license: MIT where applicable, otherwise not applicable","project files and permission flags remain canonical rather than flattened into generic options","preserves scopes/imports/locks/compile includes; does not itself execute","durable project state consumed per command","configuration only; private eszip/standalone formats are not stable interchange","ordinary source/project artifacts","Deno config schema/version","config alone does not execute bundle/check/declaration/compile/acquisition operations","reduces duplicated normalization when kept native","Reuse Effect Scope for owned handles/children, ChildProcess for selected processes, FileSystem/Path for explicit mutation, Stream only for a real typed event source, Layer for selection and dependency provision, and preserve Cause interruption.","bounded negative / reject for this operation","high","Deno lib.deno.unstable.d.ts:11-199 and provider.rs:119-184 @ f39575e"
"deno","DENO-BUNDLE-MEMORY","structured in-memory bundle","isolated-worker","none supported; not available as a supported provider surface; none; effect-build calls provider. Family: local/remote isolated worker used specifically for host or fault isolation","provider pin/license: Deno 2.9.3 @ f39575ecd50602a5b42b1ba8e93849460de9fcf4; MIT; evidence class/support promise: local/remote worker adds no semantics beyond an explicit Deno sidecar or selected command; effect-build-owned adapter/prototype license: MIT where applicable, otherwise not applicable","would require effect-build to own an unsupported engine/ABI or substitute semantics","no supported faithful request/result boundary","unproven","unproven","would require new native/source distribution","unsupported coupling","remote build infrastructure is outside scope and local isolation is already a child","workspace/security/transport/outcome-unknown states","Reuse Effect Scope for owned handles/children, ChildProcess for selected processes, FileSystem/Path for explicit mutation, Stream only for a real typed event source, Layer for selection and dependency provision, and preserve Cause interruption.","bounded negative / reject for this operation","high","Deno lib.deno.unstable.d.ts:11-199 and provider.rs:119-184 @ f39575e"
"deno","DENO-BUNDLE-MEMORY","structured in-memory bundle","upstream-contribution","future stable Rust API or machine service/context; Deno-owned; versioned protocol/library and typed event stream; effect-build calls provider. Family: missing supported protocol/library/cancellation/event surface proposed upstream","provider pin/license: Deno 2.9.3 @ f39575ecd50602a5b42b1ba8e93849460de9fcf4; MIT; evidence class/support promise: hypothetical; plugin request 32157 is unaccepted; effect-build-owned adapter/prototype license: MIT where applicable, otherwise not applicable","must expose runtime/helper/config/permission/target identities","structured outputs/plugins/check/declarations according to explicit capabilities","needs rebuild/cancel/dispose and acquisition outcome laws","must distinguish bytes/direct write/standalone publication","upstream-owned platform artifacts","stable version/capability contract","would change bounded negatives","moves private CLI coupling upstream","Reuse Effect Scope for owned handles/children, ChildProcess for selected processes, FileSystem/Path for explicit mutation, Stream only for a real typed event source, Layer for selection and dependency provision, and preserve Cause interruption.","upstream-dependent","high","Deno lib.deno.unstable.d.ts:11-199 and provider.rs:119-184 @ f39575e"
"deno","DENO-BUNDLE-STDOUT","bundle to stdout","direct-host-api","experimental Deno.bundle function; Deno isolate -> Rust op -> fresh OS thread/current-thread Tokio -> esbuild 0.25.5 service child per call; direct runtime op then internal framed stdio to esbuild; effect-build calls provider. Family: official function, callback, or scoped handle in the provider's supported host","provider pin/license: Deno 2.9.3 @ f39575ecd50602a5b42b1ba8e93849460de9fcf4; MIT; evidence class/support promise: documented public experimental Deno 2.9.3 API requiring unstable bundle, MIT; effect-build-owned adapter/prototype license: MIT where applicable, otherwise not applicable","ambient Deno launch flags/cwd/config/permissions are cloned; private provider selects esbuild helper","structured output bytes; no public plugins, virtual map, check/declarations, watch, or session","one-shot call; no public cancel/context and inner child is recreated","structured bytes or provider-direct writes; operation invariant: caller-owned collected bytes; no durable publication","requires Deno host; may acquire internal esbuild package","experimental API and hidden helper identity","does not implement the exact stdout command-stream contract and cannot implement compile/check/declarations/session semantics","low caller code but hidden thread/child/acquisition and no cancellation","Reuse Effect Scope for owned handles/children, ChildProcess for selected processes, FileSystem/Path for explicit mutation, Stream only for a real typed event source, Layer for selection and dependency provision, and preserve Cause interruption.","bounded negative / reject for this operation","high","Deno cli/lib.rs:159-165 and bundle/mod.rs @ f39575e"
"deno","DENO-BUNDLE-STDOUT","bundle to stdout","selected-command","command/config/project; selected local Deno child; bundle may spawn esbuild; compile may acquire denort; argv, terminal streams, filesystem/network/cache; effect-build calls provider. Family: one-shot or scoped provider command with native argv/project/process semantics","provider pin/license: Deno 2.9.3 @ f39575ecd50602a5b42b1ba8e93849460de9fcf4; MIT; evidence class/support promise: documented public Deno 2.9.3 CLI; bundle/transpile and compile --bundle are experimental where marked, MIT; effect-build-owned adapter/prototype license: MIT where applicable, otherwise not applicable","explicit/PATH selected Deno owns config/import-map/lock/permissions/env/targets and acquisition","highest native project authority; terminal diagnostics not stable typed events","one-shot or raw watch process; Effect owns child scope only","stdout/direct files; effect-build compile adds private staging and atomic publication; operation invariant: caller-owned collected bytes; no durable publication","Deno plus denort/esbuild acquisition/caches according to operation","probe exact path/version/capability; selected Deno and denort must align","only truthful current compile/check/declaration/watch mechanism","reuses process/file capabilities; cache/network mutation remains provider-owned","Reuse Effect Scope for owned handles/children, ChildProcess for selected processes, FileSystem/Path for explicit mutation, Stream only for a real typed event source, Layer for selection and dependency provision, and preserve Cause interruption.","viable now","high","Deno cli/lib.rs:159-165 and bundle/mod.rs @ f39575e"
"deno","DENO-BUNDLE-STDOUT","bundle to stdout","official-language-library","Rust deno_ast functions; caller Rust process; direct Rust calls; effect-build calls provider. Family: official Go or Rust library API outside the TypeScript host","provider pin/license: Deno 2.9.3 @ f39575ecd50602a5b42b1ba8e93849460de9fcf4; MIT; evidence class/support promise: Deno-owned deno_ast 0.53.3, MIT, explicit non-SemVer support posture; effect-build-owned adapter/prototype license: MIT where applicable, otherwise not applicable","Rust dependency selects parser/transpiler; caller must supply options","pure per-file parse/transpile only; no project graph/config/import map/permissions/check/declarations","one-shot Rust values","in-memory transformed source; operation invariant: caller-owned collected bytes; no durable publication","Rust toolchain and native dependencies","exact crate coupling","the inventoried DENO-TRANSPILE operation retains Deno project authority; deno_ast does not","new Rust bridge/toolchain for a deliberately narrower product","Reuse Effect Scope for owned handles/children, ChildProcess for selected processes, FileSystem/Path for explicit mutation, Stream only for a real typed event source, Layer for selection and dependency provision, and preserve Cause interruption.","bounded negative / reject for this operation","medium-high","Deno cli/lib.rs:159-165 and bundle/mod.rs @ f39575e"
"deno","DENO-BUNDLE-STDOUT","bundle to stdout","native-bridge","none supported; not available as a supported provider surface; none; effect-build calls provider. Family: supported or owned C/C++/N-API/FFI bridge","provider pin/license: Deno 2.9.3 @ f39575ecd50602a5b42b1ba8e93849460de9fcf4; MIT; evidence class/support promise: no supported Deno bundle/compile C ABI, N-API, or FFI surface found at v2.9.3; effect-build-owned adapter/prototype license: MIT where applicable, otherwise not applicable","would require effect-build to own an unsupported engine/ABI or substitute semantics","no supported faithful request/result boundary","unproven","unproven; operation invariant: caller-owned collected bytes; no durable publication","would require new native/source distribution","unsupported coupling","a bridge over private CLI crates would inherit exact-source/V8 coupling","native V8 and per-platform bridge distribution","Reuse Effect Scope for owned handles/children, ChildProcess for selected processes, FileSystem/Path for explicit mutation, Stream only for a real typed event source, Layer for selection and dependency provision, and preserve Cause interruption.","bounded negative / reject for this operation","high","Deno cli/lib.rs:159-165 and bundle/mod.rs @ f39575e"
"deno","DENO-BUNDLE-STDOUT","bundle to stdout","embedded-engine","none supported; not available as a supported provider surface; none; effect-build calls provider. Family: linked or vendored upstream compiler/runtime core","provider pin/license: Deno 2.9.3 @ f39575ecd50602a5b42b1ba8e93849460de9fcf4; MIT; evidence class/support promise: deno_core 0.408.0 and deno_runtime 0.263.0 are runtime embedding products; private CLI bundle/compile modules are highly unstable; effect-build-owned adapter/prototype license: MIT where applicable, otherwise not applicable","would require effect-build to own an unsupported engine/ABI or substitute semantics","no supported faithful request/result boundary","unproven","unproven; operation invariant: caller-owned collected bytes; no durable publication","would require new native/source distribution","unsupported coupling","they do not expose Deno's required bundle/check/compile operations; deno_bundle_runtime asks the embedder to provide an engine","exact workspace/V8/source lockstep, broad resolver/runtime graph, maintained fork","Reuse Effect Scope for owned handles/children, ChildProcess for selected processes, FileSystem/Path for explicit mutation, Stream only for a real typed event source, Layer for selection and dependency provision, and preserve Cause interruption.","bounded negative / reject for this operation","high","Deno cli/lib.rs:159-165 and bundle/mod.rs @ f39575e"
"deno","DENO-BUNDLE-STDOUT","bundle to stdout","runtime-hosted-sidecar","framed request/result; selected Deno child calls public runtime API; effect-build-owned framed pipe/socket protocol; effect-build calls provider. Family: provider-native public API behind an effect-build-owned framed protocol","provider pin/license: Deno 2.9.3 @ f39575ecd50602a5b42b1ba8e93849460de9fcf4; MIT; evidence class/support promise: effect-build-owned design over experimental Deno APIs; no upstream machine protocol; effect-build-owned adapter/prototype license: MIT where applicable, otherwise not applicable","explicit Deno version/path/capabilities plus explicit cwd/config/import-map/lock/permissions","structured serializable bytes/options; no callbacks/session/check/declarations beyond public API","process can persist, but each Deno.bundle call still creates a thread and esbuild child","bytes cross with copies; direct-write mode mutates provider filesystem; operation invariant: caller-owned collected bytes; no durable publication","Deno binary plus server source","exact protocol/runtime/capability handshake","Deno exposes no public project-transpile runtime API; compile/transpile sidecars would merely wrap CLI, and persistence does not reuse the inner engine","adds protocol/process while preserving only a narrow experimental gain","Reuse Effect Scope for owned handles/children, ChildProcess for selected processes, FileSystem/Path for explicit mutation, Stream only for a real typed event source, Layer for selection and dependency provision, and preserve Cause interruption.","bounded negative / reject for this operation","medium","Deno cli/lib.rs:159-165 and bundle/mod.rs @ f39575e"
"deno","DENO-BUNDLE-STDOUT","bundle to stdout","persistent-session","none supported; not available as a supported provider surface; none; effect-build calls provider. Family: versioned daemon/service session with lifetime-bound handles","provider pin/license: Deno 2.9.3 @ f39575ecd50602a5b42b1ba8e93849460de9fcf4; MIT; evidence class/support promise: Deno.bundle exposes no reusable handle and recreates its inner service; CLI watch's context is private; effect-build-owned adapter/prototype license: MIT where applicable, otherwise not applicable","would require effect-build to own an unsupported engine/ABI or substitute semantics","no supported faithful request/result boundary","unproven","unproven; operation invariant: caller-owned collected bytes; no durable publication","would require new native/source distribution","unsupported coupling","a daemon cannot truthfully claim incremental state for the public API","session IDs/backpressure/crash/idle state without reusable provider state","Reuse Effect Scope for owned handles/children, ChildProcess for selected processes, FileSystem/Path for explicit mutation, Stream only for a real typed event source, Layer for selection and dependency provision, and preserve Cause interruption.","bounded negative / reject for this operation","high","Deno cli/lib.rs:159-165 and bundle/mod.rs @ f39575e"
"deno","DENO-BUNDLE-STDOUT","bundle to stdout","wasm-worker","none supported; not available as a supported provider surface; none; effect-build calls provider. Family: supported WebAssembly, WASI, or provider worker boundary","provider pin/license: Deno 2.9.3 @ f39575ecd50602a5b42b1ba8e93849460de9fcf4; MIT; evidence class/support promise: no supported Deno CLI bundle/compile WASM/WASI engine surface found at v2.9.3; effect-build-owned adapter/prototype license: MIT where applicable, otherwise not applicable","would require effect-build to own an unsupported engine/ABI or substitute semantics","no supported faithful request/result boundary","unproven","unproven; operation invariant: caller-owned collected bytes; no durable publication","would require new native/source distribution","unsupported coupling","deno_core/deno_runtime embedding and esbuild helper are not a portable Deno build API","V8/runtime/permissions/filesystem capability loss","Reuse Effect Scope for owned handles/children, ChildProcess for selected processes, FileSystem/Path for explicit mutation, Stream only for a real typed event source, Layer for selection and dependency provision, and preserve Cause interruption.","bounded negative / reject for this operation","high","Deno cli/lib.rs:159-165 and bundle/mod.rs @ f39575e"
"deno","DENO-BUNDLE-STDOUT","bundle to stdout","inverted-plugin","none supported; not available as a supported provider surface; none; effect-build calls provider. Family: provider owns execution and calls effect-build-controlled hooks/modules","provider pin/license: Deno 2.9.3 @ f39575ecd50602a5b42b1ba8e93849460de9fcf4; MIT; evidence class/support promise: deno_bundle_runtime exposes a BundleProvider hook, but the embedder must supply a different engine; Deno's CliBundleProvider is private; effect-build-owned adapter/prototype license: MIT where applicable, otherwise not applicable","would require effect-build to own an unsupported engine/ABI or substitute semantics","no supported faithful request/result boundary","unproven","unproven; operation invariant: caller-owned collected bytes; no durable publication","would require new native/source distribution","unsupported coupling","does not expose Deno's own bundler or preserve its project semantics","would substitute an engine and duplicate Deno resolution/config logic","Reuse Effect Scope for owned handles/children, ChildProcess for selected processes, FileSystem/Path for explicit mutation, Stream only for a real typed event source, Layer for selection and dependency provision, and preserve Cause interruption.","bounded negative / reject for this operation","high","Deno cli/lib.rs:159-165 and bundle/mod.rs @ f39575e"
"deno","DENO-BUNDLE-STDOUT","bundle to stdout","declarative-artifact","deno.json/workspace/import map/lock plus command; selected Deno consumes canonical project files; filesystem/project handoff; effect-build calls provider. Family: stable config, manifest, project, or intermediate artifact handoff","provider pin/license: Deno 2.9.3 @ f39575ecd50602a5b42b1ba8e93849460de9fcf4; MIT; evidence class/support promise: documented public Deno project/config surface; effect-build-owned adapter/prototype license: MIT where applicable, otherwise not applicable","project files and permission flags remain canonical rather than flattened into generic options","preserves scopes/imports/locks/compile includes; does not itself execute","durable project state consumed per command","configuration only; private eszip/standalone formats are not stable interchange; operation invariant: caller-owned collected bytes; no durable publication","ordinary source/project artifacts","Deno config schema/version","config alone does not execute bundle/check/declaration/compile/acquisition operations","reduces duplicated normalization when kept native","Reuse Effect Scope for owned handles/children, ChildProcess for selected processes, FileSystem/Path for explicit mutation, Stream only for a real typed event source, Layer for selection and dependency provision, and preserve Cause interruption.","bounded negative / reject for this operation","high","Deno cli/lib.rs:159-165 and bundle/mod.rs @ f39575e"
"deno","DENO-BUNDLE-STDOUT","bundle to stdout","isolated-worker","none supported; not available as a supported provider surface; none; effect-build calls provider. Family: local/remote isolated worker used specifically for host or fault isolation","provider pin/license: Deno 2.9.3 @ f39575ecd50602a5b42b1ba8e93849460de9fcf4; MIT; evidence class/support promise: local/remote worker adds no semantics beyond an explicit Deno sidecar or selected command; effect-build-owned adapter/prototype license: MIT where applicable, otherwise not applicable","would require effect-build to own an unsupported engine/ABI or substitute semantics","no supported faithful request/result boundary","unproven","unproven; operation invariant: caller-owned collected bytes; no durable publication","would require new native/source distribution","unsupported coupling","remote build infrastructure is outside scope and local isolation is already a child","workspace/security/transport/outcome-unknown states","Reuse Effect Scope for owned handles/children, ChildProcess for selected processes, FileSystem/Path for explicit mutation, Stream only for a real typed event source, Layer for selection and dependency provision, and preserve Cause interruption.","bounded negative / reject for this operation","high","Deno cli/lib.rs:159-165 and bundle/mod.rs @ f39575e"
"deno","DENO-BUNDLE-STDOUT","bundle to stdout","upstream-contribution","future stable Rust API or machine service/context; Deno-owned; versioned protocol/library and typed event stream; effect-build calls provider. Family: missing supported protocol/library/cancellation/event surface proposed upstream","provider pin/license: Deno 2.9.3 @ f39575ecd50602a5b42b1ba8e93849460de9fcf4; MIT; evidence class/support promise: hypothetical; plugin request 32157 is unaccepted; effect-build-owned adapter/prototype license: MIT where applicable, otherwise not applicable","must expose runtime/helper/config/permission/target identities","structured outputs/plugins/check/declarations according to explicit capabilities","needs rebuild/cancel/dispose and acquisition outcome laws","must distinguish bytes/direct write/standalone publication; operation invariant: caller-owned collected bytes; no durable publication","upstream-owned platform artifacts","stable version/capability contract","would change bounded negatives","moves private CLI coupling upstream","Reuse Effect Scope for owned handles/children, ChildProcess for selected processes, FileSystem/Path for explicit mutation, Stream only for a real typed event source, Layer for selection and dependency provision, and preserve Cause interruption.","upstream-dependent","high","Deno cli/lib.rs:159-165 and bundle/mod.rs @ f39575e"
"deno","DENO-BUNDLE-DISK","bundle directly to disk with multi-output assets","direct-host-api","experimental Deno.bundle function; Deno isolate -> Rust op -> fresh OS thread/current-thread Tokio -> esbuild 0.25.5 service child per call; direct runtime op then internal framed stdio to esbuild; effect-build calls provider. Family: official function, callback, or scoped handle in the provider's supported host","provider pin/license: Deno 2.9.3 @ f39575ecd50602a5b42b1ba8e93849460de9fcf4; MIT; evidence class/support promise: documented public experimental Deno 2.9.3 API requiring unstable bundle, MIT; effect-build-owned adapter/prototype license: MIT where applicable, otherwise not applicable","ambient Deno launch flags/cwd/config/permissions are cloned; private provider selects esbuild helper","structured output bytes; no public plugins, virtual map, check/declarations, watch, or session","one-shot call; no public cancel/context and inner child is recreated","structured bytes or provider-direct writes; operation invariant: provider-direct durable output graph; no transactionality claim","requires Deno host; may acquire internal esbuild package","experimental API and hidden helper identity","structured experimental bundle inside a Deno host","low caller code but hidden thread/child/acquisition and no cancellation","Reuse Effect Scope for owned handles/children, ChildProcess for selected processes, FileSystem/Path for explicit mutation, Stream only for a real typed event source, Layer for selection and dependency provision, and preserve Cause interruption.","viable only as experimental host-restricted operation","high","Deno cli/lib.rs:159-165 and bundle/mod.rs @ f39575e"
"deno","DENO-BUNDLE-DISK","bundle directly to disk with multi-output assets","selected-command","command/config/project; selected local Deno child; bundle may spawn esbuild; compile may acquire denort; argv, terminal streams, filesystem/network/cache; effect-build calls provider. Family: one-shot or scoped provider command with native argv/project/process semantics","provider pin/license: Deno 2.9.3 @ f39575ecd50602a5b42b1ba8e93849460de9fcf4; MIT; evidence class/support promise: documented public Deno 2.9.3 CLI; bundle/transpile and compile --bundle are experimental where marked, MIT; effect-build-owned adapter/prototype license: MIT where applicable, otherwise not applicable","explicit/PATH selected Deno owns config/import-map/lock/permissions/env/targets and acquisition","highest native project authority; terminal diagnostics not stable typed events","one-shot or raw watch process; Effect owns child scope only","stdout/direct files; effect-build compile adds private staging and atomic publication; operation invariant: provider-direct durable output graph; no transactionality claim","Deno plus denort/esbuild acquisition/caches according to operation","probe exact path/version/capability; selected Deno and denort must align","only truthful current compile/check/declaration/watch mechanism","reuses process/file capabilities; cache/network mutation remains provider-owned","Reuse Effect Scope for owned handles/children, ChildProcess for selected processes, FileSystem/Path for explicit mutation, Stream only for a real typed event source, Layer for selection and dependency provision, and preserve Cause interruption.","viable now","high","Deno cli/lib.rs:159-165 and bundle/mod.rs @ f39575e"
"deno","DENO-BUNDLE-DISK","bundle directly to disk with multi-output assets","official-language-library","Rust deno_ast functions; caller Rust process; direct Rust calls; effect-build calls provider. Family: official Go or Rust library API outside the TypeScript host","provider pin/license: Deno 2.9.3 @ f39575ecd50602a5b42b1ba8e93849460de9fcf4; MIT; evidence class/support promise: Deno-owned deno_ast 0.53.3, MIT, explicit non-SemVer support posture; effect-build-owned adapter/prototype license: MIT where applicable, otherwise not applicable","Rust dependency selects parser/transpiler; caller must supply options","pure per-file parse/transpile only; no project graph/config/import map/permissions/check/declarations","one-shot Rust values","in-memory transformed source; operation invariant: provider-direct durable output graph; no transactionality claim","Rust toolchain and native dependencies","exact crate coupling","the inventoried DENO-TRANSPILE operation retains Deno project authority; deno_ast does not","new Rust bridge/toolchain for a deliberately narrower product","Reuse Effect Scope for owned handles/children, ChildProcess for selected processes, FileSystem/Path for explicit mutation, Stream only for a real typed event source, Layer for selection and dependency provision, and preserve Cause interruption.","bounded negative / reject for this operation","medium-high","Deno cli/lib.rs:159-165 and bundle/mod.rs @ f39575e"
"deno","DENO-BUNDLE-DISK","bundle directly to disk with multi-output assets","native-bridge","none supported; not available as a supported provider surface; none; effect-build calls provider. Family: supported or owned C/C++/N-API/FFI bridge","provider pin/license: Deno 2.9.3 @ f39575ecd50602a5b42b1ba8e93849460de9fcf4; MIT; evidence class/support promise: no supported Deno bundle/compile C ABI, N-API, or FFI surface found at v2.9.3; effect-build-owned adapter/prototype license: MIT where applicable, otherwise not applicable","would require effect-build to own an unsupported engine/ABI or substitute semantics","no supported faithful request/result boundary","unproven","unproven; operation invariant: provider-direct durable output graph; no transactionality claim","would require new native/source distribution","unsupported coupling","a bridge over private CLI crates would inherit exact-source/V8 coupling","native V8 and per-platform bridge distribution","Reuse Effect Scope for owned handles/children, ChildProcess for selected processes, FileSystem/Path for explicit mutation, Stream only for a real typed event source, Layer for selection and dependency provision, and preserve Cause interruption.","bounded negative / reject for this operation","high","Deno cli/lib.rs:159-165 and bundle/mod.rs @ f39575e"
"deno","DENO-BUNDLE-DISK","bundle directly to disk with multi-output assets","embedded-engine","none supported; not available as a supported provider surface; none; effect-build calls provider. Family: linked or vendored upstream compiler/runtime core","provider pin/license: Deno 2.9.3 @ f39575ecd50602a5b42b1ba8e93849460de9fcf4; MIT; evidence class/support promise: deno_core 0.408.0 and deno_runtime 0.263.0 are runtime embedding products; private CLI bundle/compile modules are highly unstable; effect-build-owned adapter/prototype license: MIT where applicable, otherwise not applicable","would require effect-build to own an unsupported engine/ABI or substitute semantics","no supported faithful request/result boundary","unproven","unproven; operation invariant: provider-direct durable output graph; no transactionality claim","would require new native/source distribution","unsupported coupling","they do not expose Deno's required bundle/check/compile operations; deno_bundle_runtime asks the embedder to provide an engine","exact workspace/V8/source lockstep, broad resolver/runtime graph, maintained fork","Reuse Effect Scope for owned handles/children, ChildProcess for selected processes, FileSystem/Path for explicit mutation, Stream only for a real typed event source, Layer for selection and dependency provision, and preserve Cause interruption.","bounded negative / reject for this operation","high","Deno cli/lib.rs:159-165 and bundle/mod.rs @ f39575e"
"deno","DENO-BUNDLE-DISK","bundle directly to disk with multi-output assets","runtime-hosted-sidecar","framed request/result; selected Deno child calls public runtime API; effect-build-owned framed pipe/socket protocol; effect-build calls provider. Family: provider-native public API behind an effect-build-owned framed protocol","provider pin/license: Deno 2.9.3 @ f39575ecd50602a5b42b1ba8e93849460de9fcf4; MIT; evidence class/support promise: effect-build-owned design over experimental Deno APIs; no upstream machine protocol; effect-build-owned adapter/prototype license: MIT where applicable, otherwise not applicable","explicit Deno version/path/capabilities plus explicit cwd/config/import-map/lock/permissions","structured serializable bytes/options; no callbacks/session/check/declarations beyond public API","process can persist, but each Deno.bundle call still creates a thread and esbuild child","bytes cross with copies; direct-write mode mutates provider filesystem; operation invariant: provider-direct durable output graph; no transactionality claim","Deno binary plus server source","exact protocol/runtime/capability handshake","Deno exposes no public project-transpile runtime API; compile/transpile sidecars would merely wrap CLI, and persistence does not reuse the inner engine","adds protocol/process while preserving only a narrow experimental gain","Reuse Effect Scope for owned handles/children, ChildProcess for selected processes, FileSystem/Path for explicit mutation, Stream only for a real typed event source, Layer for selection and dependency provision, and preserve Cause interruption.","bounded negative / reject for this operation","medium","Deno cli/lib.rs:159-165 and bundle/mod.rs @ f39575e"
"deno","DENO-BUNDLE-DISK","bundle directly to disk with multi-output assets","persistent-session","none supported; not available as a supported provider surface; none; effect-build calls provider. Family: versioned daemon/service session with lifetime-bound handles","provider pin/license: Deno 2.9.3 @ f39575ecd50602a5b42b1ba8e93849460de9fcf4; MIT; evidence class/support promise: Deno.bundle exposes no reusable handle and recreates its inner service; CLI watch's context is private; effect-build-owned adapter/prototype license: MIT where applicable, otherwise not applicable","would require effect-build to own an unsupported engine/ABI or substitute semantics","no supported faithful request/result boundary","unproven","unproven; operation invariant: provider-direct durable output graph; no transactionality claim","would require new native/source distribution","unsupported coupling","a daemon cannot truthfully claim incremental state for the public API","session IDs/backpressure/crash/idle state without reusable provider state","Reuse Effect Scope for owned handles/children, ChildProcess for selected processes, FileSystem/Path for explicit mutation, Stream only for a real typed event source, Layer for selection and dependency provision, and preserve Cause interruption.","bounded negative / reject for this operation","high","Deno cli/lib.rs:159-165 and bundle/mod.rs @ f39575e"
"deno","DENO-BUNDLE-DISK","bundle directly to disk with multi-output assets","wasm-worker","none supported; not available as a supported provider surface; none; effect-build calls provider. Family: supported WebAssembly, WASI, or provider worker boundary","provider pin/license: Deno 2.9.3 @ f39575ecd50602a5b42b1ba8e93849460de9fcf4; MIT; evidence class/support promise: no supported Deno CLI bundle/compile WASM/WASI engine surface found at v2.9.3; effect-build-owned adapter/prototype license: MIT where applicable, otherwise not applicable","would require effect-build to own an unsupported engine/ABI or substitute semantics","no supported faithful request/result boundary","unproven","unproven; operation invariant: provider-direct durable output graph; no transactionality claim","would require new native/source distribution","unsupported coupling","deno_core/deno_runtime embedding and esbuild helper are not a portable Deno build API","V8/runtime/permissions/filesystem capability loss","Reuse Effect Scope for owned handles/children, ChildProcess for selected processes, FileSystem/Path for explicit mutation, Stream only for a real typed event source, Layer for selection and dependency provision, and preserve Cause interruption.","bounded negative / reject for this operation","high","Deno cli/lib.rs:159-165 and bundle/mod.rs @ f39575e"
"deno","DENO-BUNDLE-DISK","bundle directly to disk with multi-output assets","inverted-plugin","none supported; not available as a supported provider surface; none; effect-build calls provider. Family: provider owns execution and calls effect-build-controlled hooks/modules","provider pin/license: Deno 2.9.3 @ f39575ecd50602a5b42b1ba8e93849460de9fcf4; MIT; evidence class/support promise: deno_bundle_runtime exposes a BundleProvider hook, but the embedder must supply a different engine; Deno's CliBundleProvider is private; effect-build-owned adapter/prototype license: MIT where applicable, otherwise not applicable","would require effect-build to own an unsupported engine/ABI or substitute semantics","no supported faithful request/result boundary","unproven","unproven; operation invariant: provider-direct durable output graph; no transactionality claim","would require new native/source distribution","unsupported coupling","does not expose Deno's own bundler or preserve its project semantics","would substitute an engine and duplicate Deno resolution/config logic","Reuse Effect Scope for owned handles/children, ChildProcess for selected processes, FileSystem/Path for explicit mutation, Stream only for a real typed event source, Layer for selection and dependency provision, and preserve Cause interruption.","bounded negative / reject for this operation","high","Deno cli/lib.rs:159-165 and bundle/mod.rs @ f39575e"
"deno","DENO-BUNDLE-DISK","bundle directly to disk with multi-output assets","declarative-artifact","deno.json/workspace/import map/lock plus command; selected Deno consumes canonical project files; filesystem/project handoff; effect-build calls provider. Family: stable config, manifest, project, or intermediate artifact handoff","provider pin/license: Deno 2.9.3 @ f39575ecd50602a5b42b1ba8e93849460de9fcf4; MIT; evidence class/support promise: documented public Deno project/config surface; effect-build-owned adapter/prototype license: MIT where applicable, otherwise not applicable","project files and permission flags remain canonical rather than flattened into generic options","preserves scopes/imports/locks/compile includes; does not itself execute","durable project state consumed per command","configuration only; private eszip/standalone formats are not stable interchange; operation invariant: provider-direct durable output graph; no transactionality claim","ordinary source/project artifacts","Deno config schema/version","config alone does not execute bundle/check/declaration/compile/acquisition operations","reduces duplicated normalization when kept native","Reuse Effect Scope for owned handles/children, ChildProcess for selected processes, FileSystem/Path for explicit mutation, Stream only for a real typed event source, Layer for selection and dependency provision, and preserve Cause interruption.","bounded negative / reject for this operation","high","Deno cli/lib.rs:159-165 and bundle/mod.rs @ f39575e"
"deno","DENO-BUNDLE-DISK","bundle directly to disk with multi-output assets","isolated-worker","none supported; not available as a supported provider surface; none; effect-build calls provider. Family: local/remote isolated worker used specifically for host or fault isolation","provider pin/license: Deno 2.9.3 @ f39575ecd50602a5b42b1ba8e93849460de9fcf4; MIT; evidence class/support promise: local/remote worker adds no semantics beyond an explicit Deno sidecar or selected command; effect-build-owned adapter/prototype license: MIT where applicable, otherwise not applicable","would require effect-build to own an unsupported engine/ABI or substitute semantics","no supported faithful request/result boundary","unproven","unproven; operation invariant: provider-direct durable output graph; no transactionality claim","would require new native/source distribution","unsupported coupling","remote build infrastructure is outside scope and local isolation is already a child","workspace/security/transport/outcome-unknown states","Reuse Effect Scope for owned handles/children, ChildProcess for selected processes, FileSystem/Path for explicit mutation, Stream only for a real typed event source, Layer for selection and dependency provision, and preserve Cause interruption.","bounded negative / reject for this operation","high","Deno cli/lib.rs:159-165 and bundle/mod.rs @ f39575e"
"deno","DENO-BUNDLE-DISK","bundle directly to disk with multi-output assets","upstream-contribution","future stable Rust API or machine service/context; Deno-owned; versioned protocol/library and typed event stream; effect-build calls provider. Family: missing supported protocol/library/cancellation/event surface proposed upstream","provider pin/license: Deno 2.9.3 @ f39575ecd50602a5b42b1ba8e93849460de9fcf4; MIT; evidence class/support promise: hypothetical; plugin request 32157 is unaccepted; effect-build-owned adapter/prototype license: MIT where applicable, otherwise not applicable","must expose runtime/helper/config/permission/target identities","structured outputs/plugins/check/declarations according to explicit capabilities","needs rebuild/cancel/dispose and acquisition outcome laws","must distinguish bytes/direct write/standalone publication; operation invariant: provider-direct durable output graph; no transactionality claim","upstream-owned platform artifacts","stable version/capability contract","would change bounded negatives","moves private CLI coupling upstream","Reuse Effect Scope for owned handles/children, ChildProcess for selected processes, FileSystem/Path for explicit mutation, Stream only for a real typed event source, Layer for selection and dependency provision, and preserve Cause interruption.","upstream-dependent","high","Deno cli/lib.rs:159-165 and bundle/mod.rs @ f39575e"
"deno","DENO-CHECK","type-check a bundle/project","direct-host-api","experimental Deno.bundle function; Deno isolate -> Rust op -> fresh OS thread/current-thread Tokio -> esbuild 0.25.5 service child per call; direct runtime op then internal framed stdio to esbuild; effect-build calls provider. Family: official function, callback, or scoped handle in the provider's supported host","provider pin/license: Deno 2.9.3 @ f39575ecd50602a5b42b1ba8e93849460de9fcf4; MIT; evidence class/support promise: documented public experimental Deno 2.9.3 API requiring unstable bundle, MIT; effect-build-owned adapter/prototype license: MIT where applicable, otherwise not applicable","ambient Deno launch flags/cwd/config/permissions are cloned; private provider selects esbuild helper","structured output bytes; no public plugins, virtual map, check/declarations, watch, or session","one-shot call; no public cancel/context and inner child is recreated","structured bytes or provider-direct writes; operation invariant: diagnostics and success/failure, not declaration files","requires Deno host; may acquire internal esbuild package","experimental API and hidden helper identity","does not implement the exact stdout command-stream contract and cannot implement compile/check/declarations/session semantics","low caller code but hidden thread/child/acquisition and no cancellation","Reuse Effect Scope for owned handles/children, ChildProcess for selected processes, FileSystem/Path for explicit mutation, Stream only for a real typed event source, Layer for selection and dependency provision, and preserve Cause interruption.","bounded negative / reject for this operation","high","Deno bundle/mod.rs:306-395 @ f39575e"
"deno","DENO-CHECK","type-check a bundle/project","selected-command","command/config/project; selected local Deno child; bundle may spawn esbuild; compile may acquire denort; argv, terminal streams, filesystem/network/cache; effect-build calls provider. Family: one-shot or scoped provider command with native argv/project/process semantics","provider pin/license: Deno 2.9.3 @ f39575ecd50602a5b42b1ba8e93849460de9fcf4; MIT; evidence class/support promise: documented public Deno 2.9.3 CLI; bundle/transpile and compile --bundle are experimental where marked, MIT; effect-build-owned adapter/prototype license: MIT where applicable, otherwise not applicable","explicit/PATH selected Deno owns config/import-map/lock/permissions/env/targets and acquisition","highest native project authority; terminal diagnostics not stable typed events","one-shot or raw watch process; Effect owns child scope only","stdout/direct files; effect-build compile adds private staging and atomic publication; operation invariant: diagnostics and success/failure, not declaration files","Deno plus denort/esbuild acquisition/caches according to operation","probe exact path/version/capability; selected Deno and denort must align","only truthful current compile/check/declaration/watch mechanism","reuses process/file capabilities; cache/network mutation remains provider-owned","Reuse Effect Scope for owned handles/children, ChildProcess for selected processes, FileSystem/Path for explicit mutation, Stream only for a real typed event source, Layer for selection and dependency provision, and preserve Cause interruption.","viable now","high","Deno bundle/mod.rs:306-395 @ f39575e"
"deno","DENO-CHECK","type-check a bundle/project","official-language-library","Rust deno_ast functions; caller Rust process; direct Rust calls; effect-build calls provider. Family: official Go or Rust library API outside the TypeScript host","provider pin/license: Deno 2.9.3 @ f39575ecd50602a5b42b1ba8e93849460de9fcf4; MIT; evidence class/support promise: Deno-owned deno_ast 0.53.3, MIT, explicit non-SemVer support posture; effect-build-owned adapter/prototype license: MIT where applicable, otherwise not applicable","Rust dependency selects parser/transpiler; caller must supply options","pure per-file parse/transpile only; no project graph/config/import map/permissions/check/declarations","one-shot Rust values","in-memory transformed source; operation invariant: diagnostics and success/failure, not declaration files","Rust toolchain and native dependencies","exact crate coupling","the inventoried DENO-TRANSPILE operation retains Deno project authority; deno_ast does not","new Rust bridge/toolchain for a deliberately narrower product","Reuse Effect Scope for owned handles/children, ChildProcess for selected processes, FileSystem/Path for explicit mutation, Stream only for a real typed event source, Layer for selection and dependency provision, and preserve Cause interruption.","bounded negative / reject for this operation","medium-high","Deno bundle/mod.rs:306-395 @ f39575e"
"deno","DENO-CHECK","type-check a bundle/project","native-bridge","none supported; not available as a supported provider surface; none; effect-build calls provider. Family: supported or owned C/C++/N-API/FFI bridge","provider pin/license: Deno 2.9.3 @ f39575ecd50602a5b42b1ba8e93849460de9fcf4; MIT; evidence class/support promise: no supported Deno bundle/compile C ABI, N-API, or FFI surface found at v2.9.3; effect-build-owned adapter/prototype license: MIT where applicable, otherwise not applicable","would require effect-build to own an unsupported engine/ABI or substitute semantics","no supported faithful request/result boundary","unproven","unproven; operation invariant: diagnostics and success/failure, not declaration files","would require new native/source distribution","unsupported coupling","a bridge over private CLI crates would inherit exact-source/V8 coupling","native V8 and per-platform bridge distribution","Reuse Effect Scope for owned handles/children, ChildProcess for selected processes, FileSystem/Path for explicit mutation, Stream only for a real typed event source, Layer for selection and dependency provision, and preserve Cause interruption.","bounded negative / reject for this operation","high","Deno bundle/mod.rs:306-395 @ f39575e"
"deno","DENO-CHECK","type-check a bundle/project","embedded-engine","none supported; not available as a supported provider surface; none; effect-build calls provider. Family: linked or vendored upstream compiler/runtime core","provider pin/license: Deno 2.9.3 @ f39575ecd50602a5b42b1ba8e93849460de9fcf4; MIT; evidence class/support promise: deno_core 0.408.0 and deno_runtime 0.263.0 are runtime embedding products; private CLI bundle/compile modules are highly unstable; effect-build-owned adapter/prototype license: MIT where applicable, otherwise not applicable","would require effect-build to own an unsupported engine/ABI or substitute semantics","no supported faithful request/result boundary","unproven","unproven; operation invariant: diagnostics and success/failure, not declaration files","would require new native/source distribution","unsupported coupling","they do not expose Deno's required bundle/check/compile operations; deno_bundle_runtime asks the embedder to provide an engine","exact workspace/V8/source lockstep, broad resolver/runtime graph, maintained fork","Reuse Effect Scope for owned handles/children, ChildProcess for selected processes, FileSystem/Path for explicit mutation, Stream only for a real typed event source, Layer for selection and dependency provision, and preserve Cause interruption.","bounded negative / reject for this operation","high","Deno bundle/mod.rs:306-395 @ f39575e"
"deno","DENO-CHECK","type-check a bundle/project","runtime-hosted-sidecar","framed request/result; selected Deno child calls public runtime API; effect-build-owned framed pipe/socket protocol; effect-build calls provider. Family: provider-native public API behind an effect-build-owned framed protocol","provider pin/license: Deno 2.9.3 @ f39575ecd50602a5b42b1ba8e93849460de9fcf4; MIT; evidence class/support promise: effect-build-owned design over experimental Deno APIs; no upstream machine protocol; effect-build-owned adapter/prototype license: MIT where applicable, otherwise not applicable","explicit Deno version/path/capabilities plus explicit cwd/config/import-map/lock/permissions","structured serializable bytes/options; no callbacks/session/check/declarations beyond public API","process can persist, but each Deno.bundle call still creates a thread and esbuild child","bytes cross with copies; direct-write mode mutates provider filesystem; operation invariant: diagnostics and success/failure, not declaration files","Deno binary plus server source","exact protocol/runtime/capability handshake","Deno exposes no public project-transpile runtime API; compile/transpile sidecars would merely wrap CLI, and persistence does not reuse the inner engine","adds protocol/process while preserving only a narrow experimental gain","Reuse Effect Scope for owned handles/children, ChildProcess for selected processes, FileSystem/Path for explicit mutation, Stream only for a real typed event source, Layer for selection and dependency provision, and preserve Cause interruption.","bounded negative / reject for this operation","medium","Deno bundle/mod.rs:306-395 @ f39575e"
"deno","DENO-CHECK","type-check a bundle/project","persistent-session","none supported; not available as a supported provider surface; none; effect-build calls provider. Family: versioned daemon/service session with lifetime-bound handles","provider pin/license: Deno 2.9.3 @ f39575ecd50602a5b42b1ba8e93849460de9fcf4; MIT; evidence class/support promise: Deno.bundle exposes no reusable handle and recreates its inner service; CLI watch's context is private; effect-build-owned adapter/prototype license: MIT where applicable, otherwise not applicable","would require effect-build to own an unsupported engine/ABI or substitute semantics","no supported faithful request/result boundary","unproven","unproven; operation invariant: diagnostics and success/failure, not declaration files","would require new native/source distribution","unsupported coupling","a daemon cannot truthfully claim incremental state for the public API","session IDs/backpressure/crash/idle state without reusable provider state","Reuse Effect Scope for owned handles/children, ChildProcess for selected processes, FileSystem/Path for explicit mutation, Stream only for a real typed event source, Layer for selection and dependency provision, and preserve Cause interruption.","bounded negative / reject for this operation","high","Deno bundle/mod.rs:306-395 @ f39575e"
"deno","DENO-CHECK","type-check a bundle/project","wasm-worker","none supported; not available as a supported provider surface; none; effect-build calls provider. Family: supported WebAssembly, WASI, or provider worker boundary","provider pin/license: Deno 2.9.3 @ f39575ecd50602a5b42b1ba8e93849460de9fcf4; MIT; evidence class/support promise: no supported Deno CLI bundle/compile WASM/WASI engine surface found at v2.9.3; effect-build-owned adapter/prototype license: MIT where applicable, otherwise not applicable","would require effect-build to own an unsupported engine/ABI or substitute semantics","no supported faithful request/result boundary","unproven","unproven; operation invariant: diagnostics and success/failure, not declaration files","would require new native/source distribution","unsupported coupling","deno_core/deno_runtime embedding and esbuild helper are not a portable Deno build API","V8/runtime/permissions/filesystem capability loss","Reuse Effect Scope for owned handles/children, ChildProcess for selected processes, FileSystem/Path for explicit mutation, Stream only for a real typed event source, Layer for selection and dependency provision, and preserve Cause interruption.","bounded negative / reject for this operation","high","Deno bundle/mod.rs:306-395 @ f39575e"
"deno","DENO-CHECK","type-check a bundle/project","inverted-plugin","none supported; not available as a supported provider surface; none; effect-build calls provider. Family: provider owns execution and calls effect-build-controlled hooks/modules","provider pin/license: Deno 2.9.3 @ f39575ecd50602a5b42b1ba8e93849460de9fcf4; MIT; evidence class/support promise: deno_bundle_runtime exposes a BundleProvider hook, but the embedder must supply a different engine; Deno's CliBundleProvider is private; effect-build-owned adapter/prototype license: MIT where applicable, otherwise not applicable","would require effect-build to own an unsupported engine/ABI or substitute semantics","no supported faithful request/result boundary","unproven","unproven; operation invariant: diagnostics and success/failure, not declaration files","would require new native/source distribution","unsupported coupling","does not expose Deno's own bundler or preserve its project semantics","would substitute an engine and duplicate Deno resolution/config logic","Reuse Effect Scope for owned handles/children, ChildProcess for selected processes, FileSystem/Path for explicit mutation, Stream only for a real typed event source, Layer for selection and dependency provision, and preserve Cause interruption.","bounded negative / reject for this operation","high","Deno bundle/mod.rs:306-395 @ f39575e"
"deno","DENO-CHECK","type-check a bundle/project","declarative-artifact","deno.json/workspace/import map/lock plus command; selected Deno consumes canonical project files; filesystem/project handoff; effect-build calls provider. Family: stable config, manifest, project, or intermediate artifact handoff","provider pin/license: Deno 2.9.3 @ f39575ecd50602a5b42b1ba8e93849460de9fcf4; MIT; evidence class/support promise: documented public Deno project/config surface; effect-build-owned adapter/prototype license: MIT where applicable, otherwise not applicable","project files and permission flags remain canonical rather than flattened into generic options","preserves scopes/imports/locks/compile includes; does not itself execute","durable project state consumed per command","configuration only; private eszip/standalone formats are not stable interchange; operation invariant: diagnostics and success/failure, not declaration files","ordinary source/project artifacts","Deno config schema/version","config alone does not execute bundle/check/declaration/compile/acquisition operations","reduces duplicated normalization when kept native","Reuse Effect Scope for owned handles/children, ChildProcess for selected processes, FileSystem/Path for explicit mutation, Stream only for a real typed event source, Layer for selection and dependency provision, and preserve Cause interruption.","bounded negative / reject for this operation","high","Deno bundle/mod.rs:306-395 @ f39575e"
"deno","DENO-CHECK","type-check a bundle/project","isolated-worker","none supported; not available as a supported provider surface; none; effect-build calls provider. Family: local/remote isolated worker used specifically for host or fault isolation","provider pin/license: Deno 2.9.3 @ f39575ecd50602a5b42b1ba8e93849460de9fcf4; MIT; evidence class/support promise: local/remote worker adds no semantics beyond an explicit Deno sidecar or selected command; effect-build-owned adapter/prototype license: MIT where applicable, otherwise not applicable","would require effect-build to own an unsupported engine/ABI or substitute semantics","no supported faithful request/result boundary","unproven","unproven; operation invariant: diagnostics and success/failure, not declaration files","would require new native/source distribution","unsupported coupling","remote build infrastructure is outside scope and local isolation is already a child","workspace/security/transport/outcome-unknown states","Reuse Effect Scope for owned handles/children, ChildProcess for selected processes, FileSystem/Path for explicit mutation, Stream only for a real typed event source, Layer for selection and dependency provision, and preserve Cause interruption.","bounded negative / reject for this operation","high","Deno bundle/mod.rs:306-395 @ f39575e"
"deno","DENO-CHECK","type-check a bundle/project","upstream-contribution","future stable Rust API or machine service/context; Deno-owned; versioned protocol/library and typed event stream; effect-build calls provider. Family: missing supported protocol/library/cancellation/event surface proposed upstream","provider pin/license: Deno 2.9.3 @ f39575ecd50602a5b42b1ba8e93849460de9fcf4; MIT; evidence class/support promise: hypothetical; plugin request 32157 is unaccepted; effect-build-owned adapter/prototype license: MIT where applicable, otherwise not applicable","must expose runtime/helper/config/permission/target identities","structured outputs/plugins/check/declarations according to explicit capabilities","needs rebuild/cancel/dispose and acquisition outcome laws","must distinguish bytes/direct write/standalone publication; operation invariant: diagnostics and success/failure, not declaration files","upstream-owned platform artifacts","stable version/capability contract","would change bounded negatives","moves private CLI coupling upstream","Reuse Effect Scope for owned handles/children, ChildProcess for selected processes, FileSystem/Path for explicit mutation, Stream only for a real typed event source, Layer for selection and dependency provision, and preserve Cause interruption.","upstream-dependent","high","Deno bundle/mod.rs:306-395 @ f39575e"
"deno","DENO-DECLARATIONS","emit declarations while transpiling","direct-host-api","experimental Deno.bundle function; Deno isolate -> Rust op -> fresh OS thread/current-thread Tokio -> esbuild 0.25.5 service child per call; direct runtime op then internal framed stdio to esbuild; effect-build calls provider. Family: official function, callback, or scoped handle in the provider's supported host","provider pin/license: Deno 2.9.3 @ f39575ecd50602a5b42b1ba8e93849460de9fcf4; MIT; evidence class/support promise: documented public experimental Deno 2.9.3 API requiring unstable bundle, MIT; effect-build-owned adapter/prototype license: MIT where applicable, otherwise not applicable","ambient Deno launch flags/cwd/config/permissions are cloned; private provider selects esbuild helper","structured output bytes; no public plugins, virtual map, check/declarations, watch, or session","one-shot call; no public cancel/context and inner child is recreated","structured bytes or provider-direct writes; operation invariant: provider-direct declaration/source-map output set","requires Deno host; may acquire internal esbuild package","experimental API and hidden helper identity","does not implement the exact stdout command-stream contract and cannot implement compile/check/declarations/session semantics","low caller code but hidden thread/child/acquisition and no cancellation","Reuse Effect Scope for owned handles/children, ChildProcess for selected processes, FileSystem/Path for explicit mutation, Stream only for a real typed event source, Layer for selection and dependency provision, and preserve Cause interruption.","bounded negative / reject for this operation","high","Deno transpile.rs:236-331 @ f39575e"
"deno","DENO-DECLARATIONS","emit declarations while transpiling","selected-command","command/config/project; selected local Deno child; bundle may spawn esbuild; compile may acquire denort; argv, terminal streams, filesystem/network/cache; effect-build calls provider. Family: one-shot or scoped provider command with native argv/project/process semantics","provider pin/license: Deno 2.9.3 @ f39575ecd50602a5b42b1ba8e93849460de9fcf4; MIT; evidence class/support promise: documented public Deno 2.9.3 CLI; bundle/transpile and compile --bundle are experimental where marked, MIT; effect-build-owned adapter/prototype license: MIT where applicable, otherwise not applicable","explicit/PATH selected Deno owns config/import-map/lock/permissions/env/targets and acquisition","highest native project authority; terminal diagnostics not stable typed events","one-shot or raw watch process; Effect owns child scope only","stdout/direct files; effect-build compile adds private staging and atomic publication; operation invariant: provider-direct declaration/source-map output set","Deno plus denort/esbuild acquisition/caches according to operation","probe exact path/version/capability; selected Deno and denort must align","only truthful current compile/check/declaration/watch mechanism","reuses process/file capabilities; cache/network mutation remains provider-owned","Reuse Effect Scope for owned handles/children, ChildProcess for selected processes, FileSystem/Path for explicit mutation, Stream only for a real typed event source, Layer for selection and dependency provision, and preserve Cause interruption.","viable now","high","Deno transpile.rs:236-331 @ f39575e"
"deno","DENO-DECLARATIONS","emit declarations while transpiling","official-language-library","Rust deno_ast functions; caller Rust process; direct Rust calls; effect-build calls provider. Family: official Go or Rust library API outside the TypeScript host","provider pin/license: Deno 2.9.3 @ f39575ecd50602a5b42b1ba8e93849460de9fcf4; MIT; evidence class/support promise: Deno-owned deno_ast 0.53.3, MIT, explicit non-SemVer support posture; effect-build-owned adapter/prototype license: MIT where applicable, otherwise not applicable","Rust dependency selects parser/transpiler; caller must supply options","pure per-file parse/transpile only; no project graph/config/import map/permissions/check/declarations","one-shot Rust values","in-memory transformed source; operation invariant: provider-direct declaration/source-map output set","Rust toolchain and native dependencies","exact crate coupling","the inventoried DENO-TRANSPILE operation retains Deno project authority; deno_ast does not","new Rust bridge/toolchain for a deliberately narrower product","Reuse Effect Scope for owned handles/children, ChildProcess for selected processes, FileSystem/Path for explicit mutation, Stream only for a real typed event source, Layer for selection and dependency provision, and preserve Cause interruption.","bounded negative / reject for this operation","medium-high","Deno transpile.rs:236-331 @ f39575e"
"deno","DENO-DECLARATIONS","emit declarations while transpiling","native-bridge","none supported; not available as a supported provider surface; none; effect-build calls provider. Family: supported or owned C/C++/N-API/FFI bridge","provider pin/license: Deno 2.9.3 @ f39575ecd50602a5b42b1ba8e93849460de9fcf4; MIT; evidence class/support promise: no supported Deno bundle/compile C ABI, N-API, or FFI surface found at v2.9.3; effect-build-owned adapter/prototype license: MIT where applicable, otherwise not applicable","would require effect-build to own an unsupported engine/ABI or substitute semantics","no supported faithful request/result boundary","unproven","unproven; operation invariant: provider-direct declaration/source-map output set","would require new native/source distribution","unsupported coupling","a bridge over private CLI crates would inherit exact-source/V8 coupling","native V8 and per-platform bridge distribution","Reuse Effect Scope for owned handles/children, ChildProcess for selected processes, FileSystem/Path for explicit mutation, Stream only for a real typed event source, Layer for selection and dependency provision, and preserve Cause interruption.","bounded negative / reject for this operation","high","Deno transpile.rs:236-331 @ f39575e"
"deno","DENO-DECLARATIONS","emit declarations while transpiling","embedded-engine","none supported; not available as a supported provider surface; none; effect-build calls provider. Family: linked or vendored upstream compiler/runtime core","provider pin/license: Deno 2.9.3 @ f39575ecd50602a5b42b1ba8e93849460de9fcf4; MIT; evidence class/support promise: deno_core 0.408.0 and deno_runtime 0.263.0 are runtime embedding products; private CLI bundle/compile modules are highly unstable; effect-build-owned adapter/prototype license: MIT where applicable, otherwise not applicable","would require effect-build to own an unsupported engine/ABI or substitute semantics","no supported faithful request/result boundary","unproven","unproven; operation invariant: provider-direct declaration/source-map output set","would require new native/source distribution","unsupported coupling","they do not expose Deno's required bundle/check/compile operations; deno_bundle_runtime asks the embedder to provide an engine","exact workspace/V8/source lockstep, broad resolver/runtime graph, maintained fork","Reuse Effect Scope for owned handles/children, ChildProcess for selected processes, FileSystem/Path for explicit mutation, Stream only for a real typed event source, Layer for selection and dependency provision, and preserve Cause interruption.","bounded negative / reject for this operation","high","Deno transpile.rs:236-331 @ f39575e"
"deno","DENO-DECLARATIONS","emit declarations while transpiling","runtime-hosted-sidecar","framed request/result; selected Deno child calls public runtime API; effect-build-owned framed pipe/socket protocol; effect-build calls provider. Family: provider-native public API behind an effect-build-owned framed protocol","provider pin/license: Deno 2.9.3 @ f39575ecd50602a5b42b1ba8e93849460de9fcf4; MIT; evidence class/support promise: effect-build-owned design over experimental Deno APIs; no upstream machine protocol; effect-build-owned adapter/prototype license: MIT where applicable, otherwise not applicable","explicit Deno version/path/capabilities plus explicit cwd/config/import-map/lock/permissions","structured serializable bytes/options; no callbacks/session/check/declarations beyond public API","process can persist, but each Deno.bundle call still creates a thread and esbuild child","bytes cross with copies; direct-write mode mutates provider filesystem; operation invariant: provider-direct declaration/source-map output set","Deno binary plus server source","exact protocol/runtime/capability handshake","Deno exposes no public project-transpile runtime API; compile/transpile sidecars would merely wrap CLI, and persistence does not reuse the inner engine","adds protocol/process while preserving only a narrow experimental gain","Reuse Effect Scope for owned handles/children, ChildProcess for selected processes, FileSystem/Path for explicit mutation, Stream only for a real typed event source, Layer for selection and dependency provision, and preserve Cause interruption.","bounded negative / reject for this operation","medium","Deno transpile.rs:236-331 @ f39575e"
"deno","DENO-DECLARATIONS","emit declarations while transpiling","persistent-session","none supported; not available as a supported provider surface; none; effect-build calls provider. Family: versioned daemon/service session with lifetime-bound handles","provider pin/license: Deno 2.9.3 @ f39575ecd50602a5b42b1ba8e93849460de9fcf4; MIT; evidence class/support promise: Deno.bundle exposes no reusable handle and recreates its inner service; CLI watch's context is private; effect-build-owned adapter/prototype license: MIT where applicable, otherwise not applicable","would require effect-build to own an unsupported engine/ABI or substitute semantics","no supported faithful request/result boundary","unproven","unproven; operation invariant: provider-direct declaration/source-map output set","would require new native/source distribution","unsupported coupling","a daemon cannot truthfully claim incremental state for the public API","session IDs/backpressure/crash/idle state without reusable provider state","Reuse Effect Scope for owned handles/children, ChildProcess for selected processes, FileSystem/Path for explicit mutation, Stream only for a real typed event source, Layer for selection and dependency provision, and preserve Cause interruption.","bounded negative / reject for this operation","high","Deno transpile.rs:236-331 @ f39575e"
"deno","DENO-DECLARATIONS","emit declarations while transpiling","wasm-worker","none supported; not available as a supported provider surface; none; effect-build calls provider. Family: supported WebAssembly, WASI, or provider worker boundary","provider pin/license: Deno 2.9.3 @ f39575ecd50602a5b42b1ba8e93849460de9fcf4; MIT; evidence class/support promise: no supported Deno CLI bundle/compile WASM/WASI engine surface found at v2.9.3; effect-build-owned adapter/prototype license: MIT where applicable, otherwise not applicable","would require effect-build to own an unsupported engine/ABI or substitute semantics","no supported faithful request/result boundary","unproven","unproven; operation invariant: provider-direct declaration/source-map output set","would require new native/source distribution","unsupported coupling","deno_core/deno_runtime embedding and esbuild helper are not a portable Deno build API","V8/runtime/permissions/filesystem capability loss","Reuse Effect Scope for owned handles/children, ChildProcess for selected processes, FileSystem/Path for explicit mutation, Stream only for a real typed event source, Layer for selection and dependency provision, and preserve Cause interruption.","bounded negative / reject for this operation","high","Deno transpile.rs:236-331 @ f39575e"
"deno","DENO-DECLARATIONS","emit declarations while transpiling","inverted-plugin","none supported; not available as a supported provider surface; none; effect-build calls provider. Family: provider owns execution and calls effect-build-controlled hooks/modules","provider pin/license: Deno 2.9.3 @ f39575ecd50602a5b42b1ba8e93849460de9fcf4; MIT; evidence class/support promise: deno_bundle_runtime exposes a BundleProvider hook, but the embedder must supply a different engine; Deno's CliBundleProvider is private; effect-build-owned adapter/prototype license: MIT where applicable, otherwise not applicable","would require effect-build to own an unsupported engine/ABI or substitute semantics","no supported faithful request/result boundary","unproven","unproven; operation invariant: provider-direct declaration/source-map output set","would require new native/source distribution","unsupported coupling","does not expose Deno's own bundler or preserve its project semantics","would substitute an engine and duplicate Deno resolution/config logic","Reuse Effect Scope for owned handles/children, ChildProcess for selected processes, FileSystem/Path for explicit mutation, Stream only for a real typed event source, Layer for selection and dependency provision, and preserve Cause interruption.","bounded negative / reject for this operation","high","Deno transpile.rs:236-331 @ f39575e"
"deno","DENO-DECLARATIONS","emit declarations while transpiling","declarative-artifact","deno.json/workspace/import map/lock plus command; selected Deno consumes canonical project files; filesystem/project handoff; effect-build calls provider. Family: stable config, manifest, project, or intermediate artifact handoff","provider pin/license: Deno 2.9.3 @ f39575ecd50602a5b42b1ba8e93849460de9fcf4; MIT; evidence class/support promise: documented public Deno project/config surface; effect-build-owned adapter/prototype license: MIT where applicable, otherwise not applicable","project files and permission flags remain canonical rather than flattened into generic options","preserves scopes/imports/locks/compile includes; does not itself execute","durable project state consumed per command","configuration only; private eszip/standalone formats are not stable interchange; operation invariant: provider-direct declaration/source-map output set","ordinary source/project artifacts","Deno config schema/version","config alone does not execute bundle/check/declaration/compile/acquisition operations","reduces duplicated normalization when kept native","Reuse Effect Scope for owned handles/children, ChildProcess for selected processes, FileSystem/Path for explicit mutation, Stream only for a real typed event source, Layer for selection and dependency provision, and preserve Cause interruption.","bounded negative / reject for this operation","high","Deno transpile.rs:236-331 @ f39575e"
"deno","DENO-DECLARATIONS","emit declarations while transpiling","isolated-worker","none supported; not available as a supported provider surface; none; effect-build calls provider. Family: local/remote isolated worker used specifically for host or fault isolation","provider pin/license: Deno 2.9.3 @ f39575ecd50602a5b42b1ba8e93849460de9fcf4; MIT; evidence class/support promise: local/remote worker adds no semantics beyond an explicit Deno sidecar or selected command; effect-build-owned adapter/prototype license: MIT where applicable, otherwise not applicable","would require effect-build to own an unsupported engine/ABI or substitute semantics","no supported faithful request/result boundary","unproven","unproven; operation invariant: provider-direct declaration/source-map output set","would require new native/source distribution","unsupported coupling","remote build infrastructure is outside scope and local isolation is already a child","workspace/security/transport/outcome-unknown states","Reuse Effect Scope for owned handles/children, ChildProcess for selected processes, FileSystem/Path for explicit mutation, Stream only for a real typed event source, Layer for selection and dependency provision, and preserve Cause interruption.","bounded negative / reject for this operation","high","Deno transpile.rs:236-331 @ f39575e"
"deno","DENO-DECLARATIONS","emit declarations while transpiling","upstream-contribution","future stable Rust API or machine service/context; Deno-owned; versioned protocol/library and typed event stream; effect-build calls provider. Family: missing supported protocol/library/cancellation/event surface proposed upstream","provider pin/license: Deno 2.9.3 @ f39575ecd50602a5b42b1ba8e93849460de9fcf4; MIT; evidence class/support promise: hypothetical; plugin request 32157 is unaccepted; effect-build-owned adapter/prototype license: MIT where applicable, otherwise not applicable","must expose runtime/helper/config/permission/target identities","structured outputs/plugins/check/declarations according to explicit capabilities","needs rebuild/cancel/dispose and acquisition outcome laws","must distinguish bytes/direct write/standalone publication; operation invariant: provider-direct declaration/source-map output set","upstream-owned platform artifacts","stable version/capability contract","would change bounded negatives","moves private CLI coupling upstream","Reuse Effect Scope for owned handles/children, ChildProcess for selected processes, FileSystem/Path for explicit mutation, Stream only for a real typed event source, Layer for selection and dependency provision, and preserve Cause interruption.","upstream-dependent","high","Deno transpile.rs:236-331 @ f39575e"
"deno","DENO-PROJECT-AUTHORITY","deno.json/workspace/import-map/lock/environment/permissions","direct-host-api","experimental Deno.bundle function; Deno isolate -> Rust op -> fresh OS thread/current-thread Tokio -> esbuild 0.25.5 service child per call; direct runtime op then internal framed stdio to esbuild; effect-build calls provider. Family: official function, callback, or scoped handle in the provider's supported host","provider pin/license: Deno 2.9.3 @ f39575ecd50602a5b42b1ba8e93849460de9fcf4; MIT; evidence class/support promise: documented public experimental Deno 2.9.3 API requiring unstable bundle, MIT; effect-build-owned adapter/prototype license: MIT where applicable, otherwise not applicable","ambient Deno launch flags/cwd/config/permissions are cloned; private provider selects esbuild helper","structured output bytes; no public plugins, virtual map, check/declarations, watch, or session","one-shot call; no public cancel/context and inner child is recreated","structured bytes or provider-direct writes","requires Deno host; may acquire internal esbuild package","experimental API and hidden helper identity","structured experimental bundle inside a Deno host","low caller code but hidden thread/child/acquisition and no cancellation","Reuse Effect Scope for owned handles/children, ChildProcess for selected processes, FileSystem/Path for explicit mutation, Stream only for a real typed event source, Layer for selection and dependency provision, and preserve Cause interruption.","viable only as experimental host-restricted operation","high","Deno exact CLI flags/config source @ f39575e"
"deno","DENO-PROJECT-AUTHORITY","deno.json/workspace/import-map/lock/environment/permissions","selected-command","command/config/project; selected local Deno child; bundle may spawn esbuild; compile may acquire denort; argv, terminal streams, filesystem/network/cache; effect-build calls provider. Family: one-shot or scoped provider command with native argv/project/process semantics","provider pin/license: Deno 2.9.3 @ f39575ecd50602a5b42b1ba8e93849460de9fcf4; MIT; evidence class/support promise: documented public Deno 2.9.3 CLI; bundle/transpile and compile --bundle are experimental where marked, MIT; effect-build-owned adapter/prototype license: MIT where applicable, otherwise not applicable","explicit/PATH selected Deno owns config/import-map/lock/permissions/env/targets and acquisition","highest native project authority; terminal diagnostics not stable typed events","one-shot or raw watch process; Effect owns child scope only","stdout/direct files; effect-build compile adds private staging and atomic publication","Deno plus denort/esbuild acquisition/caches according to operation","probe exact path/version/capability; selected Deno and denort must align","only truthful current compile/check/declaration/watch mechanism","reuses process/file capabilities; cache/network mutation remains provider-owned","Reuse Effect Scope for owned handles/children, ChildProcess for selected processes, FileSystem/Path for explicit mutation, Stream only for a real typed event source, Layer for selection and dependency provision, and preserve Cause interruption.","viable now","high","Deno exact CLI flags/config source @ f39575e"
"deno","DENO-PROJECT-AUTHORITY","deno.json/workspace/import-map/lock/environment/permissions","official-language-library","Rust deno_ast functions; caller Rust process; direct Rust calls; effect-build calls provider. Family: official Go or Rust library API outside the TypeScript host","provider pin/license: Deno 2.9.3 @ f39575ecd50602a5b42b1ba8e93849460de9fcf4; MIT; evidence class/support promise: Deno-owned deno_ast 0.53.3, MIT, explicit non-SemVer support posture; effect-build-owned adapter/prototype license: MIT where applicable, otherwise not applicable","Rust dependency selects parser/transpiler; caller must supply options","pure per-file parse/transpile only; no project graph/config/import map/permissions/check/declarations","one-shot Rust values","in-memory transformed source","Rust toolchain and native dependencies","exact crate coupling","the inventoried DENO-TRANSPILE operation retains Deno project authority; deno_ast does not","new Rust bridge/toolchain for a deliberately narrower product","Reuse Effect Scope for owned handles/children, ChildProcess for selected processes, FileSystem/Path for explicit mutation, Stream only for a real typed event source, Layer for selection and dependency provision, and preserve Cause interruption.","bounded negative / reject for this operation","medium-high","Deno exact CLI flags/config source @ f39575e"
"deno","DENO-PROJECT-AUTHORITY","deno.json/workspace/import-map/lock/environment/permissions","native-bridge","none supported; not available as a supported provider surface; none; effect-build calls provider. Family: supported or owned C/C++/N-API/FFI bridge","provider pin/license: Deno 2.9.3 @ f39575ecd50602a5b42b1ba8e93849460de9fcf4; MIT; evidence class/support promise: no supported Deno bundle/compile C ABI, N-API, or FFI surface found at v2.9.3; effect-build-owned adapter/prototype license: MIT where applicable, otherwise not applicable","would require effect-build to own an unsupported engine/ABI or substitute semantics","no supported faithful request/result boundary","unproven","unproven","would require new native/source distribution","unsupported coupling","a bridge over private CLI crates would inherit exact-source/V8 coupling","native V8 and per-platform bridge distribution","Reuse Effect Scope for owned handles/children, ChildProcess for selected processes, FileSystem/Path for explicit mutation, Stream only for a real typed event source, Layer for selection and dependency provision, and preserve Cause interruption.","bounded negative / reject for this operation","high","Deno exact CLI flags/config source @ f39575e"
"deno","DENO-PROJECT-AUTHORITY","deno.json/workspace/import-map/lock/environment/permissions","embedded-engine","none supported; not available as a supported provider surface; none; effect-build calls provider. Family: linked or vendored upstream compiler/runtime core","provider pin/license: Deno 2.9.3 @ f39575ecd50602a5b42b1ba8e93849460de9fcf4; MIT; evidence class/support promise: deno_core 0.408.0 and deno_runtime 0.263.0 are runtime embedding products; private CLI bundle/compile modules are highly unstable; effect-build-owned adapter/prototype license: MIT where applicable, otherwise not applicable","would require effect-build to own an unsupported engine/ABI or substitute semantics","no supported faithful request/result boundary","unproven","unproven","would require new native/source distribution","unsupported coupling","they do not expose Deno's required bundle/check/compile operations; deno_bundle_runtime asks the embedder to provide an engine","exact workspace/V8/source lockstep, broad resolver/runtime graph, maintained fork","Reuse Effect Scope for owned handles/children, ChildProcess for selected processes, FileSystem/Path for explicit mutation, Stream only for a real typed event source, Layer for selection and dependency provision, and preserve Cause interruption.","bounded negative / reject for this operation","high","Deno exact CLI flags/config source @ f39575e"
"deno","DENO-PROJECT-AUTHORITY","deno.json/workspace/import-map/lock/environment/permissions","runtime-hosted-sidecar","framed request/result; selected Deno child calls public runtime API; effect-build-owned framed pipe/socket protocol; effect-build calls provider. Family: provider-native public API behind an effect-build-owned framed protocol","provider pin/license: Deno 2.9.3 @ f39575ecd50602a5b42b1ba8e93849460de9fcf4; MIT; evidence class/support promise: effect-build-owned design over experimental Deno APIs; no upstream machine protocol; effect-build-owned adapter/prototype license: MIT where applicable, otherwise not applicable","explicit Deno version/path/capabilities plus explicit cwd/config/import-map/lock/permissions","structured serializable bytes/options; no callbacks/session/check/declarations beyond public API","process can persist, but each Deno.bundle call still creates a thread and esbuild child","bytes cross with copies; direct-write mode mutates provider filesystem","Deno binary plus server source","exact protocol/runtime/capability handshake","Deno exposes no public project-transpile runtime API; compile/transpile sidecars would merely wrap CLI, and persistence does not reuse the inner engine","adds protocol/process while preserving only a narrow experimental gain","Reuse Effect Scope for owned handles/children, ChildProcess for selected processes, FileSystem/Path for explicit mutation, Stream only for a real typed event source, Layer for selection and dependency provision, and preserve Cause interruption.","bounded negative / reject for this operation","medium","Deno exact CLI flags/config source @ f39575e"
"deno","DENO-PROJECT-AUTHORITY","deno.json/workspace/import-map/lock/environment/permissions","persistent-session","none supported; not available as a supported provider surface; none; effect-build calls provider. Family: versioned daemon/service session with lifetime-bound handles","provider pin/license: Deno 2.9.3 @ f39575ecd50602a5b42b1ba8e93849460de9fcf4; MIT; evidence class/support promise: Deno.bundle exposes no reusable handle and recreates its inner service; CLI watch's context is private; effect-build-owned adapter/prototype license: MIT where applicable, otherwise not applicable","would require effect-build to own an unsupported engine/ABI or substitute semantics","no supported faithful request/result boundary","unproven","unproven","would require new native/source distribution","unsupported coupling","a daemon cannot truthfully claim incremental state for the public API","session IDs/backpressure/crash/idle state without reusable provider state","Reuse Effect Scope for owned handles/children, ChildProcess for selected processes, FileSystem/Path for explicit mutation, Stream only for a real typed event source, Layer for selection and dependency provision, and preserve Cause interruption.","bounded negative / reject for this operation","high","Deno exact CLI flags/config source @ f39575e"
"deno","DENO-PROJECT-AUTHORITY","deno.json/workspace/import-map/lock/environment/permissions","wasm-worker","none supported; not available as a supported provider surface; none; effect-build calls provider. Family: supported WebAssembly, WASI, or provider worker boundary","provider pin/license: Deno 2.9.3 @ f39575ecd50602a5b42b1ba8e93849460de9fcf4; MIT; evidence class/support promise: no supported Deno CLI bundle/compile WASM/WASI engine surface found at v2.9.3; effect-build-owned adapter/prototype license: MIT where applicable, otherwise not applicable","would require effect-build to own an unsupported engine/ABI or substitute semantics","no supported faithful request/result boundary","unproven","unproven","would require new native/source distribution","unsupported coupling","deno_core/deno_runtime embedding and esbuild helper are not a portable Deno build API","V8/runtime/permissions/filesystem capability loss","Reuse Effect Scope for owned handles/children, ChildProcess for selected processes, FileSystem/Path for explicit mutation, Stream only for a real typed event source, Layer for selection and dependency provision, and preserve Cause interruption.","bounded negative / reject for this operation","high","Deno exact CLI flags/config source @ f39575e"
"deno","DENO-PROJECT-AUTHORITY","deno.json/workspace/import-map/lock/environment/permissions","inverted-plugin","none supported; not available as a supported provider surface; none; effect-build calls provider. Family: provider owns execution and calls effect-build-controlled hooks/modules","provider pin/license: Deno 2.9.3 @ f39575ecd50602a5b42b1ba8e93849460de9fcf4; MIT; evidence class/support promise: deno_bundle_runtime exposes a BundleProvider hook, but the embedder must supply a different engine; Deno's CliBundleProvider is private; effect-build-owned adapter/prototype license: MIT where applicable, otherwise not applicable","would require effect-build to own an unsupported engine/ABI or substitute semantics","no supported faithful request/result boundary","unproven","unproven","would require new native/source distribution","unsupported coupling","does not expose Deno's own bundler or preserve its project semantics","would substitute an engine and duplicate Deno resolution/config logic","Reuse Effect Scope for owned handles/children, ChildProcess for selected processes, FileSystem/Path for explicit mutation, Stream only for a real typed event source, Layer for selection and dependency provision, and preserve Cause interruption.","bounded negative / reject for this operation","high","Deno exact CLI flags/config source @ f39575e"
"deno","DENO-PROJECT-AUTHORITY","deno.json/workspace/import-map/lock/environment/permissions","declarative-artifact","deno.json/workspace/import map/lock plus command; selected Deno consumes canonical project files; filesystem/project handoff; effect-build calls provider. Family: stable config, manifest, project, or intermediate artifact handoff","provider pin/license: Deno 2.9.3 @ f39575ecd50602a5b42b1ba8e93849460de9fcf4; MIT; evidence class/support promise: documented public Deno project/config surface; effect-build-owned adapter/prototype license: MIT where applicable, otherwise not applicable","project files and permission flags remain canonical rather than flattened into generic options","preserves scopes/imports/locks/compile includes; does not itself execute","durable project state consumed per command","configuration only; private eszip/standalone formats are not stable interchange","ordinary source/project artifacts","Deno config schema/version","required adjunct for the exact project-authority operation","reduces duplicated normalization when kept native","Reuse Effect Scope for owned handles/children, ChildProcess for selected processes, FileSystem/Path for explicit mutation, Stream only for a real typed event source, Layer for selection and dependency provision, and preserve Cause interruption.","viable adjunct, not a standalone operation mechanism; adjunct only, not a standalone route","high","Deno exact CLI flags/config source @ f39575e"
"deno","DENO-PROJECT-AUTHORITY","deno.json/workspace/import-map/lock/environment/permissions","isolated-worker","none supported; not available as a supported provider surface; none; effect-build calls provider. Family: local/remote isolated worker used specifically for host or fault isolation","provider pin/license: Deno 2.9.3 @ f39575ecd50602a5b42b1ba8e93849460de9fcf4; MIT; evidence class/support promise: local/remote worker adds no semantics beyond an explicit Deno sidecar or selected command; effect-build-owned adapter/prototype license: MIT where applicable, otherwise not applicable","would require effect-build to own an unsupported engine/ABI or substitute semantics","no supported faithful request/result boundary","unproven","unproven","would require new native/source distribution","unsupported coupling","remote build infrastructure is outside scope and local isolation is already a child","workspace/security/transport/outcome-unknown states","Reuse Effect Scope for owned handles/children, ChildProcess for selected processes, FileSystem/Path for explicit mutation, Stream only for a real typed event source, Layer for selection and dependency provision, and preserve Cause interruption.","bounded negative / reject for this operation","high","Deno exact CLI flags/config source @ f39575e"
"deno","DENO-PROJECT-AUTHORITY","deno.json/workspace/import-map/lock/environment/permissions","upstream-contribution","future stable Rust API or machine service/context; Deno-owned; versioned protocol/library and typed event stream; effect-build calls provider. Family: missing supported protocol/library/cancellation/event surface proposed upstream","provider pin/license: Deno 2.9.3 @ f39575ecd50602a5b42b1ba8e93849460de9fcf4; MIT; evidence class/support promise: hypothetical; plugin request 32157 is unaccepted; effect-build-owned adapter/prototype license: MIT where applicable, otherwise not applicable","must expose runtime/helper/config/permission/target identities","structured outputs/plugins/check/declarations according to explicit capabilities","needs rebuild/cancel/dispose and acquisition outcome laws","must distinguish bytes/direct write/standalone publication","upstream-owned platform artifacts","stable version/capability contract","would change bounded negatives","moves private CLI coupling upstream","Reuse Effect Scope for owned handles/children, ChildProcess for selected processes, FileSystem/Path for explicit mutation, Stream only for a real typed event source, Layer for selection and dependency provision, and preserve Cause interruption.","upstream-dependent","high","Deno exact CLI flags/config source @ f39575e"
"deno","DENO-COMPILE-SCALAR","compile one executable","direct-host-api","experimental Deno.bundle function; Deno isolate -> Rust op -> fresh OS thread/current-thread Tokio -> esbuild 0.25.5 service child per call; direct runtime op then internal framed stdio to esbuild; effect-build calls provider. Family: official function, callback, or scoped handle in the provider's supported host","provider pin/license: Deno 2.9.3 @ f39575ecd50602a5b42b1ba8e93849460de9fcf4; MIT; evidence class/support promise: documented public experimental Deno 2.9.3 API requiring unstable bundle, MIT; effect-build-owned adapter/prototype license: MIT where applicable, otherwise not applicable","ambient Deno launch flags/cwd/config/permissions are cloned; private provider selects esbuild helper","structured output bytes; no public plugins, virtual map, check/declarations, watch, or session","one-shot call; no public cancel/context and inner child is recreated; operation invariant: one owned invocation and one private candidate must remain scoped until validation or cleanup; provider acquisition/cache effects may outlive failure","structured bytes or provider-direct writes; operation invariant: one validated atomic-published executable; provider cache mutation may survive","requires Deno host; may acquire internal esbuild package","experimental API and hidden helper identity","does not implement the exact stdout command-stream contract and cannot implement compile/check/declarations/session semantics","low caller code but hidden thread/child/acquisition and no cancellation","Reuse Effect Scope for owned handles/children, ChildProcess for selected processes, FileSystem/Path for explicit mutation, Stream only for a real typed event source, Layer for selection and dependency provision, and preserve Cause interruption.","bounded negative / reject for this operation","high","Adapter.ts:168-205; compile.rs:189-218,713-799; CompilerEngine.ts:386-457; SURFACE.json"
"deno","DENO-COMPILE-SCALAR","compile one executable","selected-command","command/config/project; selected local Deno child; bundle may spawn esbuild; compile may acquire denort; argv, terminal streams, filesystem/network/cache; effect-build calls provider. Family: one-shot or scoped provider command with native argv/project/process semantics","provider pin/license: Deno 2.9.3 @ f39575ecd50602a5b42b1ba8e93849460de9fcf4; MIT; evidence class/support promise: documented public Deno 2.9.3 CLI; bundle/transpile and compile --bundle are experimental where marked, MIT; effect-build-owned adapter/prototype license: MIT where applicable, otherwise not applicable","explicit/PATH selected Deno owns config/import-map/lock/permissions/env/targets and acquisition","highest native project authority; terminal diagnostics not stable typed events","one-shot or raw watch process; Effect owns child scope only; operation invariant: one owned invocation and one private candidate must remain scoped until validation or cleanup; provider acquisition/cache effects may outlive failure","stdout/direct files; effect-build compile adds private staging and atomic publication; operation invariant: one validated atomic-published executable; provider cache mutation may survive","Deno plus denort/esbuild acquisition/caches according to operation","probe exact path/version/capability; selected Deno and denort must align","only truthful current compile/check/declaration/watch mechanism","reuses process/file capabilities; cache/network mutation remains provider-owned","Reuse Effect Scope for owned handles/children, ChildProcess for selected processes, FileSystem/Path for explicit mutation, Stream only for a real typed event source, Layer for selection and dependency provision, and preserve Cause interruption.","viable now","high","Adapter.ts:168-205; compile.rs:189-218,713-799; CompilerEngine.ts:386-457; SURFACE.json"
"deno","DENO-COMPILE-SCALAR","compile one executable","official-language-library","Rust deno_ast functions; caller Rust process; direct Rust calls; effect-build calls provider. Family: official Go or Rust library API outside the TypeScript host","provider pin/license: Deno 2.9.3 @ f39575ecd50602a5b42b1ba8e93849460de9fcf4; MIT; evidence class/support promise: Deno-owned deno_ast 0.53.3, MIT, explicit non-SemVer support posture; effect-build-owned adapter/prototype license: MIT where applicable, otherwise not applicable","Rust dependency selects parser/transpiler; caller must supply options","pure per-file parse/transpile only; no project graph/config/import map/permissions/check/declarations","one-shot Rust values; operation invariant: one owned invocation and one private candidate must remain scoped until validation or cleanup; provider acquisition/cache effects may outlive failure","in-memory transformed source; operation invariant: one validated atomic-published executable; provider cache mutation may survive","Rust toolchain and native dependencies","exact crate coupling","the inventoried DENO-TRANSPILE operation retains Deno project authority; deno_ast does not","new Rust bridge/toolchain for a deliberately narrower product","Reuse Effect Scope for owned handles/children, ChildProcess for selected processes, FileSystem/Path for explicit mutation, Stream only for a real typed event source, Layer for selection and dependency provision, and preserve Cause interruption.","bounded negative / reject for this operation","medium-high","Adapter.ts:168-205; compile.rs:189-218,713-799; CompilerEngine.ts:386-457; SURFACE.json"
"deno","DENO-COMPILE-SCALAR","compile one executable","native-bridge","none supported; not available as a supported provider surface; none; effect-build calls provider. Family: supported or owned C/C++/N-API/FFI bridge","provider pin/license: Deno 2.9.3 @ f39575ecd50602a5b42b1ba8e93849460de9fcf4; MIT; evidence class/support promise: no supported Deno bundle/compile C ABI, N-API, or FFI surface found at v2.9.3; effect-build-owned adapter/prototype license: MIT where applicable, otherwise not applicable","would require effect-build to own an unsupported engine/ABI or substitute semantics","no supported faithful request/result boundary","unproven; operation invariant: one owned invocation and one private candidate must remain scoped until validation or cleanup; provider acquisition/cache effects may outlive failure","unproven; operation invariant: one validated atomic-published executable; provider cache mutation may survive","would require new native/source distribution","unsupported coupling","a bridge over private CLI crates would inherit exact-source/V8 coupling","native V8 and per-platform bridge distribution","Reuse Effect Scope for owned handles/children, ChildProcess for selected processes, FileSystem/Path for explicit mutation, Stream only for a real typed event source, Layer for selection and dependency provision, and preserve Cause interruption.","bounded negative / reject for this operation","high","Adapter.ts:168-205; compile.rs:189-218,713-799; CompilerEngine.ts:386-457; SURFACE.json"
"deno","DENO-COMPILE-SCALAR","compile one executable","embedded-engine","none supported; not available as a supported provider surface; none; effect-build calls provider. Family: linked or vendored upstream compiler/runtime core","provider pin/license: Deno 2.9.3 @ f39575ecd50602a5b42b1ba8e93849460de9fcf4; MIT; evidence class/support promise: deno_core 0.408.0 and deno_runtime 0.263.0 are runtime embedding products; private CLI bundle/compile modules are highly unstable; effect-build-owned adapter/prototype license: MIT where applicable, otherwise not applicable","would require effect-build to own an unsupported engine/ABI or substitute semantics","no supported faithful request/result boundary","unproven; operation invariant: one owned invocation and one private candidate must remain scoped until validation or cleanup; provider acquisition/cache effects may outlive failure","unproven; operation invariant: one validated atomic-published executable; provider cache mutation may survive","would require new native/source distribution","unsupported coupling","they do not expose Deno's required bundle/check/compile operations; deno_bundle_runtime asks the embedder to provide an engine","exact workspace/V8/source lockstep, broad resolver/runtime graph, maintained fork","Reuse Effect Scope for owned handles/children, ChildProcess for selected processes, FileSystem/Path for explicit mutation, Stream only for a real typed event source, Layer for selection and dependency provision, and preserve Cause interruption.","bounded negative / reject for this operation","high","Adapter.ts:168-205; compile.rs:189-218,713-799; CompilerEngine.ts:386-457; SURFACE.json"
"deno","DENO-COMPILE-SCALAR","compile one executable","runtime-hosted-sidecar","framed request/result; selected Deno child calls public runtime API; effect-build-owned framed pipe/socket protocol; effect-build calls provider. Family: provider-native public API behind an effect-build-owned framed protocol","provider pin/license: Deno 2.9.3 @ f39575ecd50602a5b42b1ba8e93849460de9fcf4; MIT; evidence class/support promise: effect-build-owned design over experimental Deno APIs; no upstream machine protocol; effect-build-owned adapter/prototype license: MIT where applicable, otherwise not applicable","explicit Deno version/path/capabilities plus explicit cwd/config/import-map/lock/permissions","structured serializable bytes/options; no callbacks/session/check/declarations beyond public API","process can persist, but each Deno.bundle call still creates a thread and esbuild child; operation invariant: one owned invocation and one private candidate must remain scoped until validation or cleanup; provider acquisition/cache effects may outlive failure","bytes cross with copies; direct-write mode mutates provider filesystem; operation invariant: one validated atomic-published executable; provider cache mutation may survive","Deno binary plus server source","exact protocol/runtime/capability handshake","Deno exposes no public project-transpile runtime API; compile/transpile sidecars would merely wrap CLI, and persistence does not reuse the inner engine","adds protocol/process while preserving only a narrow experimental gain","Reuse Effect Scope for owned handles/children, ChildProcess for selected processes, FileSystem/Path for explicit mutation, Stream only for a real typed event source, Layer for selection and dependency provision, and preserve Cause interruption.","bounded negative / reject for this operation","medium","Adapter.ts:168-205; compile.rs:189-218,713-799; CompilerEngine.ts:386-457; SURFACE.json"
"deno","DENO-COMPILE-SCALAR","compile one executable","persistent-session","none supported; not available as a supported provider surface; none; effect-build calls provider. Family: versioned daemon/service session with lifetime-bound handles","provider pin/license: Deno 2.9.3 @ f39575ecd50602a5b42b1ba8e93849460de9fcf4; MIT; evidence class/support promise: Deno.bundle exposes no reusable handle and recreates its inner service; CLI watch's context is private; effect-build-owned adapter/prototype license: MIT where applicable, otherwise not applicable","would require effect-build to own an unsupported engine/ABI or substitute semantics","no supported faithful request/result boundary","unproven; operation invariant: one owned invocation and one private candidate must remain scoped until validation or cleanup; provider acquisition/cache effects may outlive failure","unproven; operation invariant: one validated atomic-published executable; provider cache mutation may survive","would require new native/source distribution","unsupported coupling","a daemon cannot truthfully claim incremental state for the public API","session IDs/backpressure/crash/idle state without reusable provider state","Reuse Effect Scope for owned handles/children, ChildProcess for selected processes, FileSystem/Path for explicit mutation, Stream only for a real typed event source, Layer for selection and dependency provision, and preserve Cause interruption.","bounded negative / reject for this operation","high","Adapter.ts:168-205; compile.rs:189-218,713-799; CompilerEngine.ts:386-457; SURFACE.json"
"deno","DENO-COMPILE-SCALAR","compile one executable","wasm-worker","none supported; not available as a supported provider surface; none; effect-build calls provider. Family: supported WebAssembly, WASI, or provider worker boundary","provider pin/license: Deno 2.9.3 @ f39575ecd50602a5b42b1ba8e93849460de9fcf4; MIT; evidence class/support promise: no supported Deno CLI bundle/compile WASM/WASI engine surface found at v2.9.3; effect-build-owned adapter/prototype license: MIT where applicable, otherwise not applicable","would require effect-build to own an unsupported engine/ABI or substitute semantics","no supported faithful request/result boundary","unproven; operation invariant: one owned invocation and one private candidate must remain scoped until validation or cleanup; provider acquisition/cache effects may outlive failure","unproven; operation invariant: one validated atomic-published executable; provider cache mutation may survive","would require new native/source distribution","unsupported coupling","deno_core/deno_runtime embedding and esbuild helper are not a portable Deno build API","V8/runtime/permissions/filesystem capability loss","Reuse Effect Scope for owned handles/children, ChildProcess for selected processes, FileSystem/Path for explicit mutation, Stream only for a real typed event source, Layer for selection and dependency provision, and preserve Cause interruption.","bounded negative / reject for this operation","high","Adapter.ts:168-205; compile.rs:189-218,713-799; CompilerEngine.ts:386-457; SURFACE.json"
"deno","DENO-COMPILE-SCALAR","compile one executable","inverted-plugin","none supported; not available as a supported provider surface; none; effect-build calls provider. Family: provider owns execution and calls effect-build-controlled hooks/modules","provider pin/license: Deno 2.9.3 @ f39575ecd50602a5b42b1ba8e93849460de9fcf4; MIT; evidence class/support promise: deno_bundle_runtime exposes a BundleProvider hook, but the embedder must supply a different engine; Deno's CliBundleProvider is private; effect-build-owned adapter/prototype license: MIT where applicable, otherwise not applicable","would require effect-build to own an unsupported engine/ABI or substitute semantics","no supported faithful request/result boundary","unproven; operation invariant: one owned invocation and one private candidate must remain scoped until validation or cleanup; provider acquisition/cache effects may outlive failure","unproven; operation invariant: one validated atomic-published executable; provider cache mutation may survive","would require new native/source distribution","unsupported coupling","does not expose Deno's own bundler or preserve its project semantics","would substitute an engine and duplicate Deno resolution/config logic","Reuse Effect Scope for owned handles/children, ChildProcess for selected processes, FileSystem/Path for explicit mutation, Stream only for a real typed event source, Layer for selection and dependency provision, and preserve Cause interruption.","bounded negative / reject for this operation","high","Adapter.ts:168-205; compile.rs:189-218,713-799; CompilerEngine.ts:386-457; SURFACE.json"
"deno","DENO-COMPILE-SCALAR","compile one executable","declarative-artifact","deno.json/workspace/import map/lock plus command; selected Deno consumes canonical project files; filesystem/project handoff; effect-build calls provider. Family: stable config, manifest, project, or intermediate artifact handoff","provider pin/license: Deno 2.9.3 @ f39575ecd50602a5b42b1ba8e93849460de9fcf4; MIT; evidence class/support promise: documented public Deno project/config surface; effect-build-owned adapter/prototype license: MIT where applicable, otherwise not applicable","project files and permission flags remain canonical rather than flattened into generic options","preserves scopes/imports/locks/compile includes; does not itself execute","durable project state consumed per command; operation invariant: one owned invocation and one private candidate must remain scoped until validation or cleanup; provider acquisition/cache effects may outlive failure","configuration only; private eszip/standalone formats are not stable interchange; operation invariant: one validated atomic-published executable; provider cache mutation may survive","ordinary source/project artifacts","Deno config schema/version","config alone does not execute bundle/check/declaration/compile/acquisition operations","reduces duplicated normalization when kept native","Reuse Effect Scope for owned handles/children, ChildProcess for selected processes, FileSystem/Path for explicit mutation, Stream only for a real typed event source, Layer for selection and dependency provision, and preserve Cause interruption.","bounded negative / reject for this operation","high","Adapter.ts:168-205; compile.rs:189-218,713-799; CompilerEngine.ts:386-457; SURFACE.json"
"deno","DENO-COMPILE-SCALAR","compile one executable","isolated-worker","none supported; not available as a supported provider surface; none; effect-build calls provider. Family: local/remote isolated worker used specifically for host or fault isolation","provider pin/license: Deno 2.9.3 @ f39575ecd50602a5b42b1ba8e93849460de9fcf4; MIT; evidence class/support promise: local/remote worker adds no semantics beyond an explicit Deno sidecar or selected command; effect-build-owned adapter/prototype license: MIT where applicable, otherwise not applicable","would require effect-build to own an unsupported engine/ABI or substitute semantics","no supported faithful request/result boundary","unproven; operation invariant: one owned invocation and one private candidate must remain scoped until validation or cleanup; provider acquisition/cache effects may outlive failure","unproven; operation invariant: one validated atomic-published executable; provider cache mutation may survive","would require new native/source distribution","unsupported coupling","remote build infrastructure is outside scope and local isolation is already a child","workspace/security/transport/outcome-unknown states","Reuse Effect Scope for owned handles/children, ChildProcess for selected processes, FileSystem/Path for explicit mutation, Stream only for a real typed event source, Layer for selection and dependency provision, and preserve Cause interruption.","bounded negative / reject for this operation","high","Adapter.ts:168-205; compile.rs:189-218,713-799; CompilerEngine.ts:386-457; SURFACE.json"
"deno","DENO-COMPILE-SCALAR","compile one executable","upstream-contribution","future stable Rust API or machine service/context; Deno-owned; versioned protocol/library and typed event stream; effect-build calls provider. Family: missing supported protocol/library/cancellation/event surface proposed upstream","provider pin/license: Deno 2.9.3 @ f39575ecd50602a5b42b1ba8e93849460de9fcf4; MIT; evidence class/support promise: hypothetical; plugin request 32157 is unaccepted; effect-build-owned adapter/prototype license: MIT where applicable, otherwise not applicable","must expose runtime/helper/config/permission/target identities","structured outputs/plugins/check/declarations according to explicit capabilities","needs rebuild/cancel/dispose and acquisition outcome laws; operation invariant: one owned invocation and one private candidate must remain scoped until validation or cleanup; provider acquisition/cache effects may outlive failure","must distinguish bytes/direct write/standalone publication; operation invariant: one validated atomic-published executable; provider cache mutation may survive","upstream-owned platform artifacts","stable version/capability contract","would change bounded negatives","moves private CLI coupling upstream","Reuse Effect Scope for owned handles/children, ChildProcess for selected processes, FileSystem/Path for explicit mutation, Stream only for a real typed event source, Layer for selection and dependency provision, and preserve Cause interruption.","upstream-dependent","high","Adapter.ts:168-205; compile.rs:189-218,713-799; CompilerEngine.ts:386-457; SURFACE.json"
"deno","DENO-COMPILE-MATRIX","compile a homogeneous-provider executable matrix","direct-host-api","experimental Deno.bundle function; Deno isolate -> Rust op -> fresh OS thread/current-thread Tokio -> esbuild 0.25.5 service child per call; direct runtime op then internal framed stdio to esbuild; effect-build calls provider. Family: official function, callback, or scoped handle in the provider's supported host","provider pin/license: Deno 2.9.3 @ f39575ecd50602a5b42b1ba8e93849460de9fcf4; MIT; evidence class/support promise: documented public experimental Deno 2.9.3 API requiring unstable bundle, MIT; effect-build-owned adapter/prototype license: MIT where applicable, otherwise not applicable","ambient Deno launch flags/cwd/config/permissions are cloned; private provider selects esbuild helper","structured output bytes; no public plugins, virtual map, check/declarations, watch, or session","one-shot call; no public cancel/context and inner child is recreated; operation invariant: independent scalar cells/acquisitions; interruption closes active cells without implying rollback","structured bytes or provider-direct writes; operation invariant: partial-success report; successful publications and provider cache mutations are not rolled back","requires Deno host; may acquire internal esbuild package","experimental API and hidden helper identity","does not implement the exact stdout command-stream contract and cannot implement compile/check/declarations/session semantics","low caller code but hidden thread/child/acquisition and no cancellation","Reuse Effect Scope for owned handles/children, ChildProcess for selected processes, FileSystem/Path for explicit mutation, Stream only for a real typed event source, Layer for selection and dependency provision, and preserve Cause interruption.","bounded negative / reject for this operation","high","CompilerEngine.ts:459-501; SURFACE.json derivedOperations"
"deno","DENO-COMPILE-MATRIX","compile a homogeneous-provider executable matrix","selected-command","command/config/project; selected local Deno child; bundle may spawn esbuild; compile may acquire denort; argv, terminal streams, filesystem/network/cache; effect-build calls provider. Family: one-shot or scoped provider command with native argv/project/process semantics","provider pin/license: Deno 2.9.3 @ f39575ecd50602a5b42b1ba8e93849460de9fcf4; MIT; evidence class/support promise: documented public Deno 2.9.3 CLI; bundle/transpile and compile --bundle are experimental where marked, MIT; effect-build-owned adapter/prototype license: MIT where applicable, otherwise not applicable","explicit/PATH selected Deno owns config/import-map/lock/permissions/env/targets and acquisition","highest native project authority; terminal diagnostics not stable typed events","one-shot or raw watch process; Effect owns child scope only; operation invariant: independent scalar cells/acquisitions; interruption closes active cells without implying rollback","stdout/direct files; effect-build compile adds private staging and atomic publication; operation invariant: partial-success report; successful publications and provider cache mutations are not rolled back","Deno plus denort/esbuild acquisition/caches according to operation","probe exact path/version/capability; selected Deno and denort must align","only truthful current compile/check/declaration/watch mechanism","reuses process/file capabilities; cache/network mutation remains provider-owned","Reuse Effect Scope for owned handles/children, ChildProcess for selected processes, FileSystem/Path for explicit mutation, Stream only for a real typed event source, Layer for selection and dependency provision, and preserve Cause interruption.","viable now","high","CompilerEngine.ts:459-501; SURFACE.json derivedOperations"
"deno","DENO-COMPILE-MATRIX","compile a homogeneous-provider executable matrix","official-language-library","Rust deno_ast functions; caller Rust process; direct Rust calls; effect-build calls provider. Family: official Go or Rust library API outside the TypeScript host","provider pin/license: Deno 2.9.3 @ f39575ecd50602a5b42b1ba8e93849460de9fcf4; MIT; evidence class/support promise: Deno-owned deno_ast 0.53.3, MIT, explicit non-SemVer support posture; effect-build-owned adapter/prototype license: MIT where applicable, otherwise not applicable","Rust dependency selects parser/transpiler; caller must supply options","pure per-file parse/transpile only; no project graph/config/import map/permissions/check/declarations","one-shot Rust values; operation invariant: independent scalar cells/acquisitions; interruption closes active cells without implying rollback","in-memory transformed source; operation invariant: partial-success report; successful publications and provider cache mutations are not rolled back","Rust toolchain and native dependencies","exact crate coupling","the inventoried DENO-TRANSPILE operation retains Deno project authority; deno_ast does not","new Rust bridge/toolchain for a deliberately narrower product","Reuse Effect Scope for owned handles/children, ChildProcess for selected processes, FileSystem/Path for explicit mutation, Stream only for a real typed event source, Layer for selection and dependency provision, and preserve Cause interruption.","bounded negative / reject for this operation","medium-high","CompilerEngine.ts:459-501; SURFACE.json derivedOperations"
"deno","DENO-COMPILE-MATRIX","compile a homogeneous-provider executable matrix","native-bridge","none supported; not available as a supported provider surface; none; effect-build calls provider. Family: supported or owned C/C++/N-API/FFI bridge","provider pin/license: Deno 2.9.3 @ f39575ecd50602a5b42b1ba8e93849460de9fcf4; MIT; evidence class/support promise: no supported Deno bundle/compile C ABI, N-API, or FFI surface found at v2.9.3; effect-build-owned adapter/prototype license: MIT where applicable, otherwise not applicable","would require effect-build to own an unsupported engine/ABI or substitute semantics","no supported faithful request/result boundary","unproven; operation invariant: independent scalar cells/acquisitions; interruption closes active cells without implying rollback","unproven; operation invariant: partial-success report; successful publications and provider cache mutations are not rolled back","would require new native/source distribution","unsupported coupling","a bridge over private CLI crates would inherit exact-source/V8 coupling","native V8 and per-platform bridge distribution","Reuse Effect Scope for owned handles/children, ChildProcess for selected processes, FileSystem/Path for explicit mutation, Stream only for a real typed event source, Layer for selection and dependency provision, and preserve Cause interruption.","bounded negative / reject for this operation","high","CompilerEngine.ts:459-501; SURFACE.json derivedOperations"
"deno","DENO-COMPILE-MATRIX","compile a homogeneous-provider executable matrix","embedded-engine","none supported; not available as a supported provider surface; none; effect-build calls provider. Family: linked or vendored upstream compiler/runtime core","provider pin/license: Deno 2.9.3 @ f39575ecd50602a5b42b1ba8e93849460de9fcf4; MIT; evidence class/support promise: deno_core 0.408.0 and deno_runtime 0.263.0 are runtime embedding products; private CLI bundle/compile modules are highly unstable; effect-build-owned adapter/prototype license: MIT where applicable, otherwise not applicable","would require effect-build to own an unsupported engine/ABI or substitute semantics","no supported faithful request/result boundary","unproven; operation invariant: independent scalar cells/acquisitions; interruption closes active cells without implying rollback","unproven; operation invariant: partial-success report; successful publications and provider cache mutations are not rolled back","would require new native/source distribution","unsupported coupling","they do not expose Deno's required bundle/check/compile operations; deno_bundle_runtime asks the embedder to provide an engine","exact workspace/V8/source lockstep, broad resolver/runtime graph, maintained fork","Reuse Effect Scope for owned handles/children, ChildProcess for selected processes, FileSystem/Path for explicit mutation, Stream only for a real typed event source, Layer for selection and dependency provision, and preserve Cause interruption.","bounded negative / reject for this operation","high","CompilerEngine.ts:459-501; SURFACE.json derivedOperations"
"deno","DENO-COMPILE-MATRIX","compile a homogeneous-provider executable matrix","runtime-hosted-sidecar","framed request/result; selected Deno child calls public runtime API; effect-build-owned framed pipe/socket protocol; effect-build calls provider. Family: provider-native public API behind an effect-build-owned framed protocol","provider pin/license: Deno 2.9.3 @ f39575ecd50602a5b42b1ba8e93849460de9fcf4; MIT; evidence class/support promise: effect-build-owned design over experimental Deno APIs; no upstream machine protocol; effect-build-owned adapter/prototype license: MIT where applicable, otherwise not applicable","explicit Deno version/path/capabilities plus explicit cwd/config/import-map/lock/permissions","structured serializable bytes/options; no callbacks/session/check/declarations beyond public API","process can persist, but each Deno.bundle call still creates a thread and esbuild child; operation invariant: independent scalar cells/acquisitions; interruption closes active cells without implying rollback","bytes cross with copies; direct-write mode mutates provider filesystem; operation invariant: partial-success report; successful publications and provider cache mutations are not rolled back","Deno binary plus server source","exact protocol/runtime/capability handshake","Deno exposes no public project-transpile runtime API; compile/transpile sidecars would merely wrap CLI, and persistence does not reuse the inner engine","adds protocol/process while preserving only a narrow experimental gain","Reuse Effect Scope for owned handles/children, ChildProcess for selected processes, FileSystem/Path for explicit mutation, Stream only for a real typed event source, Layer for selection and dependency provision, and preserve Cause interruption.","bounded negative / reject for this operation","medium","CompilerEngine.ts:459-501; SURFACE.json derivedOperations"
"deno","DENO-COMPILE-MATRIX","compile a homogeneous-provider executable matrix","persistent-session","none supported; not available as a supported provider surface; none; effect-build calls provider. Family: versioned daemon/service session with lifetime-bound handles","provider pin/license: Deno 2.9.3 @ f39575ecd50602a5b42b1ba8e93849460de9fcf4; MIT; evidence class/support promise: Deno.bundle exposes no reusable handle and recreates its inner service; CLI watch's context is private; effect-build-owned adapter/prototype license: MIT where applicable, otherwise not applicable","would require effect-build to own an unsupported engine/ABI or substitute semantics","no supported faithful request/result boundary","unproven; operation invariant: independent scalar cells/acquisitions; interruption closes active cells without implying rollback","unproven; operation invariant: partial-success report; successful publications and provider cache mutations are not rolled back","would require new native/source distribution","unsupported coupling","a daemon cannot truthfully claim incremental state for the public API","session IDs/backpressure/crash/idle state without reusable provider state","Reuse Effect Scope for owned handles/children, ChildProcess for selected processes, FileSystem/Path for explicit mutation, Stream only for a real typed event source, Layer for selection and dependency provision, and preserve Cause interruption.","bounded negative / reject for this operation","high","CompilerEngine.ts:459-501; SURFACE.json derivedOperations"
"deno","DENO-COMPILE-MATRIX","compile a homogeneous-provider executable matrix","wasm-worker","none supported; not available as a supported provider surface; none; effect-build calls provider. Family: supported WebAssembly, WASI, or provider worker boundary","provider pin/license: Deno 2.9.3 @ f39575ecd50602a5b42b1ba8e93849460de9fcf4; MIT; evidence class/support promise: no supported Deno CLI bundle/compile WASM/WASI engine surface found at v2.9.3; effect-build-owned adapter/prototype license: MIT where applicable, otherwise not applicable","would require effect-build to own an unsupported engine/ABI or substitute semantics","no supported faithful request/result boundary","unproven; operation invariant: independent scalar cells/acquisitions; interruption closes active cells without implying rollback","unproven; operation invariant: partial-success report; successful publications and provider cache mutations are not rolled back","would require new native/source distribution","unsupported coupling","deno_core/deno_runtime embedding and esbuild helper are not a portable Deno build API","V8/runtime/permissions/filesystem capability loss","Reuse Effect Scope for owned handles/children, ChildProcess for selected processes, FileSystem/Path for explicit mutation, Stream only for a real typed event source, Layer for selection and dependency provision, and preserve Cause interruption.","bounded negative / reject for this operation","high","CompilerEngine.ts:459-501; SURFACE.json derivedOperations"
"deno","DENO-COMPILE-MATRIX","compile a homogeneous-provider executable matrix","inverted-plugin","none supported; not available as a supported provider surface; none; effect-build calls provider. Family: provider owns execution and calls effect-build-controlled hooks/modules","provider pin/license: Deno 2.9.3 @ f39575ecd50602a5b42b1ba8e93849460de9fcf4; MIT; evidence class/support promise: deno_bundle_runtime exposes a BundleProvider hook, but the embedder must supply a different engine; Deno's CliBundleProvider is private; effect-build-owned adapter/prototype license: MIT where applicable, otherwise not applicable","would require effect-build to own an unsupported engine/ABI or substitute semantics","no supported faithful request/result boundary","unproven; operation invariant: independent scalar cells/acquisitions; interruption closes active cells without implying rollback","unproven; operation invariant: partial-success report; successful publications and provider cache mutations are not rolled back","would require new native/source distribution","unsupported coupling","does not expose Deno's own bundler or preserve its project semantics","would substitute an engine and duplicate Deno resolution/config logic","Reuse Effect Scope for owned handles/children, ChildProcess for selected processes, FileSystem/Path for explicit mutation, Stream only for a real typed event source, Layer for selection and dependency provision, and preserve Cause interruption.","bounded negative / reject for this operation","high","CompilerEngine.ts:459-501; SURFACE.json derivedOperations"
"deno","DENO-COMPILE-MATRIX","compile a homogeneous-provider executable matrix","declarative-artifact","deno.json/workspace/import map/lock plus command; selected Deno consumes canonical project files; filesystem/project handoff; effect-build calls provider. Family: stable config, manifest, project, or intermediate artifact handoff","provider pin/license: Deno 2.9.3 @ f39575ecd50602a5b42b1ba8e93849460de9fcf4; MIT; evidence class/support promise: documented public Deno project/config surface; effect-build-owned adapter/prototype license: MIT where applicable, otherwise not applicable","project files and permission flags remain canonical rather than flattened into generic options","preserves scopes/imports/locks/compile includes; does not itself execute","durable project state consumed per command; operation invariant: independent scalar cells/acquisitions; interruption closes active cells without implying rollback","configuration only; private eszip/standalone formats are not stable interchange; operation invariant: partial-success report; successful publications and provider cache mutations are not rolled back","ordinary source/project artifacts","Deno config schema/version","config alone does not execute bundle/check/declaration/compile/acquisition operations","reduces duplicated normalization when kept native","Reuse Effect Scope for owned handles/children, ChildProcess for selected processes, FileSystem/Path for explicit mutation, Stream only for a real typed event source, Layer for selection and dependency provision, and preserve Cause interruption.","bounded negative / reject for this operation","high","CompilerEngine.ts:459-501; SURFACE.json derivedOperations"
"deno","DENO-COMPILE-MATRIX","compile a homogeneous-provider executable matrix","isolated-worker","none supported; not available as a supported provider surface; none; effect-build calls provider. Family: local/remote isolated worker used specifically for host or fault isolation","provider pin/license: Deno 2.9.3 @ f39575ecd50602a5b42b1ba8e93849460de9fcf4; MIT; evidence class/support promise: local/remote worker adds no semantics beyond an explicit Deno sidecar or selected command; effect-build-owned adapter/prototype license: MIT where applicable, otherwise not applicable","would require effect-build to own an unsupported engine/ABI or substitute semantics","no supported faithful request/result boundary","unproven; operation invariant: independent scalar cells/acquisitions; interruption closes active cells without implying rollback","unproven; operation invariant: partial-success report; successful publications and provider cache mutations are not rolled back","would require new native/source distribution","unsupported coupling","remote build infrastructure is outside scope and local isolation is already a child","workspace/security/transport/outcome-unknown states","Reuse Effect Scope for owned handles/children, ChildProcess for selected processes, FileSystem/Path for explicit mutation, Stream only for a real typed event source, Layer for selection and dependency provision, and preserve Cause interruption.","bounded negative / reject for this operation","high","CompilerEngine.ts:459-501; SURFACE.json derivedOperations"
"deno","DENO-COMPILE-MATRIX","compile a homogeneous-provider executable matrix","upstream-contribution","future stable Rust API or machine service/context; Deno-owned; versioned protocol/library and typed event stream; effect-build calls provider. Family: missing supported protocol/library/cancellation/event surface proposed upstream","provider pin/license: Deno 2.9.3 @ f39575ecd50602a5b42b1ba8e93849460de9fcf4; MIT; evidence class/support promise: hypothetical; plugin request 32157 is unaccepted; effect-build-owned adapter/prototype license: MIT where applicable, otherwise not applicable","must expose runtime/helper/config/permission/target identities","structured outputs/plugins/check/declarations according to explicit capabilities","needs rebuild/cancel/dispose and acquisition outcome laws; operation invariant: independent scalar cells/acquisitions; interruption closes active cells without implying rollback","must distinguish bytes/direct write/standalone publication; operation invariant: partial-success report; successful publications and provider cache mutations are not rolled back","upstream-owned platform artifacts","stable version/capability contract","would change bounded negatives","moves private CLI coupling upstream","Reuse Effect Scope for owned handles/children, ChildProcess for selected processes, FileSystem/Path for explicit mutation, Stream only for a real typed event source, Layer for selection and dependency provision, and preserve Cause interruption.","upstream-dependent","high","CompilerEngine.ts:459-501; SURFACE.json derivedOperations"
"deno","DENO-RUNTIME-ACQUISITION","target denort acquisition and target binding","direct-host-api","experimental Deno.bundle function; Deno isolate -> Rust op -> fresh OS thread/current-thread Tokio -> esbuild 0.25.5 service child per call; direct runtime op then internal framed stdio to esbuild; effect-build calls provider. Family: official function, callback, or scoped handle in the provider's supported host","provider pin/license: Deno 2.9.3 @ f39575ecd50602a5b42b1ba8e93849460de9fcf4; MIT; evidence class/support promise: documented public experimental Deno 2.9.3 API requiring unstable bundle, MIT; effect-build-owned adapter/prototype license: MIT where applicable, otherwise not applicable","ambient Deno launch flags/cwd/config/permissions are cloned; private provider selects esbuild helper","structured output bytes; no public plugins, virtual map, check/declarations, watch, or session","one-shot call; no public cancel/context and inner child is recreated","structured bytes or provider-direct writes","requires Deno host; may acquire internal esbuild package","experimental API and hidden helper identity","does not implement the exact stdout command-stream contract and cannot implement compile/check/declarations/session semantics","low caller code but hidden thread/child/acquisition and no cancellation","Reuse Effect Scope for owned handles/children, ChildProcess for selected processes, FileSystem/Path for explicit mutation, Stream only for a real typed event source, Layer for selection and dependency provision, and preserve Cause interruption.","bounded negative / reject for this operation","high","Deno standalone/binary.rs:376-435,502-538 @ f39575e"
"deno","DENO-RUNTIME-ACQUISITION","target denort acquisition and target binding","selected-command","command/config/project; selected local Deno child; bundle may spawn esbuild; compile may acquire denort; argv, terminal streams, filesystem/network/cache; effect-build calls provider. Family: one-shot or scoped provider command with native argv/project/process semantics","provider pin/license: Deno 2.9.3 @ f39575ecd50602a5b42b1ba8e93849460de9fcf4; MIT; evidence class/support promise: documented public Deno 2.9.3 CLI; bundle/transpile and compile --bundle are experimental where marked, MIT; effect-build-owned adapter/prototype license: MIT where applicable, otherwise not applicable","explicit/PATH selected Deno owns config/import-map/lock/permissions/env/targets and acquisition","highest native project authority; terminal diagnostics not stable typed events","one-shot or raw watch process; Effect owns child scope only","stdout/direct files; effect-build compile adds private staging and atomic publication","Deno plus denort/esbuild acquisition/caches according to operation","probe exact path/version/capability; selected Deno and denort must align","only truthful current compile/check/declaration/watch mechanism","reuses process/file capabilities; cache/network mutation remains provider-owned","Reuse Effect Scope for owned handles/children, ChildProcess for selected processes, FileSystem/Path for explicit mutation, Stream only for a real typed event source, Layer for selection and dependency provision, and preserve Cause interruption.","viable now","high","Deno standalone/binary.rs:376-435,502-538 @ f39575e"
"deno","DENO-RUNTIME-ACQUISITION","target denort acquisition and target binding","official-language-library","Rust deno_ast functions; caller Rust process; direct Rust calls; effect-build calls provider. Family: official Go or Rust library API outside the TypeScript host","provider pin/license: Deno 2.9.3 @ f39575ecd50602a5b42b1ba8e93849460de9fcf4; MIT; evidence class/support promise: Deno-owned deno_ast 0.53.3, MIT, explicit non-SemVer support posture; effect-build-owned adapter/prototype license: MIT where applicable, otherwise not applicable","Rust dependency selects parser/transpiler; caller must supply options","pure per-file parse/transpile only; no project graph/config/import map/permissions/check/declarations","one-shot Rust values","in-memory transformed source","Rust toolchain and native dependencies","exact crate coupling","the inventoried DENO-TRANSPILE operation retains Deno project authority; deno_ast does not","new Rust bridge/toolchain for a deliberately narrower product","Reuse Effect Scope for owned handles/children, ChildProcess for selected processes, FileSystem/Path for explicit mutation, Stream only for a real typed event source, Layer for selection and dependency provision, and preserve Cause interruption.","bounded negative / reject for this operation","medium-high","Deno standalone/binary.rs:376-435,502-538 @ f39575e"
"deno","DENO-RUNTIME-ACQUISITION","target denort acquisition and target binding","native-bridge","none supported; not available as a supported provider surface; none; effect-build calls provider. Family: supported or owned C/C++/N-API/FFI bridge","provider pin/license: Deno 2.9.3 @ f39575ecd50602a5b42b1ba8e93849460de9fcf4; MIT; evidence class/support promise: no supported Deno bundle/compile C ABI, N-API, or FFI surface found at v2.9.3; effect-build-owned adapter/prototype license: MIT where applicable, otherwise not applicable","would require effect-build to own an unsupported engine/ABI or substitute semantics","no supported faithful request/result boundary","unproven","unproven","would require new native/source distribution","unsupported coupling","a bridge over private CLI crates would inherit exact-source/V8 coupling","native V8 and per-platform bridge distribution","Reuse Effect Scope for owned handles/children, ChildProcess for selected processes, FileSystem/Path for explicit mutation, Stream only for a real typed event source, Layer for selection and dependency provision, and preserve Cause interruption.","bounded negative / reject for this operation","high","Deno standalone/binary.rs:376-435,502-538 @ f39575e"
"deno","DENO-RUNTIME-ACQUISITION","target denort acquisition and target binding","embedded-engine","none supported; not available as a supported provider surface; none; effect-build calls provider. Family: linked or vendored upstream compiler/runtime core","provider pin/license: Deno 2.9.3 @ f39575ecd50602a5b42b1ba8e93849460de9fcf4; MIT; evidence class/support promise: deno_core 0.408.0 and deno_runtime 0.263.0 are runtime embedding products; private CLI bundle/compile modules are highly unstable; effect-build-owned adapter/prototype license: MIT where applicable, otherwise not applicable","would require effect-build to own an unsupported engine/ABI or substitute semantics","no supported faithful request/result boundary","unproven","unproven","would require new native/source distribution","unsupported coupling","they do not expose Deno's required bundle/check/compile operations; deno_bundle_runtime asks the embedder to provide an engine","exact workspace/V8/source lockstep, broad resolver/runtime graph, maintained fork","Reuse Effect Scope for owned handles/children, ChildProcess for selected processes, FileSystem/Path for explicit mutation, Stream only for a real typed event source, Layer for selection and dependency provision, and preserve Cause interruption.","bounded negative / reject for this operation","high","Deno standalone/binary.rs:376-435,502-538 @ f39575e"
"deno","DENO-RUNTIME-ACQUISITION","target denort acquisition and target binding","runtime-hosted-sidecar","framed request/result; selected Deno child calls public runtime API; effect-build-owned framed pipe/socket protocol; effect-build calls provider. Family: provider-native public API behind an effect-build-owned framed protocol","provider pin/license: Deno 2.9.3 @ f39575ecd50602a5b42b1ba8e93849460de9fcf4; MIT; evidence class/support promise: effect-build-owned design over experimental Deno APIs; no upstream machine protocol; effect-build-owned adapter/prototype license: MIT where applicable, otherwise not applicable","explicit Deno version/path/capabilities plus explicit cwd/config/import-map/lock/permissions","structured serializable bytes/options; no callbacks/session/check/declarations beyond public API","process can persist, but each Deno.bundle call still creates a thread and esbuild child","bytes cross with copies; direct-write mode mutates provider filesystem","Deno binary plus server source","exact protocol/runtime/capability handshake","Deno exposes no public project-transpile runtime API; compile/transpile sidecars would merely wrap CLI, and persistence does not reuse the inner engine","adds protocol/process while preserving only a narrow experimental gain","Reuse Effect Scope for owned handles/children, ChildProcess for selected processes, FileSystem/Path for explicit mutation, Stream only for a real typed event source, Layer for selection and dependency provision, and preserve Cause interruption.","bounded negative / reject for this operation","medium","Deno standalone/binary.rs:376-435,502-538 @ f39575e"
"deno","DENO-RUNTIME-ACQUISITION","target denort acquisition and target binding","persistent-session","none supported; not available as a supported provider surface; none; effect-build calls provider. Family: versioned daemon/service session with lifetime-bound handles","provider pin/license: Deno 2.9.3 @ f39575ecd50602a5b42b1ba8e93849460de9fcf4; MIT; evidence class/support promise: Deno.bundle exposes no reusable handle and recreates its inner service; CLI watch's context is private; effect-build-owned adapter/prototype license: MIT where applicable, otherwise not applicable","would require effect-build to own an unsupported engine/ABI or substitute semantics","no supported faithful request/result boundary","unproven","unproven","would require new native/source distribution","unsupported coupling","a daemon cannot truthfully claim incremental state for the public API","session IDs/backpressure/crash/idle state without reusable provider state","Reuse Effect Scope for owned handles/children, ChildProcess for selected processes, FileSystem/Path for explicit mutation, Stream only for a real typed event source, Layer for selection and dependency provision, and preserve Cause interruption.","bounded negative / reject for this operation","high","Deno standalone/binary.rs:376-435,502-538 @ f39575e"
"deno","DENO-RUNTIME-ACQUISITION","target denort acquisition and target binding","wasm-worker","none supported; not available as a supported provider surface; none; effect-build calls provider. Family: supported WebAssembly, WASI, or provider worker boundary","provider pin/license: Deno 2.9.3 @ f39575ecd50602a5b42b1ba8e93849460de9fcf4; MIT; evidence class/support promise: no supported Deno CLI bundle/compile WASM/WASI engine surface found at v2.9.3; effect-build-owned adapter/prototype license: MIT where applicable, otherwise not applicable","would require effect-build to own an unsupported engine/ABI or substitute semantics","no supported faithful request/result boundary","unproven","unproven","would require new native/source distribution","unsupported coupling","deno_core/deno_runtime embedding and esbuild helper are not a portable Deno build API","V8/runtime/permissions/filesystem capability loss","Reuse Effect Scope for owned handles/children, ChildProcess for selected processes, FileSystem/Path for explicit mutation, Stream only for a real typed event source, Layer for selection and dependency provision, and preserve Cause interruption.","bounded negative / reject for this operation","high","Deno standalone/binary.rs:376-435,502-538 @ f39575e"
"deno","DENO-RUNTIME-ACQUISITION","target denort acquisition and target binding","inverted-plugin","none supported; not available as a supported provider surface; none; effect-build calls provider. Family: provider owns execution and calls effect-build-controlled hooks/modules","provider pin/license: Deno 2.9.3 @ f39575ecd50602a5b42b1ba8e93849460de9fcf4; MIT; evidence class/support promise: deno_bundle_runtime exposes a BundleProvider hook, but the embedder must supply a different engine; Deno's CliBundleProvider is private; effect-build-owned adapter/prototype license: MIT where applicable, otherwise not applicable","would require effect-build to own an unsupported engine/ABI or substitute semantics","no supported faithful request/result boundary","unproven","unproven","would require new native/source distribution","unsupported coupling","does not expose Deno's own bundler or preserve its project semantics","would substitute an engine and duplicate Deno resolution/config logic","Reuse Effect Scope for owned handles/children, ChildProcess for selected processes, FileSystem/Path for explicit mutation, Stream only for a real typed event source, Layer for selection and dependency provision, and preserve Cause interruption.","bounded negative / reject for this operation","high","Deno standalone/binary.rs:376-435,502-538 @ f39575e"
"deno","DENO-RUNTIME-ACQUISITION","target denort acquisition and target binding","declarative-artifact","deno.json/workspace/import map/lock plus command; selected Deno consumes canonical project files; filesystem/project handoff; effect-build calls provider. Family: stable config, manifest, project, or intermediate artifact handoff","provider pin/license: Deno 2.9.3 @ f39575ecd50602a5b42b1ba8e93849460de9fcf4; MIT; evidence class/support promise: documented public Deno project/config surface; effect-build-owned adapter/prototype license: MIT where applicable, otherwise not applicable","project files and permission flags remain canonical rather than flattened into generic options","preserves scopes/imports/locks/compile includes; does not itself execute","durable project state consumed per command","configuration only; private eszip/standalone formats are not stable interchange","ordinary source/project artifacts","Deno config schema/version","config alone does not execute bundle/check/declaration/compile/acquisition operations","reduces duplicated normalization when kept native","Reuse Effect Scope for owned handles/children, ChildProcess for selected processes, FileSystem/Path for explicit mutation, Stream only for a real typed event source, Layer for selection and dependency provision, and preserve Cause interruption.","bounded negative / reject for this operation","high","Deno standalone/binary.rs:376-435,502-538 @ f39575e"
"deno","DENO-RUNTIME-ACQUISITION","target denort acquisition and target binding","isolated-worker","none supported; not available as a supported provider surface; none; effect-build calls provider. Family: local/remote isolated worker used specifically for host or fault isolation","provider pin/license: Deno 2.9.3 @ f39575ecd50602a5b42b1ba8e93849460de9fcf4; MIT; evidence class/support promise: local/remote worker adds no semantics beyond an explicit Deno sidecar or selected command; effect-build-owned adapter/prototype license: MIT where applicable, otherwise not applicable","would require effect-build to own an unsupported engine/ABI or substitute semantics","no supported faithful request/result boundary","unproven","unproven","would require new native/source distribution","unsupported coupling","remote build infrastructure is outside scope and local isolation is already a child","workspace/security/transport/outcome-unknown states","Reuse Effect Scope for owned handles/children, ChildProcess for selected processes, FileSystem/Path for explicit mutation, Stream only for a real typed event source, Layer for selection and dependency provision, and preserve Cause interruption.","bounded negative / reject for this operation","high","Deno standalone/binary.rs:376-435,502-538 @ f39575e"
"deno","DENO-RUNTIME-ACQUISITION","target denort acquisition and target binding","upstream-contribution","future stable Rust API or machine service/context; Deno-owned; versioned protocol/library and typed event stream; effect-build calls provider. Family: missing supported protocol/library/cancellation/event surface proposed upstream","provider pin/license: Deno 2.9.3 @ f39575ecd50602a5b42b1ba8e93849460de9fcf4; MIT; evidence class/support promise: hypothetical; plugin request 32157 is unaccepted; effect-build-owned adapter/prototype license: MIT where applicable, otherwise not applicable","must expose runtime/helper/config/permission/target identities","structured outputs/plugins/check/declarations according to explicit capabilities","needs rebuild/cancel/dispose and acquisition outcome laws","must distinguish bytes/direct write/standalone publication","upstream-owned platform artifacts","stable version/capability contract","would change bounded negatives","moves private CLI coupling upstream","Reuse Effect Scope for owned handles/children, ChildProcess for selected processes, FileSystem/Path for explicit mutation, Stream only for a real typed event source, Layer for selection and dependency provision, and preserve Cause interruption.","upstream-dependent","high","Deno standalone/binary.rs:376-435,502-538 @ f39575e"
"deno","DENO-WATCH","bundle/compile watch and private rebuild context","direct-host-api","experimental Deno.bundle function; Deno isolate -> Rust op -> fresh OS thread/current-thread Tokio -> esbuild 0.25.5 service child per call; direct runtime op then internal framed stdio to esbuild; effect-build calls provider. Family: official function, callback, or scoped handle in the provider's supported host","provider pin/license: Deno 2.9.3 @ f39575ecd50602a5b42b1ba8e93849460de9fcf4; MIT; evidence class/support promise: documented public experimental Deno 2.9.3 API requiring unstable bundle, MIT; effect-build-owned adapter/prototype license: MIT where applicable, otherwise not applicable","ambient Deno launch flags/cwd/config/permissions are cloned; private provider selects esbuild helper","structured output bytes; no public plugins, virtual map, check/declarations, watch, or session","one-shot call; no public cancel/context and inner child is recreated","structured bytes or provider-direct writes","requires Deno host; may acquire internal esbuild package","experimental API and hidden helper identity","does not implement the exact stdout command-stream contract and cannot implement compile/check/declarations/session semantics","low caller code but hidden thread/child/acquisition and no cancellation","Reuse Effect Scope for owned handles/children, ChildProcess for selected processes, FileSystem/Path for explicit mutation, Stream only for a real typed event source, Layer for selection and dependency provision, and preserve Cause interruption.","bounded negative / reject for this operation","high","Deno bundle/mod.rs:1066-1167 and compile.rs:42-67 @ f39575e"
"deno","DENO-WATCH","bundle/compile watch and private rebuild context","selected-command","command/config/project; selected local Deno child; bundle may spawn esbuild; compile may acquire denort; argv, terminal streams, filesystem/network/cache; effect-build calls provider. Family: one-shot or scoped provider command with native argv/project/process semantics","provider pin/license: Deno 2.9.3 @ f39575ecd50602a5b42b1ba8e93849460de9fcf4; MIT; evidence class/support promise: documented public Deno 2.9.3 CLI; bundle/transpile and compile --bundle are experimental where marked, MIT; effect-build-owned adapter/prototype license: MIT where applicable, otherwise not applicable","explicit/PATH selected Deno owns config/import-map/lock/permissions/env/targets and acquisition","highest native project authority; terminal diagnostics not stable typed events","one-shot or raw watch process; Effect owns child scope only","stdout/direct files; effect-build compile adds private staging and atomic publication","Deno plus denort/esbuild acquisition/caches according to operation","probe exact path/version/capability; selected Deno and denort must align","only truthful current compile/check/declaration/watch mechanism","reuses process/file capabilities; cache/network mutation remains provider-owned","Reuse Effect Scope for owned handles/children, ChildProcess for selected processes, FileSystem/Path for explicit mutation, Stream only for a real typed event source, Layer for selection and dependency provision, and preserve Cause interruption.","viable now","high","Deno bundle/mod.rs:1066-1167 and compile.rs:42-67 @ f39575e"
"deno","DENO-WATCH","bundle/compile watch and private rebuild context","official-language-library","Rust deno_ast functions; caller Rust process; direct Rust calls; effect-build calls provider. Family: official Go or Rust library API outside the TypeScript host","provider pin/license: Deno 2.9.3 @ f39575ecd50602a5b42b1ba8e93849460de9fcf4; MIT; evidence class/support promise: Deno-owned deno_ast 0.53.3, MIT, explicit non-SemVer support posture; effect-build-owned adapter/prototype license: MIT where applicable, otherwise not applicable","Rust dependency selects parser/transpiler; caller must supply options","pure per-file parse/transpile only; no project graph/config/import map/permissions/check/declarations","one-shot Rust values","in-memory transformed source","Rust toolchain and native dependencies","exact crate coupling","the inventoried DENO-TRANSPILE operation retains Deno project authority; deno_ast does not","new Rust bridge/toolchain for a deliberately narrower product","Reuse Effect Scope for owned handles/children, ChildProcess for selected processes, FileSystem/Path for explicit mutation, Stream only for a real typed event source, Layer for selection and dependency provision, and preserve Cause interruption.","bounded negative / reject for this operation","medium-high","Deno bundle/mod.rs:1066-1167 and compile.rs:42-67 @ f39575e"
"deno","DENO-WATCH","bundle/compile watch and private rebuild context","native-bridge","none supported; not available as a supported provider surface; none; effect-build calls provider. Family: supported or owned C/C++/N-API/FFI bridge","provider pin/license: Deno 2.9.3 @ f39575ecd50602a5b42b1ba8e93849460de9fcf4; MIT; evidence class/support promise: no supported Deno bundle/compile C ABI, N-API, or FFI surface found at v2.9.3; effect-build-owned adapter/prototype license: MIT where applicable, otherwise not applicable","would require effect-build to own an unsupported engine/ABI or substitute semantics","no supported faithful request/result boundary","unproven","unproven","would require new native/source distribution","unsupported coupling","a bridge over private CLI crates would inherit exact-source/V8 coupling","native V8 and per-platform bridge distribution","Reuse Effect Scope for owned handles/children, ChildProcess for selected processes, FileSystem/Path for explicit mutation, Stream only for a real typed event source, Layer for selection and dependency provision, and preserve Cause interruption.","bounded negative / reject for this operation","high","Deno bundle/mod.rs:1066-1167 and compile.rs:42-67 @ f39575e"
"deno","DENO-WATCH","bundle/compile watch and private rebuild context","embedded-engine","none supported; not available as a supported provider surface; none; effect-build calls provider. Family: linked or vendored upstream compiler/runtime core","provider pin/license: Deno 2.9.3 @ f39575ecd50602a5b42b1ba8e93849460de9fcf4; MIT; evidence class/support promise: deno_core 0.408.0 and deno_runtime 0.263.0 are runtime embedding products; private CLI bundle/compile modules are highly unstable; effect-build-owned adapter/prototype license: MIT where applicable, otherwise not applicable","would require effect-build to own an unsupported engine/ABI or substitute semantics","no supported faithful request/result boundary","unproven","unproven","would require new native/source distribution","unsupported coupling","they do not expose Deno's required bundle/check/compile operations; deno_bundle_runtime asks the embedder to provide an engine","exact workspace/V8/source lockstep, broad resolver/runtime graph, maintained fork","Reuse Effect Scope for owned handles/children, ChildProcess for selected processes, FileSystem/Path for explicit mutation, Stream only for a real typed event source, Layer for selection and dependency provision, and preserve Cause interruption.","bounded negative / reject for this operation","high","Deno bundle/mod.rs:1066-1167 and compile.rs:42-67 @ f39575e"
"deno","DENO-WATCH","bundle/compile watch and private rebuild context","runtime-hosted-sidecar","framed request/result; selected Deno child calls public runtime API; effect-build-owned framed pipe/socket protocol; effect-build calls provider. Family: provider-native public API behind an effect-build-owned framed protocol","provider pin/license: Deno 2.9.3 @ f39575ecd50602a5b42b1ba8e93849460de9fcf4; MIT; evidence class/support promise: effect-build-owned design over experimental Deno APIs; no upstream machine protocol; effect-build-owned adapter/prototype license: MIT where applicable, otherwise not applicable","explicit Deno version/path/capabilities plus explicit cwd/config/import-map/lock/permissions","structured serializable bytes/options; no callbacks/session/check/declarations beyond public API","process can persist, but each Deno.bundle call still creates a thread and esbuild child","bytes cross with copies; direct-write mode mutates provider filesystem","Deno binary plus server source","exact protocol/runtime/capability handshake","Deno exposes no public project-transpile runtime API; compile/transpile sidecars would merely wrap CLI, and persistence does not reuse the inner engine","adds protocol/process while preserving only a narrow experimental gain","Reuse Effect Scope for owned handles/children, ChildProcess for selected processes, FileSystem/Path for explicit mutation, Stream only for a real typed event source, Layer for selection and dependency provision, and preserve Cause interruption.","bounded negative / reject for this operation","medium","Deno bundle/mod.rs:1066-1167 and compile.rs:42-67 @ f39575e"
"deno","DENO-WATCH","bundle/compile watch and private rebuild context","persistent-session","none supported; not available as a supported provider surface; none; effect-build calls provider. Family: versioned daemon/service session with lifetime-bound handles","provider pin/license: Deno 2.9.3 @ f39575ecd50602a5b42b1ba8e93849460de9fcf4; MIT; evidence class/support promise: Deno.bundle exposes no reusable handle and recreates its inner service; CLI watch's context is private; effect-build-owned adapter/prototype license: MIT where applicable, otherwise not applicable","would require effect-build to own an unsupported engine/ABI or substitute semantics","no supported faithful request/result boundary","unproven","unproven","would require new native/source distribution","unsupported coupling","a daemon cannot truthfully claim incremental state for the public API","session IDs/backpressure/crash/idle state without reusable provider state","Reuse Effect Scope for owned handles/children, ChildProcess for selected processes, FileSystem/Path for explicit mutation, Stream only for a real typed event source, Layer for selection and dependency provision, and preserve Cause interruption.","bounded negative / reject for this operation","high","Deno bundle/mod.rs:1066-1167 and compile.rs:42-67 @ f39575e"
"deno","DENO-WATCH","bundle/compile watch and private rebuild context","wasm-worker","none supported; not available as a supported provider surface; none; effect-build calls provider. Family: supported WebAssembly, WASI, or provider worker boundary","provider pin/license: Deno 2.9.3 @ f39575ecd50602a5b42b1ba8e93849460de9fcf4; MIT; evidence class/support promise: no supported Deno CLI bundle/compile WASM/WASI engine surface found at v2.9.3; effect-build-owned adapter/prototype license: MIT where applicable, otherwise not applicable","would require effect-build to own an unsupported engine/ABI or substitute semantics","no supported faithful request/result boundary","unproven","unproven","would require new native/source distribution","unsupported coupling","deno_core/deno_runtime embedding and esbuild helper are not a portable Deno build API","V8/runtime/permissions/filesystem capability loss","Reuse Effect Scope for owned handles/children, ChildProcess for selected processes, FileSystem/Path for explicit mutation, Stream only for a real typed event source, Layer for selection and dependency provision, and preserve Cause interruption.","bounded negative / reject for this operation","high","Deno bundle/mod.rs:1066-1167 and compile.rs:42-67 @ f39575e"
"deno","DENO-WATCH","bundle/compile watch and private rebuild context","inverted-plugin","none supported; not available as a supported provider surface; none; effect-build calls provider. Family: provider owns execution and calls effect-build-controlled hooks/modules","provider pin/license: Deno 2.9.3 @ f39575ecd50602a5b42b1ba8e93849460de9fcf4; MIT; evidence class/support promise: deno_bundle_runtime exposes a BundleProvider hook, but the embedder must supply a different engine; Deno's CliBundleProvider is private; effect-build-owned adapter/prototype license: MIT where applicable, otherwise not applicable","would require effect-build to own an unsupported engine/ABI or substitute semantics","no supported faithful request/result boundary","unproven","unproven","would require new native/source distribution","unsupported coupling","does not expose Deno's own bundler or preserve its project semantics","would substitute an engine and duplicate Deno resolution/config logic","Reuse Effect Scope for owned handles/children, ChildProcess for selected processes, FileSystem/Path for explicit mutation, Stream only for a real typed event source, Layer for selection and dependency provision, and preserve Cause interruption.","bounded negative / reject for this operation","high","Deno bundle/mod.rs:1066-1167 and compile.rs:42-67 @ f39575e"
"deno","DENO-WATCH","bundle/compile watch and private rebuild context","declarative-artifact","deno.json/workspace/import map/lock plus command; selected Deno consumes canonical project files; filesystem/project handoff; effect-build calls provider. Family: stable config, manifest, project, or intermediate artifact handoff","provider pin/license: Deno 2.9.3 @ f39575ecd50602a5b42b1ba8e93849460de9fcf4; MIT; evidence class/support promise: documented public Deno project/config surface; effect-build-owned adapter/prototype license: MIT where applicable, otherwise not applicable","project files and permission flags remain canonical rather than flattened into generic options","preserves scopes/imports/locks/compile includes; does not itself execute","durable project state consumed per command","configuration only; private eszip/standalone formats are not stable interchange","ordinary source/project artifacts","Deno config schema/version","config alone does not execute bundle/check/declaration/compile/acquisition operations","reduces duplicated normalization when kept native","Reuse Effect Scope for owned handles/children, ChildProcess for selected processes, FileSystem/Path for explicit mutation, Stream only for a real typed event source, Layer for selection and dependency provision, and preserve Cause interruption.","bounded negative / reject for this operation","high","Deno bundle/mod.rs:1066-1167 and compile.rs:42-67 @ f39575e"
"deno","DENO-WATCH","bundle/compile watch and private rebuild context","isolated-worker","none supported; not available as a supported provider surface; none; effect-build calls provider. Family: local/remote isolated worker used specifically for host or fault isolation","provider pin/license: Deno 2.9.3 @ f39575ecd50602a5b42b1ba8e93849460de9fcf4; MIT; evidence class/support promise: local/remote worker adds no semantics beyond an explicit Deno sidecar or selected command; effect-build-owned adapter/prototype license: MIT where applicable, otherwise not applicable","would require effect-build to own an unsupported engine/ABI or substitute semantics","no supported faithful request/result boundary","unproven","unproven","would require new native/source distribution","unsupported coupling","remote build infrastructure is outside scope and local isolation is already a child","workspace/security/transport/outcome-unknown states","Reuse Effect Scope for owned handles/children, ChildProcess for selected processes, FileSystem/Path for explicit mutation, Stream only for a real typed event source, Layer for selection and dependency provision, and preserve Cause interruption.","bounded negative / reject for this operation","high","Deno bundle/mod.rs:1066-1167 and compile.rs:42-67 @ f39575e"
"deno","DENO-WATCH","bundle/compile watch and private rebuild context","upstream-contribution","future stable Rust API or machine service/context; Deno-owned; versioned protocol/library and typed event stream; effect-build calls provider. Family: missing supported protocol/library/cancellation/event surface proposed upstream","provider pin/license: Deno 2.9.3 @ f39575ecd50602a5b42b1ba8e93849460de9fcf4; MIT; evidence class/support promise: hypothetical; plugin request 32157 is unaccepted; effect-build-owned adapter/prototype license: MIT where applicable, otherwise not applicable","must expose runtime/helper/config/permission/target identities","structured outputs/plugins/check/declarations according to explicit capabilities","needs rebuild/cancel/dispose and acquisition outcome laws","must distinguish bytes/direct write/standalone publication","upstream-owned platform artifacts","stable version/capability contract","would change bounded negatives","moves private CLI coupling upstream","Reuse Effect Scope for owned handles/children, ChildProcess for selected processes, FileSystem/Path for explicit mutation, Stream only for a real typed event source, Layer for selection and dependency provision, and preserve Cause interruption.","upstream-dependent","high","Deno bundle/mod.rs:1066-1167 and compile.rs:42-67 @ f39575e"
"esbuild","ESB-TRANSFORM","transform source","direct-host-api","official JavaScript functions and context handle; Node host plus one package-module-global native esbuild child per resolved module instance; sync calls use a worker-owned child; private framed bidirectional stdio hidden behind supported JS API; effect-build calls provider. Family: official function, callback, or scoped handle in the provider's supported host","provider pin/license: esbuild 0.28.2 @ 609683d892977362a0f99026cb74b96263d728a9; MIT; evidence class/support promise: documented public esbuild 0.28.2 JS API, MIT; service protocol is undocumented internal; effect-build-owned adapter/prototype license: MIT where applicable, otherwise not applicable","the installed package normally resolves its matching optional platform binary, but ambient ESBUILD_BINARY_PATH can override that path; cwd/env are inherited","full structured results/options/virtual inputs and host plugin closures through reverse callbacks","one-shot operations through one module instance share its service; contexts expose rebuild/watch/serve/cancel/dispose; that module instance's global stop affects its consumers","in-memory bytes or provider-direct files; operation invariant: caller-owned code/map/warnings result","npm package plus platform binary or explicit ambient override; offline only when the selected bytes already exist","private first-packet exact-version check rejects version skew but does not content-bind an override; public compatibility is package API only","best TypeScript boundary for structured/plugin/context operations","low adapter cost but ambient override authority, package-module-global crash/stop, and one-shot cancellation need explicit treatment","Reuse Effect Scope for owned handles/children, ChildProcess for selected processes, FileSystem/Path for explicit mutation, Stream only for a real typed event source, Layer for selection and dependency provision, and preserve Cause interruption.","viable now","high","esbuild pkg/api/api.go:474-488 and lib/npm/node.ts @ 609683d"
"esbuild","ESB-TRANSFORM","transform source","selected-command","command; selected native esbuild child; argv/stdin/stdout/stderr/filesystem; effect-build calls provider. Family: one-shot or scoped provider command with native argv/project/process semantics","provider pin/license: esbuild 0.28.2 @ 609683d892977362a0f99026cb74b96263d728a9; MIT; evidence class/support promise: documented public esbuild 0.28.2 CLI, MIT; effect-build-owned adapter/prototype license: MIT where applicable, otherwise not applicable","caller selects exact executable/cwd/env/flags","native CLI options/project streams; no JS/Go plugin closures or structured API handles/results","one-shot or raw process-owned watch/serve; kill is the process boundary","stdout/direct files; operation invariant: caller-owned code/map/warnings result","single native platform binary","version/capability probe; terminal prose is not typed protocol","structured transform/code-map-warning results, formatMessages, analyzeMetafile, plugins, virtual callbacks, reusable contexts, typed watch events, and structured ServeResult","simple and well isolated","Reuse Effect Scope for owned handles/children, ChildProcess for selected processes, FileSystem/Path for explicit mutation, Stream only for a real typed event source, Layer for selection and dependency provision, and preserve Cause interruption.","bounded negative / reject for this operation","high","esbuild pkg/api/api.go:474-488 and lib/npm/node.ts @ 609683d"
"esbuild","ESB-TRANSFORM","transform source","official-language-library","official Go pkg/api functions and BuildContext; compiler linked directly in caller Go process; direct Go calls/callbacks; effect-build calls provider. Family: official Go or Rust library API outside the TypeScript host","provider pin/license: esbuild 0.28.2 @ 609683d892977362a0f99026cb74b96263d728a9; MIT; evidence class/support promise: documented public official Go API at 0.28.2, MIT; effect-build-owned adapter/prototype license: MIT where applicable, otherwise not applicable","Go module selects exact engine; caller owns options/filesystem/network","Go-native options/results/plugins/contexts; serializable pure/direct-write operations retain provider semantics, while JS closures and JS context identity do not","Go contexts expose rebuild/watch/serve/cancel/dispose but are not JS context handles","Go byte slices or provider-direct files; operation invariant: caller-owned code/map/warnings result","requires Go application/toolchain build per target; no child binary at runtime","Go module SemVer/API","exact provider semantics for pure serializable calls/direct writes in a Go consumer","low in Go; high if effect-build owns cross-language bridge","Reuse Effect Scope for owned handles/children, ChildProcess for selected processes, FileSystem/Path for explicit mutation, Stream only for a real typed event source, Layer for selection and dependency provision, and preserve Cause interruption.","viable now in Go; bounded adapter only for TypeScript","high","esbuild pkg/api/api.go:474-488 and lib/npm/node.ts @ 609683d"
"esbuild","ESB-TRANSFORM","transform source","native-bridge","none supported; not available as a supported provider surface; none; effect-build calls provider. Family: supported or owned C/C++/N-API/FFI bridge","provider pin/license: esbuild 0.28.2 @ 609683d892977362a0f99026cb74b96263d728a9; MIT; evidence class/support promise: no supported esbuild C/C++/N-API/FFI ABI found at 0.28.2 after official docs/pkg/lib/cmd/manifests search; effect-build-owned adapter/prototype license: MIT where applicable, otherwise not applicable","would require effect-build to own an unsupported engine/ABI or substitute semantics","no supported faithful request/result boundary","unproven","unproven; operation invariant: caller-owned code/map/warnings result","would require new native/source distribution","unsupported coupling","an owned bridge would wrap Go internals rather than an upstream ABI","per-platform ABI/build/signing and callback marshalling","Reuse Effect Scope for owned handles/children, ChildProcess for selected processes, FileSystem/Path for explicit mutation, Stream only for a real typed event source, Layer for selection and dependency provision, and preserve Cause interruption.","bounded negative / reject for this operation","high","esbuild pkg/api/api.go:474-488 and lib/npm/node.ts @ 609683d"
"esbuild","ESB-TRANSFORM","transform source","embedded-engine","linked Go library; same Go process; direct Go calls; effect-build calls provider. Family: linked or vendored upstream compiler/runtime core","provider pin/license: esbuild 0.28.2 @ 609683d892977362a0f99026cb74b96263d728a9; MIT; evidence class/support promise: supported only through official Go API; vendoring internals beyond pkg/api is unsupported; effect-build-owned adapter/prototype license: MIT where applicable, otherwise not applicable","Go module/build selects engine","Go-native values; does not preserve JS closure/context identity","Go-native calls and contexts","bytes/direct writes; operation invariant: caller-owned code/map/warnings result","Go binary per platform","public Go API only","truthful embedded mechanism for pure/direct-write operations in Go applications","reasonable in Go, substantial for this JS package train","Reuse Effect Scope for owned handles/children, ChildProcess for selected processes, FileSystem/Path for explicit mutation, Stream only for a real typed event source, Layer for selection and dependency provision, and preserve Cause interruption.","official for Go consumer; research-only for effect-build","high","esbuild pkg/api/api.go:474-488 and lib/npm/node.ts @ 609683d"
"esbuild","ESB-TRANSFORM","transform source","runtime-hosted-sidecar","framed request/result; owned Go or Node sidecar invoking public API; effect-build protocol, possibly bidirectional; effect-build calls provider. Family: provider-native public API behind an effect-build-owned framed protocol","provider pin/license: esbuild 0.28.2 @ 609683d892977362a0f99026cb74b96263d728a9; MIT; evidence class/support promise: hypothetical/bounded adapter; not upstream; effect-build-owned adapter/prototype license: MIT where applicable, otherwise not applicable","effect-build selects/distributes sidecar engine image and protocol","serializable options/results; JS plugins need reverse callback RPC or provider-side module loading","one-shot or process session; context IDs require crash/stale-handle laws","bytes copied over transport or files in sidecar namespace; operation invariant: caller-owned code/map/warnings result","new binaries/server per platform","owned schema/handshake plus esbuild version","can give host independence/fault ownership for pure serializable operations","protocol/platform packaging/callback/backpressure/session states added","Reuse Effect Scope for owned handles/children, ChildProcess for selected processes, FileSystem/Path for explicit mutation, Stream only for a real typed event source, Layer for selection and dependency provision, and preserve Cause interruption.","viable with bounded adapter for pure calls but no current simplification","medium","esbuild pkg/api/api.go:474-488 and lib/npm/node.ts @ 609683d"
"esbuild","ESB-TRANSFORM","transform source","persistent-session","official JS service plus context handles, or owned session; shared native child for JS API; Go context for Go API; private service protocol behind public API; effect-build calls provider. Family: versioned daemon/service session with lifetime-bound handles","provider pin/license: esbuild 0.28.2 @ 609683d892977362a0f99026cb74b96263d728a9; MIT; evidence class/support promise: public contexts are supported; native service protocol is not; effect-build-owned adapter/prototype license: MIT where applicable, otherwise not applicable","package-selected service; context owns build key while service is global","full semantics through public API; do not expose private handle IDs","cancel/dispose are per context; stop/crash is global and invalidates every context","structured/direct according to request; operation invariant: caller-owned code/map/warnings result","normal esbuild package","exact internal handshake owned by upstream package","one-shot build calls do not expose a caller-owned session; do not wrap them in a new daemon or use global stop as a per-scope finalizer","reuses upstream session; effect-build only adds Scope law","Reuse Effect Scope for owned handles/children, ChildProcess for selected processes, FileSystem/Path for explicit mutation, Stream only for a real typed event source, Layer for selection and dependency provision, and preserve Cause interruption.","bounded negative / reject for this operation","high","esbuild pkg/api/api.go:474-488 and lib/npm/node.ts @ 609683d"
"esbuild","ESB-TRANSFORM","transform source","wasm-worker","browser JS API; Web Worker by default or same browser thread -> Go WASM service; postMessage/in-memory framed channel and WASM calls; effect-build calls provider. Family: supported WebAssembly, WASI, or provider worker boundary","provider pin/license: esbuild 0.28.2 @ 609683d892977362a0f99026cb74b96263d728a9; MIT; evidence class/support promise: documented public esbuild-wasm 0.28.2 browser API, MIT; effect-build-owned adapter/prototype license: MIT where applicable, otherwise not applicable","caller selects exact wasmURL/module; no native selected binary","in-memory/virtual/plugin inputs and structured results; no native filesystem","worker initialized/stopped; public support excludes sync/context/watch/serve","in-memory bytes only; copies across worker/WASM; operation invariant: caller-owned code/map/warnings result","WASM plus JS glue/browser worker; larger/slower than native","exact JS/WASM package version","browser-hosted transform/format/analyze/plugin semantics in the reduced domain","portable distribution but capability and copy/performance losses","Reuse Effect Scope for owned handles/children, ChildProcess for selected processes, FileSystem/Path for explicit mutation, Stream only for a real typed event source, Layer for selection and dependency provision, and preserve Cause interruption.","viable in reduced domain; research-only for effect-build","high","esbuild pkg/api/api.go:474-488 and lib/npm/node.ts @ 609683d"
"esbuild","ESB-TRANSFORM","transform source","inverted-plugin","plugin callbacks registered with public JS/Go API; native engine reverse-calls host callback; upstream bidirectional service callbacks or direct Go calls; effect-build calls provider. Family: provider owns execution and calls effect-build-controlled hooks/modules","provider pin/license: esbuild 0.28.2 @ 609683d892977362a0f99026cb74b96263d728a9; MIT; evidence class/support promise: documented public plugin API; effect-build-owned adapter/prototype license: MIT where applicable, otherwise not applicable","engine owns schedule; host owns plugin code/state","faithfully preserves closures, virtual modules, diagnostics and reentrancy in supported host","callbacks/build keys tied to build/context; cancellation waits on running host callbacks","plugins can alter graph/results/direct writes; operation invariant: caller-owned code/map/warnings result","plugin code installed with host","public plugin API and host runtime","a callback is an adjunct to builds and contexts, not the caller surface for build, rebuild, cancel, dispose, watch, or serve","upstream already owns callback protocol; effect-build should not recreate it","Reuse Effect Scope for owned handles/children, ChildProcess for selected processes, FileSystem/Path for explicit mutation, Stream only for a real typed event source, Layer for selection and dependency provision, and preserve Cause interruption.","bounded negative / reject for this operation","high","esbuild pkg/api/api.go:474-488 and lib/npm/node.ts @ 609683d"
"esbuild","ESB-TRANSFORM","transform source","declarative-artifact","none supported; not available as a supported provider surface; none; effect-build calls provider. Family: stable config, manifest, project, or intermediate artifact handoff","provider pin/license: esbuild 0.28.2 @ 609683d892977362a0f99026cb74b96263d728a9; MIT; evidence class/support promise: esbuild intentionally exposes CLI flags/API objects and no native stable project config/IR interchange; effect-build-owned adapter/prototype license: MIT where applicable, otherwise not applicable","would require effect-build to own an unsupported engine/ABI or substitute semantics","no supported faithful request/result boundary","unproven","unproven; operation invariant: caller-owned code/map/warnings result","would require new native/source distribution","unsupported coupling","a JSON options file or stored argv does not change execution semantics and cannot contain callbacks","parallel schema/config version without capability gain","Reuse Effect Scope for owned handles/children, ChildProcess for selected processes, FileSystem/Path for explicit mutation, Stream only for a real typed event source, Layer for selection and dependency provision, and preserve Cause interruption.","bounded negative / reject for this operation","high","esbuild pkg/api/api.go:474-488 and lib/npm/node.ts @ 609683d"
"esbuild","ESB-TRANSFORM","transform source","isolated-worker","none supported; not available as a supported provider surface; none; effect-build calls provider. Family: local/remote isolated worker used specifically for host or fault isolation","provider pin/license: esbuild 0.28.2 @ 609683d892977362a0f99026cb74b96263d728a9; MIT; evidence class/support promise: a Node worker/remote worker can wrap the JS package, but the compiler is already in a child and no current operation needs remote infrastructure; effect-build-owned adapter/prototype license: MIT where applicable, otherwise not applicable","would require effect-build to own an unsupported engine/ABI or substitute semantics","no supported faithful request/result boundary","unproven","unproven; operation invariant: caller-owned code/map/warnings result","would require new native/source distribution","unsupported coupling","does not remove global service unless it becomes an owned sidecar and loses callbacks without code mobility","duplicate process/protocol/security/workspace states","Reuse Effect Scope for owned handles/children, ChildProcess for selected processes, FileSystem/Path for explicit mutation, Stream only for a real typed event source, Layer for selection and dependency provision, and preserve Cause interruption.","bounded negative / reject for this operation","high","esbuild pkg/api/api.go:474-488 and lib/npm/node.ts @ 609683d"
"esbuild","ESB-TRANSFORM","transform source","upstream-contribution","future supported service protocol/per-context service/cancel; upstream-defined; documented versioned protocol or additional public API; effect-build calls provider. Family: missing supported protocol/library/cancellation/event surface proposed upstream","provider pin/license: esbuild 0.28.2 @ 609683d892977362a0f99026cb74b96263d728a9; MIT; evidence class/support promise: hypothetical; current --service is hidden/internal; effect-build-owned adapter/prototype license: MIT where applicable, otherwise not applicable","would need explicit binary/service identity","should preserve structured values and callback policy","per-operation cancel and crash recovery without global stop would change costs","must retain direct/memory distinctions; operation invariant: caller-owned code/map/warnings result","upstream-owned","documented protocol/version","would make an owned cross-host service much cheaper","upstream absorbs protocol maintenance","Reuse Effect Scope for owned handles/children, ChildProcess for selected processes, FileSystem/Path for explicit mutation, Stream only for a real typed event source, Layer for selection and dependency provision, and preserve Cause interruption.","upstream-dependent","high","esbuild pkg/api/api.go:474-488 and lib/npm/node.ts @ 609683d"
"esbuild","ESB-FORMAT-MESSAGES","format structured messages","direct-host-api","official JavaScript functions and context handle; Node host plus one package-module-global native esbuild child per resolved module instance; sync calls use a worker-owned child; private framed bidirectional stdio hidden behind supported JS API; effect-build calls provider. Family: official function, callback, or scoped handle in the provider's supported host","provider pin/license: esbuild 0.28.2 @ 609683d892977362a0f99026cb74b96263d728a9; MIT; evidence class/support promise: documented public esbuild 0.28.2 JS API, MIT; service protocol is undocumented internal; effect-build-owned adapter/prototype license: MIT where applicable, otherwise not applicable","the installed package normally resolves its matching optional platform binary, but ambient ESBUILD_BINARY_PATH can override that path; cwd/env are inherited","full structured results/options/virtual inputs and host plugin closures through reverse callbacks","one-shot operations through one module instance share its service; contexts expose rebuild/watch/serve/cancel/dispose; that module instance's global stop affects its consumers","in-memory bytes or provider-direct files; operation invariant: caller-owned formatted string array","npm package plus platform binary or explicit ambient override; offline only when the selected bytes already exist","private first-packet exact-version check rejects version skew but does not content-bind an override; public compatibility is package API only","best TypeScript boundary for structured/plugin/context operations","low adapter cost but ambient override authority, package-module-global crash/stop, and one-shot cancellation need explicit treatment","Reuse Effect Scope for owned handles/children, ChildProcess for selected processes, FileSystem/Path for explicit mutation, Stream only for a real typed event source, Layer for selection and dependency provision, and preserve Cause interruption.","viable now","high","esbuild pkg/api/api.go:715-729 and service.go @ 609683d"
"esbuild","ESB-FORMAT-MESSAGES","format structured messages","selected-command","command; selected native esbuild child; argv/stdin/stdout/stderr/filesystem; effect-build calls provider. Family: one-shot or scoped provider command with native argv/project/process semantics","provider pin/license: esbuild 0.28.2 @ 609683d892977362a0f99026cb74b96263d728a9; MIT; evidence class/support promise: documented public esbuild 0.28.2 CLI, MIT; effect-build-owned adapter/prototype license: MIT where applicable, otherwise not applicable","caller selects exact executable/cwd/env/flags","native CLI options/project streams; no JS/Go plugin closures or structured API handles/results","one-shot or raw process-owned watch/serve; kill is the process boundary","stdout/direct files; operation invariant: caller-owned formatted string array","single native platform binary","version/capability probe; terminal prose is not typed protocol","structured transform/code-map-warning results, formatMessages, analyzeMetafile, plugins, virtual callbacks, reusable contexts, typed watch events, and structured ServeResult","simple and well isolated","Reuse Effect Scope for owned handles/children, ChildProcess for selected processes, FileSystem/Path for explicit mutation, Stream only for a real typed event source, Layer for selection and dependency provision, and preserve Cause interruption.","bounded negative / reject for this operation","high","esbuild pkg/api/api.go:715-729 and service.go @ 609683d"
"esbuild","ESB-FORMAT-MESSAGES","format structured messages","official-language-library","official Go pkg/api functions and BuildContext; compiler linked directly in caller Go process; direct Go calls/callbacks; effect-build calls provider. Family: official Go or Rust library API outside the TypeScript host","provider pin/license: esbuild 0.28.2 @ 609683d892977362a0f99026cb74b96263d728a9; MIT; evidence class/support promise: documented public official Go API at 0.28.2, MIT; effect-build-owned adapter/prototype license: MIT where applicable, otherwise not applicable","Go module selects exact engine; caller owns options/filesystem/network","Go-native options/results/plugins/contexts; serializable pure/direct-write operations retain provider semantics, while JS closures and JS context identity do not","Go contexts expose rebuild/watch/serve/cancel/dispose but are not JS context handles","Go byte slices or provider-direct files; operation invariant: caller-owned formatted string array","requires Go application/toolchain build per target; no child binary at runtime","Go module SemVer/API","exact provider semantics for pure serializable calls/direct writes in a Go consumer","low in Go; high if effect-build owns cross-language bridge","Reuse Effect Scope for owned handles/children, ChildProcess for selected processes, FileSystem/Path for explicit mutation, Stream only for a real typed event source, Layer for selection and dependency provision, and preserve Cause interruption.","viable now in Go; bounded adapter only for TypeScript","high","esbuild pkg/api/api.go:715-729 and service.go @ 609683d"
"esbuild","ESB-FORMAT-MESSAGES","format structured messages","native-bridge","none supported; not available as a supported provider surface; none; effect-build calls provider. Family: supported or owned C/C++/N-API/FFI bridge","provider pin/license: esbuild 0.28.2 @ 609683d892977362a0f99026cb74b96263d728a9; MIT; evidence class/support promise: no supported esbuild C/C++/N-API/FFI ABI found at 0.28.2 after official docs/pkg/lib/cmd/manifests search; effect-build-owned adapter/prototype license: MIT where applicable, otherwise not applicable","would require effect-build to own an unsupported engine/ABI or substitute semantics","no supported faithful request/result boundary","unproven","unproven; operation invariant: caller-owned formatted string array","would require new native/source distribution","unsupported coupling","an owned bridge would wrap Go internals rather than an upstream ABI","per-platform ABI/build/signing and callback marshalling","Reuse Effect Scope for owned handles/children, ChildProcess for selected processes, FileSystem/Path for explicit mutation, Stream only for a real typed event source, Layer for selection and dependency provision, and preserve Cause interruption.","bounded negative / reject for this operation","high","esbuild pkg/api/api.go:715-729 and service.go @ 609683d"
"esbuild","ESB-FORMAT-MESSAGES","format structured messages","embedded-engine","linked Go library; same Go process; direct Go calls; effect-build calls provider. Family: linked or vendored upstream compiler/runtime core","provider pin/license: esbuild 0.28.2 @ 609683d892977362a0f99026cb74b96263d728a9; MIT; evidence class/support promise: supported only through official Go API; vendoring internals beyond pkg/api is unsupported; effect-build-owned adapter/prototype license: MIT where applicable, otherwise not applicable","Go module/build selects engine","Go-native values; does not preserve JS closure/context identity","Go-native calls and contexts","bytes/direct writes; operation invariant: caller-owned formatted string array","Go binary per platform","public Go API only","truthful embedded mechanism for pure/direct-write operations in Go applications","reasonable in Go, substantial for this JS package train","Reuse Effect Scope for owned handles/children, ChildProcess for selected processes, FileSystem/Path for explicit mutation, Stream only for a real typed event source, Layer for selection and dependency provision, and preserve Cause interruption.","official for Go consumer; research-only for effect-build","high","esbuild pkg/api/api.go:715-729 and service.go @ 609683d"
"esbuild","ESB-FORMAT-MESSAGES","format structured messages","runtime-hosted-sidecar","framed request/result; owned Go or Node sidecar invoking public API; effect-build protocol, possibly bidirectional; effect-build calls provider. Family: provider-native public API behind an effect-build-owned framed protocol","provider pin/license: esbuild 0.28.2 @ 609683d892977362a0f99026cb74b96263d728a9; MIT; evidence class/support promise: hypothetical/bounded adapter; not upstream; effect-build-owned adapter/prototype license: MIT where applicable, otherwise not applicable","effect-build selects/distributes sidecar engine image and protocol","serializable options/results; JS plugins need reverse callback RPC or provider-side module loading","one-shot or process session; context IDs require crash/stale-handle laws","bytes copied over transport or files in sidecar namespace; operation invariant: caller-owned formatted string array","new binaries/server per platform","owned schema/handshake plus esbuild version","can give host independence/fault ownership for pure serializable operations","protocol/platform packaging/callback/backpressure/session states added","Reuse Effect Scope for owned handles/children, ChildProcess for selected processes, FileSystem/Path for explicit mutation, Stream only for a real typed event source, Layer for selection and dependency provision, and preserve Cause interruption.","viable with bounded adapter for pure calls but no current simplification","medium","esbuild pkg/api/api.go:715-729 and service.go @ 609683d"
"esbuild","ESB-FORMAT-MESSAGES","format structured messages","persistent-session","official JS service plus context handles, or owned session; shared native child for JS API; Go context for Go API; private service protocol behind public API; effect-build calls provider. Family: versioned daemon/service session with lifetime-bound handles","provider pin/license: esbuild 0.28.2 @ 609683d892977362a0f99026cb74b96263d728a9; MIT; evidence class/support promise: public contexts are supported; native service protocol is not; effect-build-owned adapter/prototype license: MIT where applicable, otherwise not applicable","package-selected service; context owns build key while service is global","full semantics through public API; do not expose private handle IDs","cancel/dispose are per context; stop/crash is global and invalidates every context","structured/direct according to request; operation invariant: caller-owned formatted string array","normal esbuild package","exact internal handshake owned by upstream package","one-shot build calls do not expose a caller-owned session; do not wrap them in a new daemon or use global stop as a per-scope finalizer","reuses upstream session; effect-build only adds Scope law","Reuse Effect Scope for owned handles/children, ChildProcess for selected processes, FileSystem/Path for explicit mutation, Stream only for a real typed event source, Layer for selection and dependency provision, and preserve Cause interruption.","bounded negative / reject for this operation","high","esbuild pkg/api/api.go:715-729 and service.go @ 609683d"
"esbuild","ESB-FORMAT-MESSAGES","format structured messages","wasm-worker","browser JS API; Web Worker by default or same browser thread -> Go WASM service; postMessage/in-memory framed channel and WASM calls; effect-build calls provider. Family: supported WebAssembly, WASI, or provider worker boundary","provider pin/license: esbuild 0.28.2 @ 609683d892977362a0f99026cb74b96263d728a9; MIT; evidence class/support promise: documented public esbuild-wasm 0.28.2 browser API, MIT; effect-build-owned adapter/prototype license: MIT where applicable, otherwise not applicable","caller selects exact wasmURL/module; no native selected binary","in-memory/virtual/plugin inputs and structured results; no native filesystem","worker initialized/stopped; public support excludes sync/context/watch/serve","in-memory bytes only; copies across worker/WASM; operation invariant: caller-owned formatted string array","WASM plus JS glue/browser worker; larger/slower than native","exact JS/WASM package version","browser-hosted transform/format/analyze/plugin semantics in the reduced domain","portable distribution but capability and copy/performance losses","Reuse Effect Scope for owned handles/children, ChildProcess for selected processes, FileSystem/Path for explicit mutation, Stream only for a real typed event source, Layer for selection and dependency provision, and preserve Cause interruption.","viable in reduced domain; research-only for effect-build","high","esbuild pkg/api/api.go:715-729 and service.go @ 609683d"
"esbuild","ESB-FORMAT-MESSAGES","format structured messages","inverted-plugin","plugin callbacks registered with public JS/Go API; native engine reverse-calls host callback; upstream bidirectional service callbacks or direct Go calls; effect-build calls provider. Family: provider owns execution and calls effect-build-controlled hooks/modules","provider pin/license: esbuild 0.28.2 @ 609683d892977362a0f99026cb74b96263d728a9; MIT; evidence class/support promise: documented public plugin API; effect-build-owned adapter/prototype license: MIT where applicable, otherwise not applicable","engine owns schedule; host owns plugin code/state","faithfully preserves closures, virtual modules, diagnostics and reentrancy in supported host","callbacks/build keys tied to build/context; cancellation waits on running host callbacks","plugins can alter graph/results/direct writes; operation invariant: caller-owned formatted string array","plugin code installed with host","public plugin API and host runtime","a callback is an adjunct to builds and contexts, not the caller surface for build, rebuild, cancel, dispose, watch, or serve","upstream already owns callback protocol; effect-build should not recreate it","Reuse Effect Scope for owned handles/children, ChildProcess for selected processes, FileSystem/Path for explicit mutation, Stream only for a real typed event source, Layer for selection and dependency provision, and preserve Cause interruption.","bounded negative / reject for this operation","high","esbuild pkg/api/api.go:715-729 and service.go @ 609683d"
"esbuild","ESB-FORMAT-MESSAGES","format structured messages","declarative-artifact","none supported; not available as a supported provider surface; none; effect-build calls provider. Family: stable config, manifest, project, or intermediate artifact handoff","provider pin/license: esbuild 0.28.2 @ 609683d892977362a0f99026cb74b96263d728a9; MIT; evidence class/support promise: esbuild intentionally exposes CLI flags/API objects and no native stable project config/IR interchange; effect-build-owned adapter/prototype license: MIT where applicable, otherwise not applicable","would require effect-build to own an unsupported engine/ABI or substitute semantics","no supported faithful request/result boundary","unproven","unproven; operation invariant: caller-owned formatted string array","would require new native/source distribution","unsupported coupling","a JSON options file or stored argv does not change execution semantics and cannot contain callbacks","parallel schema/config version without capability gain","Reuse Effect Scope for owned handles/children, ChildProcess for selected processes, FileSystem/Path for explicit mutation, Stream only for a real typed event source, Layer for selection and dependency provision, and preserve Cause interruption.","bounded negative / reject for this operation","high","esbuild pkg/api/api.go:715-729 and service.go @ 609683d"
"esbuild","ESB-FORMAT-MESSAGES","format structured messages","isolated-worker","none supported; not available as a supported provider surface; none; effect-build calls provider. Family: local/remote isolated worker used specifically for host or fault isolation","provider pin/license: esbuild 0.28.2 @ 609683d892977362a0f99026cb74b96263d728a9; MIT; evidence class/support promise: a Node worker/remote worker can wrap the JS package, but the compiler is already in a child and no current operation needs remote infrastructure; effect-build-owned adapter/prototype license: MIT where applicable, otherwise not applicable","would require effect-build to own an unsupported engine/ABI or substitute semantics","no supported faithful request/result boundary","unproven","unproven; operation invariant: caller-owned formatted string array","would require new native/source distribution","unsupported coupling","does not remove global service unless it becomes an owned sidecar and loses callbacks without code mobility","duplicate process/protocol/security/workspace states","Reuse Effect Scope for owned handles/children, ChildProcess for selected processes, FileSystem/Path for explicit mutation, Stream only for a real typed event source, Layer for selection and dependency provision, and preserve Cause interruption.","bounded negative / reject for this operation","high","esbuild pkg/api/api.go:715-729 and service.go @ 609683d"
"esbuild","ESB-FORMAT-MESSAGES","format structured messages","upstream-contribution","future supported service protocol/per-context service/cancel; upstream-defined; documented versioned protocol or additional public API; effect-build calls provider. Family: missing supported protocol/library/cancellation/event surface proposed upstream","provider pin/license: esbuild 0.28.2 @ 609683d892977362a0f99026cb74b96263d728a9; MIT; evidence class/support promise: hypothetical; current --service is hidden/internal; effect-build-owned adapter/prototype license: MIT where applicable, otherwise not applicable","would need explicit binary/service identity","should preserve structured values and callback policy","per-operation cancel and crash recovery without global stop would change costs","must retain direct/memory distinctions; operation invariant: caller-owned formatted string array","upstream-owned","documented protocol/version","would make an owned cross-host service much cheaper","upstream absorbs protocol maintenance","Reuse Effect Scope for owned handles/children, ChildProcess for selected processes, FileSystem/Path for explicit mutation, Stream only for a real typed event source, Layer for selection and dependency provision, and preserve Cause interruption.","upstream-dependent","high","esbuild pkg/api/api.go:715-729 and service.go @ 609683d"
"esbuild","ESB-ANALYZE-METAFILE","analyze a metafile","direct-host-api","official JavaScript functions and context handle; Node host plus one package-module-global native esbuild child per resolved module instance; sync calls use a worker-owned child; private framed bidirectional stdio hidden behind supported JS API; effect-build calls provider. Family: official function, callback, or scoped handle in the provider's supported host","provider pin/license: esbuild 0.28.2 @ 609683d892977362a0f99026cb74b96263d728a9; MIT; evidence class/support promise: documented public esbuild 0.28.2 JS API, MIT; service protocol is undocumented internal; effect-build-owned adapter/prototype license: MIT where applicable, otherwise not applicable","the installed package normally resolves its matching optional platform binary, but ambient ESBUILD_BINARY_PATH can override that path; cwd/env are inherited","full structured results/options/virtual inputs and host plugin closures through reverse callbacks","one-shot operations through one module instance share its service; contexts expose rebuild/watch/serve/cancel/dispose; that module instance's global stop affects its consumers","in-memory bytes or provider-direct files; operation invariant: caller-owned analysis string","npm package plus platform binary or explicit ambient override; offline only when the selected bytes already exist","private first-packet exact-version check rejects version skew but does not content-bind an override; public compatibility is package API only","best TypeScript boundary for structured/plugin/context operations","low adapter cost but ambient override authority, package-module-global crash/stop, and one-shot cancellation need explicit treatment","Reuse Effect Scope for owned handles/children, ChildProcess for selected processes, FileSystem/Path for explicit mutation, Stream only for a real typed event source, Layer for selection and dependency provision, and preserve Cause interruption.","viable now","high","esbuild pkg/api/api.go:731-746 and service.go @ 609683d"
"esbuild","ESB-ANALYZE-METAFILE","analyze a metafile","selected-command","command; selected native esbuild child; argv/stdin/stdout/stderr/filesystem; effect-build calls provider. Family: one-shot or scoped provider command with native argv/project/process semantics","provider pin/license: esbuild 0.28.2 @ 609683d892977362a0f99026cb74b96263d728a9; MIT; evidence class/support promise: documented public esbuild 0.28.2 CLI, MIT; effect-build-owned adapter/prototype license: MIT where applicable, otherwise not applicable","caller selects exact executable/cwd/env/flags","native CLI options/project streams; no JS/Go plugin closures or structured API handles/results","one-shot or raw process-owned watch/serve; kill is the process boundary","stdout/direct files; operation invariant: caller-owned analysis string","single native platform binary","version/capability probe; terminal prose is not typed protocol","structured transform/code-map-warning results, formatMessages, analyzeMetafile, plugins, virtual callbacks, reusable contexts, typed watch events, and structured ServeResult","simple and well isolated","Reuse Effect Scope for owned handles/children, ChildProcess for selected processes, FileSystem/Path for explicit mutation, Stream only for a real typed event source, Layer for selection and dependency provision, and preserve Cause interruption.","bounded negative / reject for this operation","high","esbuild pkg/api/api.go:731-746 and service.go @ 609683d"
"esbuild","ESB-ANALYZE-METAFILE","analyze a metafile","official-language-library","official Go pkg/api functions and BuildContext; compiler linked directly in caller Go process; direct Go calls/callbacks; effect-build calls provider. Family: official Go or Rust library API outside the TypeScript host","provider pin/license: esbuild 0.28.2 @ 609683d892977362a0f99026cb74b96263d728a9; MIT; evidence class/support promise: documented public official Go API at 0.28.2, MIT; effect-build-owned adapter/prototype license: MIT where applicable, otherwise not applicable","Go module selects exact engine; caller owns options/filesystem/network","Go-native options/results/plugins/contexts; serializable pure/direct-write operations retain provider semantics, while JS closures and JS context identity do not","Go contexts expose rebuild/watch/serve/cancel/dispose but are not JS context handles","Go byte slices or provider-direct files; operation invariant: caller-owned analysis string","requires Go application/toolchain build per target; no child binary at runtime","Go module SemVer/API","exact provider semantics for pure serializable calls/direct writes in a Go consumer","low in Go; high if effect-build owns cross-language bridge","Reuse Effect Scope for owned handles/children, ChildProcess for selected processes, FileSystem/Path for explicit mutation, Stream only for a real typed event source, Layer for selection and dependency provision, and preserve Cause interruption.","viable now in Go; bounded adapter only for TypeScript","high","esbuild pkg/api/api.go:731-746 and service.go @ 609683d"
"esbuild","ESB-ANALYZE-METAFILE","analyze a metafile","native-bridge","none supported; not available as a supported provider surface; none; effect-build calls provider. Family: supported or owned C/C++/N-API/FFI bridge","provider pin/license: esbuild 0.28.2 @ 609683d892977362a0f99026cb74b96263d728a9; MIT; evidence class/support promise: no supported esbuild C/C++/N-API/FFI ABI found at 0.28.2 after official docs/pkg/lib/cmd/manifests search; effect-build-owned adapter/prototype license: MIT where applicable, otherwise not applicable","would require effect-build to own an unsupported engine/ABI or substitute semantics","no supported faithful request/result boundary","unproven","unproven; operation invariant: caller-owned analysis string","would require new native/source distribution","unsupported coupling","an owned bridge would wrap Go internals rather than an upstream ABI","per-platform ABI/build/signing and callback marshalling","Reuse Effect Scope for owned handles/children, ChildProcess for selected processes, FileSystem/Path for explicit mutation, Stream only for a real typed event source, Layer for selection and dependency provision, and preserve Cause interruption.","bounded negative / reject for this operation","high","esbuild pkg/api/api.go:731-746 and service.go @ 609683d"
"esbuild","ESB-ANALYZE-METAFILE","analyze a metafile","embedded-engine","linked Go library; same Go process; direct Go calls; effect-build calls provider. Family: linked or vendored upstream compiler/runtime core","provider pin/license: esbuild 0.28.2 @ 609683d892977362a0f99026cb74b96263d728a9; MIT; evidence class/support promise: supported only through official Go API; vendoring internals beyond pkg/api is unsupported; effect-build-owned adapter/prototype license: MIT where applicable, otherwise not applicable","Go module/build selects engine","Go-native values; does not preserve JS closure/context identity","Go-native calls and contexts","bytes/direct writes; operation invariant: caller-owned analysis string","Go binary per platform","public Go API only","truthful embedded mechanism for pure/direct-write operations in Go applications","reasonable in Go, substantial for this JS package train","Reuse Effect Scope for owned handles/children, ChildProcess for selected processes, FileSystem/Path for explicit mutation, Stream only for a real typed event source, Layer for selection and dependency provision, and preserve Cause interruption.","official for Go consumer; research-only for effect-build","high","esbuild pkg/api/api.go:731-746 and service.go @ 609683d"
"esbuild","ESB-ANALYZE-METAFILE","analyze a metafile","runtime-hosted-sidecar","framed request/result; owned Go or Node sidecar invoking public API; effect-build protocol, possibly bidirectional; effect-build calls provider. Family: provider-native public API behind an effect-build-owned framed protocol","provider pin/license: esbuild 0.28.2 @ 609683d892977362a0f99026cb74b96263d728a9; MIT; evidence class/support promise: hypothetical/bounded adapter; not upstream; effect-build-owned adapter/prototype license: MIT where applicable, otherwise not applicable","effect-build selects/distributes sidecar engine image and protocol","serializable options/results; JS plugins need reverse callback RPC or provider-side module loading","one-shot or process session; context IDs require crash/stale-handle laws","bytes copied over transport or files in sidecar namespace; operation invariant: caller-owned analysis string","new binaries/server per platform","owned schema/handshake plus esbuild version","can give host independence/fault ownership for pure serializable operations","protocol/platform packaging/callback/backpressure/session states added","Reuse Effect Scope for owned handles/children, ChildProcess for selected processes, FileSystem/Path for explicit mutation, Stream only for a real typed event source, Layer for selection and dependency provision, and preserve Cause interruption.","viable with bounded adapter for pure calls but no current simplification","medium","esbuild pkg/api/api.go:731-746 and service.go @ 609683d"
"esbuild","ESB-ANALYZE-METAFILE","analyze a metafile","persistent-session","official JS service plus context handles, or owned session; shared native child for JS API; Go context for Go API; private service protocol behind public API; effect-build calls provider. Family: versioned daemon/service session with lifetime-bound handles","provider pin/license: esbuild 0.28.2 @ 609683d892977362a0f99026cb74b96263d728a9; MIT; evidence class/support promise: public contexts are supported; native service protocol is not; effect-build-owned adapter/prototype license: MIT where applicable, otherwise not applicable","package-selected service; context owns build key while service is global","full semantics through public API; do not expose private handle IDs","cancel/dispose are per context; stop/crash is global and invalidates every context","structured/direct according to request; operation invariant: caller-owned analysis string","normal esbuild package","exact internal handshake owned by upstream package","one-shot build calls do not expose a caller-owned session; do not wrap them in a new daemon or use global stop as a per-scope finalizer","reuses upstream session; effect-build only adds Scope law","Reuse Effect Scope for owned handles/children, ChildProcess for selected processes, FileSystem/Path for explicit mutation, Stream only for a real typed event source, Layer for selection and dependency provision, and preserve Cause interruption.","bounded negative / reject for this operation","high","esbuild pkg/api/api.go:731-746 and service.go @ 609683d"
"esbuild","ESB-ANALYZE-METAFILE","analyze a metafile","wasm-worker","browser JS API; Web Worker by default or same browser thread -> Go WASM service; postMessage/in-memory framed channel and WASM calls; effect-build calls provider. Family: supported WebAssembly, WASI, or provider worker boundary","provider pin/license: esbuild 0.28.2 @ 609683d892977362a0f99026cb74b96263d728a9; MIT; evidence class/support promise: documented public esbuild-wasm 0.28.2 browser API, MIT; effect-build-owned adapter/prototype license: MIT where applicable, otherwise not applicable","caller selects exact wasmURL/module; no native selected binary","in-memory/virtual/plugin inputs and structured results; no native filesystem","worker initialized/stopped; public support excludes sync/context/watch/serve","in-memory bytes only; copies across worker/WASM; operation invariant: caller-owned analysis string","WASM plus JS glue/browser worker; larger/slower than native","exact JS/WASM package version","browser-hosted transform/format/analyze/plugin semantics in the reduced domain","portable distribution but capability and copy/performance losses","Reuse Effect Scope for owned handles/children, ChildProcess for selected processes, FileSystem/Path for explicit mutation, Stream only for a real typed event source, Layer for selection and dependency provision, and preserve Cause interruption.","viable in reduced domain; research-only for effect-build","high","esbuild pkg/api/api.go:731-746 and service.go @ 609683d"
"esbuild","ESB-ANALYZE-METAFILE","analyze a metafile","inverted-plugin","plugin callbacks registered with public JS/Go API; native engine reverse-calls host callback; upstream bidirectional service callbacks or direct Go calls; effect-build calls provider. Family: provider owns execution and calls effect-build-controlled hooks/modules","provider pin/license: esbuild 0.28.2 @ 609683d892977362a0f99026cb74b96263d728a9; MIT; evidence class/support promise: documented public plugin API; effect-build-owned adapter/prototype license: MIT where applicable, otherwise not applicable","engine owns schedule; host owns plugin code/state","faithfully preserves closures, virtual modules, diagnostics and reentrancy in supported host","callbacks/build keys tied to build/context; cancellation waits on running host callbacks","plugins can alter graph/results/direct writes; operation invariant: caller-owned analysis string","plugin code installed with host","public plugin API and host runtime","a callback is an adjunct to builds and contexts, not the caller surface for build, rebuild, cancel, dispose, watch, or serve","upstream already owns callback protocol; effect-build should not recreate it","Reuse Effect Scope for owned handles/children, ChildProcess for selected processes, FileSystem/Path for explicit mutation, Stream only for a real typed event source, Layer for selection and dependency provision, and preserve Cause interruption.","bounded negative / reject for this operation","high","esbuild pkg/api/api.go:731-746 and service.go @ 609683d"
"esbuild","ESB-ANALYZE-METAFILE","analyze a metafile","declarative-artifact","none supported; not available as a supported provider surface; none; effect-build calls provider. Family: stable config, manifest, project, or intermediate artifact handoff","provider pin/license: esbuild 0.28.2 @ 609683d892977362a0f99026cb74b96263d728a9; MIT; evidence class/support promise: esbuild intentionally exposes CLI flags/API objects and no native stable project config/IR interchange; effect-build-owned adapter/prototype license: MIT where applicable, otherwise not applicable","would require effect-build to own an unsupported engine/ABI or substitute semantics","no supported faithful request/result boundary","unproven","unproven; operation invariant: caller-owned analysis string","would require new native/source distribution","unsupported coupling","a JSON options file or stored argv does not change execution semantics and cannot contain callbacks","parallel schema/config version without capability gain","Reuse Effect Scope for owned handles/children, ChildProcess for selected processes, FileSystem/Path for explicit mutation, Stream only for a real typed event source, Layer for selection and dependency provision, and preserve Cause interruption.","bounded negative / reject for this operation","high","esbuild pkg/api/api.go:731-746 and service.go @ 609683d"
"esbuild","ESB-ANALYZE-METAFILE","analyze a metafile","isolated-worker","none supported; not available as a supported provider surface; none; effect-build calls provider. Family: local/remote isolated worker used specifically for host or fault isolation","provider pin/license: esbuild 0.28.2 @ 609683d892977362a0f99026cb74b96263d728a9; MIT; evidence class/support promise: a Node worker/remote worker can wrap the JS package, but the compiler is already in a child and no current operation needs remote infrastructure; effect-build-owned adapter/prototype license: MIT where applicable, otherwise not applicable","would require effect-build to own an unsupported engine/ABI or substitute semantics","no supported faithful request/result boundary","unproven","unproven; operation invariant: caller-owned analysis string","would require new native/source distribution","unsupported coupling","does not remove global service unless it becomes an owned sidecar and loses callbacks without code mobility","duplicate process/protocol/security/workspace states","Reuse Effect Scope for owned handles/children, ChildProcess for selected processes, FileSystem/Path for explicit mutation, Stream only for a real typed event source, Layer for selection and dependency provision, and preserve Cause interruption.","bounded negative / reject for this operation","high","esbuild pkg/api/api.go:731-746 and service.go @ 609683d"
"esbuild","ESB-ANALYZE-METAFILE","analyze a metafile","upstream-contribution","future supported service protocol/per-context service/cancel; upstream-defined; documented versioned protocol or additional public API; effect-build calls provider. Family: missing supported protocol/library/cancellation/event surface proposed upstream","provider pin/license: esbuild 0.28.2 @ 609683d892977362a0f99026cb74b96263d728a9; MIT; evidence class/support promise: hypothetical; current --service is hidden/internal; effect-build-owned adapter/prototype license: MIT where applicable, otherwise not applicable","would need explicit binary/service identity","should preserve structured values and callback policy","per-operation cancel and crash recovery without global stop would change costs","must retain direct/memory distinctions; operation invariant: caller-owned analysis string","upstream-owned","documented protocol/version","would make an owned cross-host service much cheaper","upstream absorbs protocol maintenance","Reuse Effect Scope for owned handles/children, ChildProcess for selected processes, FileSystem/Path for explicit mutation, Stream only for a real typed event source, Layer for selection and dependency provision, and preserve Cause interruption.","upstream-dependent","high","esbuild pkg/api/api.go:731-746 and service.go @ 609683d"
"esbuild","ESB-BUILD-MEMORY","build with structured in-memory outputs","direct-host-api","official JavaScript functions and context handle; Node host plus one package-module-global native esbuild child per resolved module instance; sync calls use a worker-owned child; private framed bidirectional stdio hidden behind supported JS API; effect-build calls provider. Family: official function, callback, or scoped handle in the provider's supported host","provider pin/license: esbuild 0.28.2 @ 609683d892977362a0f99026cb74b96263d728a9; MIT; evidence class/support promise: documented public esbuild 0.28.2 JS API, MIT; service protocol is undocumented internal; effect-build-owned adapter/prototype license: MIT where applicable, otherwise not applicable","the installed package normally resolves its matching optional platform binary, but ambient ESBUILD_BINARY_PATH can override that path; cwd/env are inherited","full structured results/options/virtual inputs and host plugin closures through reverse callbacks","one-shot operations through one module instance share its service; contexts expose rebuild/watch/serve/cancel/dispose; that module instance's global stop affects its consumers","in-memory bytes or provider-direct files","npm package plus platform binary or explicit ambient override; offline only when the selected bytes already exist","private first-packet exact-version check rejects version skew but does not content-bind an override; public compatibility is package API only","best TypeScript boundary for structured/plugin/context operations","low adapter cost but ambient override authority, package-module-global crash/stop, and one-shot cancellation need explicit treatment","Reuse Effect Scope for owned handles/children, ChildProcess for selected processes, FileSystem/Path for explicit mutation, Stream only for a real typed event source, Layer for selection and dependency provision, and preserve Cause interruption.","viable now","high","esbuild API docs; common.ts protocol; SURFACE.json"
"esbuild","ESB-BUILD-MEMORY","build with structured in-memory outputs","selected-command","command; selected native esbuild child; argv/stdin/stdout/stderr/filesystem; effect-build calls provider. Family: one-shot or scoped provider command with native argv/project/process semantics","provider pin/license: esbuild 0.28.2 @ 609683d892977362a0f99026cb74b96263d728a9; MIT; evidence class/support promise: documented public esbuild 0.28.2 CLI, MIT; effect-build-owned adapter/prototype license: MIT where applicable, otherwise not applicable","caller selects exact executable/cwd/env/flags","native CLI options/project streams; no JS/Go plugin closures or structured API handles/results","one-shot or raw process-owned watch/serve; kill is the process boundary","stdout/direct files","single native platform binary","version/capability probe; terminal prose is not typed protocol","structured transform/code-map-warning results, formatMessages, analyzeMetafile, plugins, virtual callbacks, reusable contexts, typed watch events, and structured ServeResult","simple and well isolated","Reuse Effect Scope for owned handles/children, ChildProcess for selected processes, FileSystem/Path for explicit mutation, Stream only for a real typed event source, Layer for selection and dependency provision, and preserve Cause interruption.","bounded negative / reject for this operation","high","esbuild API docs; common.ts protocol; SURFACE.json"
"esbuild","ESB-BUILD-MEMORY","build with structured in-memory outputs","official-language-library","official Go pkg/api functions and BuildContext; compiler linked directly in caller Go process; direct Go calls/callbacks; effect-build calls provider. Family: official Go or Rust library API outside the TypeScript host","provider pin/license: esbuild 0.28.2 @ 609683d892977362a0f99026cb74b96263d728a9; MIT; evidence class/support promise: documented public official Go API at 0.28.2, MIT; effect-build-owned adapter/prototype license: MIT where applicable, otherwise not applicable","Go module selects exact engine; caller owns options/filesystem/network","Go-native options/results/plugins/contexts; serializable pure/direct-write operations retain provider semantics, while JS closures and JS context identity do not","Go contexts expose rebuild/watch/serve/cancel/dispose but are not JS context handles","Go byte slices or provider-direct files","requires Go application/toolchain build per target; no child binary at runtime","Go module SemVer/API","does not preserve frozen JS BuildOptions/BuildResult plugin closures or JS context handles; a TypeScript caller needs a separately evaluated bridge/sidecar","low in Go; high if effect-build owns cross-language bridge","Reuse Effect Scope for owned handles/children, ChildProcess for selected processes, FileSystem/Path for explicit mutation, Stream only for a real typed event source, Layer for selection and dependency provision, and preserve Cause interruption.","bounded negative / reject for this operation","high","esbuild API docs; common.ts protocol; SURFACE.json"
"esbuild","ESB-BUILD-MEMORY","build with structured in-memory outputs","native-bridge","none supported; not available as a supported provider surface; none; effect-build calls provider. Family: supported or owned C/C++/N-API/FFI bridge","provider pin/license: esbuild 0.28.2 @ 609683d892977362a0f99026cb74b96263d728a9; MIT; evidence class/support promise: no supported esbuild C/C++/N-API/FFI ABI found at 0.28.2 after official docs/pkg/lib/cmd/manifests search; effect-build-owned adapter/prototype license: MIT where applicable, otherwise not applicable","would require effect-build to own an unsupported engine/ABI or substitute semantics","no supported faithful request/result boundary","unproven","unproven","would require new native/source distribution","unsupported coupling","an owned bridge would wrap Go internals rather than an upstream ABI","per-platform ABI/build/signing and callback marshalling","Reuse Effect Scope for owned handles/children, ChildProcess for selected processes, FileSystem/Path for explicit mutation, Stream only for a real typed event source, Layer for selection and dependency provision, and preserve Cause interruption.","bounded negative / reject for this operation","high","esbuild API docs; common.ts protocol; SURFACE.json"
"esbuild","ESB-BUILD-MEMORY","build with structured in-memory outputs","embedded-engine","linked Go library; same Go process; direct Go calls; effect-build calls provider. Family: linked or vendored upstream compiler/runtime core","provider pin/license: esbuild 0.28.2 @ 609683d892977362a0f99026cb74b96263d728a9; MIT; evidence class/support promise: supported only through official Go API; vendoring internals beyond pkg/api is unsupported; effect-build-owned adapter/prototype license: MIT where applicable, otherwise not applicable","Go module/build selects engine","Go-native values; does not preserve JS closure/context identity","Go-native calls and contexts","bytes/direct writes","Go binary per platform","public Go API only","frozen JS build/plugin/context operations are not directly callable from TypeScript without another bridge","reasonable in Go, substantial for this JS package train","Reuse Effect Scope for owned handles/children, ChildProcess for selected processes, FileSystem/Path for explicit mutation, Stream only for a real typed event source, Layer for selection and dependency provision, and preserve Cause interruption.","bounded negative / reject for this operation","high","esbuild API docs; common.ts protocol; SURFACE.json"
"esbuild","ESB-BUILD-MEMORY","build with structured in-memory outputs","runtime-hosted-sidecar","framed request/result; owned Go or Node sidecar invoking public API; effect-build protocol, possibly bidirectional; effect-build calls provider. Family: provider-native public API behind an effect-build-owned framed protocol","provider pin/license: esbuild 0.28.2 @ 609683d892977362a0f99026cb74b96263d728a9; MIT; evidence class/support promise: hypothetical/bounded adapter; not upstream; effect-build-owned adapter/prototype license: MIT where applicable, otherwise not applicable","effect-build selects/distributes sidecar engine image and protocol","serializable options/results; JS plugins need reverse callback RPC or provider-side module loading","one-shot or process session; context IDs require crash/stale-handle laws","bytes copied over transport or files in sidecar namespace","new binaries/server per platform","owned schema/handshake plus esbuild version","cannot preserve the frozen full BuildOptions/BuildResult plugin surface without an unproven callback protocol; duplicates the official JS package service","protocol/platform packaging/callback/backpressure/session states added","Reuse Effect Scope for owned handles/children, ChildProcess for selected processes, FileSystem/Path for explicit mutation, Stream only for a real typed event source, Layer for selection and dependency provision, and preserve Cause interruption.","bounded negative / reject for this operation","medium","esbuild API docs; common.ts protocol; SURFACE.json"
"esbuild","ESB-BUILD-MEMORY","build with structured in-memory outputs","persistent-session","official JS service plus context handles, or owned session; shared native child for JS API; Go context for Go API; private service protocol behind public API; effect-build calls provider. Family: versioned daemon/service session with lifetime-bound handles","provider pin/license: esbuild 0.28.2 @ 609683d892977362a0f99026cb74b96263d728a9; MIT; evidence class/support promise: public contexts are supported; native service protocol is not; effect-build-owned adapter/prototype license: MIT where applicable, otherwise not applicable","package-selected service; context owns build key while service is global","full semantics through public API; do not expose private handle IDs","cancel/dispose are per context; stop/crash is global and invalidates every context","structured/direct according to request","normal esbuild package","exact internal handshake owned by upstream package","one-shot build calls do not expose a caller-owned session; do not wrap them in a new daemon or use global stop as a per-scope finalizer","reuses upstream session; effect-build only adds Scope law","Reuse Effect Scope for owned handles/children, ChildProcess for selected processes, FileSystem/Path for explicit mutation, Stream only for a real typed event source, Layer for selection and dependency provision, and preserve Cause interruption.","bounded negative / reject for this operation","high","esbuild API docs; common.ts protocol; SURFACE.json"
"esbuild","ESB-BUILD-MEMORY","build with structured in-memory outputs","wasm-worker","browser JS API; Web Worker by default or same browser thread -> Go WASM service; postMessage/in-memory framed channel and WASM calls; effect-build calls provider. Family: supported WebAssembly, WASI, or provider worker boundary","provider pin/license: esbuild 0.28.2 @ 609683d892977362a0f99026cb74b96263d728a9; MIT; evidence class/support promise: documented public esbuild-wasm 0.28.2 browser API, MIT; effect-build-owned adapter/prototype license: MIT where applicable, otherwise not applicable","caller selects exact wasmURL/module; no native selected binary","in-memory/virtual/plugin inputs and structured results; no native filesystem","worker initialized/stopped; public support excludes sync/context/watch/serve","in-memory bytes only; copies across worker/WASM","WASM plus JS glue/browser worker; larger/slower than native","exact JS/WASM package version","not the frozen installed-library/native-service full build operation; excludes direct writes, supported context/watch/serve, sync API, native performance/identity","portable distribution but capability and copy/performance losses","Reuse Effect Scope for owned handles/children, ChildProcess for selected processes, FileSystem/Path for explicit mutation, Stream only for a real typed event source, Layer for selection and dependency provision, and preserve Cause interruption.","bounded negative / reject for this operation","high","esbuild API docs; common.ts protocol; SURFACE.json"
"esbuild","ESB-BUILD-MEMORY","build with structured in-memory outputs","inverted-plugin","plugin callbacks registered with public JS/Go API; native engine reverse-calls host callback; upstream bidirectional service callbacks or direct Go calls; effect-build calls provider. Family: provider owns execution and calls effect-build-controlled hooks/modules","provider pin/license: esbuild 0.28.2 @ 609683d892977362a0f99026cb74b96263d728a9; MIT; evidence class/support promise: documented public plugin API; effect-build-owned adapter/prototype license: MIT where applicable, otherwise not applicable","engine owns schedule; host owns plugin code/state","faithfully preserves closures, virtual modules, diagnostics and reentrancy in supported host","callbacks/build keys tied to build/context; cancellation waits on running host callbacks","plugins can alter graph/results/direct writes","plugin code installed with host","public plugin API and host runtime","a callback is an adjunct to builds and contexts, not the caller surface for build, rebuild, cancel, dispose, watch, or serve","upstream already owns callback protocol; effect-build should not recreate it","Reuse Effect Scope for owned handles/children, ChildProcess for selected processes, FileSystem/Path for explicit mutation, Stream only for a real typed event source, Layer for selection and dependency provision, and preserve Cause interruption.","bounded negative / reject for this operation","high","esbuild API docs; common.ts protocol; SURFACE.json"
"esbuild","ESB-BUILD-MEMORY","build with structured in-memory outputs","declarative-artifact","none supported; not available as a supported provider surface; none; effect-build calls provider. Family: stable config, manifest, project, or intermediate artifact handoff","provider pin/license: esbuild 0.28.2 @ 609683d892977362a0f99026cb74b96263d728a9; MIT; evidence class/support promise: esbuild intentionally exposes CLI flags/API objects and no native stable project config/IR interchange; effect-build-owned adapter/prototype license: MIT where applicable, otherwise not applicable","would require effect-build to own an unsupported engine/ABI or substitute semantics","no supported faithful request/result boundary","unproven","unproven","would require new native/source distribution","unsupported coupling","a JSON options file or stored argv does not change execution semantics and cannot contain callbacks","parallel schema/config version without capability gain","Reuse Effect Scope for owned handles/children, ChildProcess for selected processes, FileSystem/Path for explicit mutation, Stream only for a real typed event source, Layer for selection and dependency provision, and preserve Cause interruption.","bounded negative / reject for this operation","high","esbuild API docs; common.ts protocol; SURFACE.json"
"esbuild","ESB-BUILD-MEMORY","build with structured in-memory outputs","isolated-worker","none supported; not available as a supported provider surface; none; effect-build calls provider. Family: local/remote isolated worker used specifically for host or fault isolation","provider pin/license: esbuild 0.28.2 @ 609683d892977362a0f99026cb74b96263d728a9; MIT; evidence class/support promise: a Node worker/remote worker can wrap the JS package, but the compiler is already in a child and no current operation needs remote infrastructure; effect-build-owned adapter/prototype license: MIT where applicable, otherwise not applicable","would require effect-build to own an unsupported engine/ABI or substitute semantics","no supported faithful request/result boundary","unproven","unproven","would require new native/source distribution","unsupported coupling","does not remove global service unless it becomes an owned sidecar and loses callbacks without code mobility","duplicate process/protocol/security/workspace states","Reuse Effect Scope for owned handles/children, ChildProcess for selected processes, FileSystem/Path for explicit mutation, Stream only for a real typed event source, Layer for selection and dependency provision, and preserve Cause interruption.","bounded negative / reject for this operation","high","esbuild API docs; common.ts protocol; SURFACE.json"
"esbuild","ESB-BUILD-MEMORY","build with structured in-memory outputs","upstream-contribution","future supported service protocol/per-context service/cancel; upstream-defined; documented versioned protocol or additional public API; effect-build calls provider. Family: missing supported protocol/library/cancellation/event surface proposed upstream","provider pin/license: esbuild 0.28.2 @ 609683d892977362a0f99026cb74b96263d728a9; MIT; evidence class/support promise: hypothetical; current --service is hidden/internal; effect-build-owned adapter/prototype license: MIT where applicable, otherwise not applicable","would need explicit binary/service identity","should preserve structured values and callback policy","per-operation cancel and crash recovery without global stop would change costs","must retain direct/memory distinctions","upstream-owned","documented protocol/version","would make an owned cross-host service much cheaper","upstream absorbs protocol maintenance","Reuse Effect Scope for owned handles/children, ChildProcess for selected processes, FileSystem/Path for explicit mutation, Stream only for a real typed event source, Layer for selection and dependency provision, and preserve Cause interruption.","upstream-dependent","high","esbuild API docs; common.ts protocol; SURFACE.json"
"esbuild","ESB-BUILD-DIRECT","provider-direct output writes","direct-host-api","official JavaScript functions and context handle; Node host plus one package-module-global native esbuild child per resolved module instance; sync calls use a worker-owned child; private framed bidirectional stdio hidden behind supported JS API; effect-build calls provider. Family: official function, callback, or scoped handle in the provider's supported host","provider pin/license: esbuild 0.28.2 @ 609683d892977362a0f99026cb74b96263d728a9; MIT; evidence class/support promise: documented public esbuild 0.28.2 JS API, MIT; service protocol is undocumented internal; effect-build-owned adapter/prototype license: MIT where applicable, otherwise not applicable","the installed package normally resolves its matching optional platform binary, but ambient ESBUILD_BINARY_PATH can override that path; cwd/env are inherited","full structured results/options/virtual inputs and host plugin closures through reverse callbacks","one-shot operations through one module instance share its service; contexts expose rebuild/watch/serve/cancel/dispose; that module instance's global stop affects its consumers","in-memory bytes or provider-direct files","npm package plus platform binary or explicit ambient override; offline only when the selected bytes already exist","private first-packet exact-version check rejects version skew but does not content-bind an override; public compatibility is package API only","best TypeScript boundary for structured/plugin/context operations","low adapter cost but ambient override authority, package-module-global crash/stop, and one-shot cancellation need explicit treatment","Reuse Effect Scope for owned handles/children, ChildProcess for selected processes, FileSystem/Path for explicit mutation, Stream only for a real typed event source, Layer for selection and dependency provision, and preserve Cause interruption.","viable now","high","esbuild API write option and service.go @ 609683d"
"esbuild","ESB-BUILD-DIRECT","provider-direct output writes","selected-command","command; selected native esbuild child; argv/stdin/stdout/stderr/filesystem; effect-build calls provider. Family: one-shot or scoped provider command with native argv/project/process semantics","provider pin/license: esbuild 0.28.2 @ 609683d892977362a0f99026cb74b96263d728a9; MIT; evidence class/support promise: documented public esbuild 0.28.2 CLI, MIT; effect-build-owned adapter/prototype license: MIT where applicable, otherwise not applicable","caller selects exact executable/cwd/env/flags","native CLI options/project streams; no JS/Go plugin closures or structured API handles/results","one-shot or raw process-owned watch/serve; kill is the process boundary","stdout/direct files","single native platform binary","version/capability probe; terminal prose is not typed protocol","provider-direct build output when selected command/process semantics are the contract","simple and well isolated","Reuse Effect Scope for owned handles/children, ChildProcess for selected processes, FileSystem/Path for explicit mutation, Stream only for a real typed event source, Layer for selection and dependency provision, and preserve Cause interruption.","viable now only for the exact command/direct-output contract","high","esbuild API write option and service.go @ 609683d"
"esbuild","ESB-BUILD-DIRECT","provider-direct output writes","official-language-library","official Go pkg/api functions and BuildContext; compiler linked directly in caller Go process; direct Go calls/callbacks; effect-build calls provider. Family: official Go or Rust library API outside the TypeScript host","provider pin/license: esbuild 0.28.2 @ 609683d892977362a0f99026cb74b96263d728a9; MIT; evidence class/support promise: documented public official Go API at 0.28.2, MIT; effect-build-owned adapter/prototype license: MIT where applicable, otherwise not applicable","Go module selects exact engine; caller owns options/filesystem/network","Go-native options/results/plugins/contexts; serializable pure/direct-write operations retain provider semantics, while JS closures and JS context identity do not","Go contexts expose rebuild/watch/serve/cancel/dispose but are not JS context handles","Go byte slices or provider-direct files","requires Go application/toolchain build per target; no child binary at runtime","Go module SemVer/API","exact provider semantics for pure serializable calls/direct writes in a Go consumer","low in Go; high if effect-build owns cross-language bridge","Reuse Effect Scope for owned handles/children, ChildProcess for selected processes, FileSystem/Path for explicit mutation, Stream only for a real typed event source, Layer for selection and dependency provision, and preserve Cause interruption.","viable now in Go; bounded adapter only for TypeScript","high","esbuild API write option and service.go @ 609683d"
"esbuild","ESB-BUILD-DIRECT","provider-direct output writes","native-bridge","none supported; not available as a supported provider surface; none; effect-build calls provider. Family: supported or owned C/C++/N-API/FFI bridge","provider pin/license: esbuild 0.28.2 @ 609683d892977362a0f99026cb74b96263d728a9; MIT; evidence class/support promise: no supported esbuild C/C++/N-API/FFI ABI found at 0.28.2 after official docs/pkg/lib/cmd/manifests search; effect-build-owned adapter/prototype license: MIT where applicable, otherwise not applicable","would require effect-build to own an unsupported engine/ABI or substitute semantics","no supported faithful request/result boundary","unproven","unproven","would require new native/source distribution","unsupported coupling","an owned bridge would wrap Go internals rather than an upstream ABI","per-platform ABI/build/signing and callback marshalling","Reuse Effect Scope for owned handles/children, ChildProcess for selected processes, FileSystem/Path for explicit mutation, Stream only for a real typed event source, Layer for selection and dependency provision, and preserve Cause interruption.","bounded negative / reject for this operation","high","esbuild API write option and service.go @ 609683d"
"esbuild","ESB-BUILD-DIRECT","provider-direct output writes","embedded-engine","linked Go library; same Go process; direct Go calls; effect-build calls provider. Family: linked or vendored upstream compiler/runtime core","provider pin/license: esbuild 0.28.2 @ 609683d892977362a0f99026cb74b96263d728a9; MIT; evidence class/support promise: supported only through official Go API; vendoring internals beyond pkg/api is unsupported; effect-build-owned adapter/prototype license: MIT where applicable, otherwise not applicable","Go module/build selects engine","Go-native values; does not preserve JS closure/context identity","Go-native calls and contexts","bytes/direct writes","Go binary per platform","public Go API only","truthful embedded mechanism for pure/direct-write operations in Go applications","reasonable in Go, substantial for this JS package train","Reuse Effect Scope for owned handles/children, ChildProcess for selected processes, FileSystem/Path for explicit mutation, Stream only for a real typed event source, Layer for selection and dependency provision, and preserve Cause interruption.","official for Go consumer; research-only for effect-build","high","esbuild API write option and service.go @ 609683d"
"esbuild","ESB-BUILD-DIRECT","provider-direct output writes","runtime-hosted-sidecar","framed request/result; owned Go or Node sidecar invoking public API; effect-build protocol, possibly bidirectional; effect-build calls provider. Family: provider-native public API behind an effect-build-owned framed protocol","provider pin/license: esbuild 0.28.2 @ 609683d892977362a0f99026cb74b96263d728a9; MIT; evidence class/support promise: hypothetical/bounded adapter; not upstream; effect-build-owned adapter/prototype license: MIT where applicable, otherwise not applicable","effect-build selects/distributes sidecar engine image and protocol","serializable options/results; JS plugins need reverse callback RPC or provider-side module loading","one-shot or process session; context IDs require crash/stale-handle laws","bytes copied over transport or files in sidecar namespace","new binaries/server per platform","owned schema/handshake plus esbuild version","cannot preserve the frozen full BuildOptions/BuildResult plugin surface without an unproven callback protocol; duplicates the official JS package service","protocol/platform packaging/callback/backpressure/session states added","Reuse Effect Scope for owned handles/children, ChildProcess for selected processes, FileSystem/Path for explicit mutation, Stream only for a real typed event source, Layer for selection and dependency provision, and preserve Cause interruption.","bounded negative / reject for this operation","medium","esbuild API write option and service.go @ 609683d"
"esbuild","ESB-BUILD-DIRECT","provider-direct output writes","persistent-session","official JS service plus context handles, or owned session; shared native child for JS API; Go context for Go API; private service protocol behind public API; effect-build calls provider. Family: versioned daemon/service session with lifetime-bound handles","provider pin/license: esbuild 0.28.2 @ 609683d892977362a0f99026cb74b96263d728a9; MIT; evidence class/support promise: public contexts are supported; native service protocol is not; effect-build-owned adapter/prototype license: MIT where applicable, otherwise not applicable","package-selected service; context owns build key while service is global","full semantics through public API; do not expose private handle IDs","cancel/dispose are per context; stop/crash is global and invalidates every context","structured/direct according to request","normal esbuild package","exact internal handshake owned by upstream package","one-shot build calls do not expose a caller-owned session; do not wrap them in a new daemon or use global stop as a per-scope finalizer","reuses upstream session; effect-build only adds Scope law","Reuse Effect Scope for owned handles/children, ChildProcess for selected processes, FileSystem/Path for explicit mutation, Stream only for a real typed event source, Layer for selection and dependency provision, and preserve Cause interruption.","bounded negative / reject for this operation","high","esbuild API write option and service.go @ 609683d"
"esbuild","ESB-BUILD-DIRECT","provider-direct output writes","wasm-worker","browser JS API; Web Worker by default or same browser thread -> Go WASM service; postMessage/in-memory framed channel and WASM calls; effect-build calls provider. Family: supported WebAssembly, WASI, or provider worker boundary","provider pin/license: esbuild 0.28.2 @ 609683d892977362a0f99026cb74b96263d728a9; MIT; evidence class/support promise: documented public esbuild-wasm 0.28.2 browser API, MIT; effect-build-owned adapter/prototype license: MIT where applicable, otherwise not applicable","caller selects exact wasmURL/module; no native selected binary","in-memory/virtual/plugin inputs and structured results; no native filesystem","worker initialized/stopped; public support excludes sync/context/watch/serve","in-memory bytes only; copies across worker/WASM","WASM plus JS glue/browser worker; larger/slower than native","exact JS/WASM package version","not the frozen installed-library/native-service full build operation; excludes direct writes, supported context/watch/serve, sync API, native performance/identity","portable distribution but capability and copy/performance losses","Reuse Effect Scope for owned handles/children, ChildProcess for selected processes, FileSystem/Path for explicit mutation, Stream only for a real typed event source, Layer for selection and dependency provision, and preserve Cause interruption.","bounded negative / reject for this operation","high","esbuild API write option and service.go @ 609683d"
"esbuild","ESB-BUILD-DIRECT","provider-direct output writes","inverted-plugin","plugin callbacks registered with public JS/Go API; native engine reverse-calls host callback; upstream bidirectional service callbacks or direct Go calls; effect-build calls provider. Family: provider owns execution and calls effect-build-controlled hooks/modules","provider pin/license: esbuild 0.28.2 @ 609683d892977362a0f99026cb74b96263d728a9; MIT; evidence class/support promise: documented public plugin API; effect-build-owned adapter/prototype license: MIT where applicable, otherwise not applicable","engine owns schedule; host owns plugin code/state","faithfully preserves closures, virtual modules, diagnostics and reentrancy in supported host","callbacks/build keys tied to build/context; cancellation waits on running host callbacks","plugins can alter graph/results/direct writes","plugin code installed with host","public plugin API and host runtime","a callback is an adjunct to builds and contexts, not the caller surface for build, rebuild, cancel, dispose, watch, or serve","upstream already owns callback protocol; effect-build should not recreate it","Reuse Effect Scope for owned handles/children, ChildProcess for selected processes, FileSystem/Path for explicit mutation, Stream only for a real typed event source, Layer for selection and dependency provision, and preserve Cause interruption.","bounded negative / reject for this operation","high","esbuild API write option and service.go @ 609683d"
"esbuild","ESB-BUILD-DIRECT","provider-direct output writes","declarative-artifact","none supported; not available as a supported provider surface; none; effect-build calls provider. Family: stable config, manifest, project, or intermediate artifact handoff","provider pin/license: esbuild 0.28.2 @ 609683d892977362a0f99026cb74b96263d728a9; MIT; evidence class/support promise: esbuild intentionally exposes CLI flags/API objects and no native stable project config/IR interchange; effect-build-owned adapter/prototype license: MIT where applicable, otherwise not applicable","would require effect-build to own an unsupported engine/ABI or substitute semantics","no supported faithful request/result boundary","unproven","unproven","would require new native/source distribution","unsupported coupling","a JSON options file or stored argv does not change execution semantics and cannot contain callbacks","parallel schema/config version without capability gain","Reuse Effect Scope for owned handles/children, ChildProcess for selected processes, FileSystem/Path for explicit mutation, Stream only for a real typed event source, Layer for selection and dependency provision, and preserve Cause interruption.","bounded negative / reject for this operation","high","esbuild API write option and service.go @ 609683d"
"esbuild","ESB-BUILD-DIRECT","provider-direct output writes","isolated-worker","none supported; not available as a supported provider surface; none; effect-build calls provider. Family: local/remote isolated worker used specifically for host or fault isolation","provider pin/license: esbuild 0.28.2 @ 609683d892977362a0f99026cb74b96263d728a9; MIT; evidence class/support promise: a Node worker/remote worker can wrap the JS package, but the compiler is already in a child and no current operation needs remote infrastructure; effect-build-owned adapter/prototype license: MIT where applicable, otherwise not applicable","would require effect-build to own an unsupported engine/ABI or substitute semantics","no supported faithful request/result boundary","unproven","unproven","would require new native/source distribution","unsupported coupling","does not remove global service unless it becomes an owned sidecar and loses callbacks without code mobility","duplicate process/protocol/security/workspace states","Reuse Effect Scope for owned handles/children, ChildProcess for selected processes, FileSystem/Path for explicit mutation, Stream only for a real typed event source, Layer for selection and dependency provision, and preserve Cause interruption.","bounded negative / reject for this operation","high","esbuild API write option and service.go @ 609683d"
"esbuild","ESB-BUILD-DIRECT","provider-direct output writes","upstream-contribution","future supported service protocol/per-context service/cancel; upstream-defined; documented versioned protocol or additional public API; effect-build calls provider. Family: missing supported protocol/library/cancellation/event surface proposed upstream","provider pin/license: esbuild 0.28.2 @ 609683d892977362a0f99026cb74b96263d728a9; MIT; evidence class/support promise: hypothetical; current --service is hidden/internal; effect-build-owned adapter/prototype license: MIT where applicable, otherwise not applicable","would need explicit binary/service identity","should preserve structured values and callback policy","per-operation cancel and crash recovery without global stop would change costs","must retain direct/memory distinctions","upstream-owned","documented protocol/version","would make an owned cross-host service much cheaper","upstream absorbs protocol maintenance","Reuse Effect Scope for owned handles/children, ChildProcess for selected processes, FileSystem/Path for explicit mutation, Stream only for a real typed event source, Layer for selection and dependency provision, and preserve Cause interruption.","upstream-dependent","high","esbuild API write option and service.go @ 609683d"
"esbuild","ESB-PLUGINS-VIRTUAL","plugins, virtual inputs, reverse callbacks","direct-host-api","official JavaScript functions and context handle; Node host plus one package-module-global native esbuild child per resolved module instance; sync calls use a worker-owned child; private framed bidirectional stdio hidden behind supported JS API; effect-build calls provider. Family: official function, callback, or scoped handle in the provider's supported host","provider pin/license: esbuild 0.28.2 @ 609683d892977362a0f99026cb74b96263d728a9; MIT; evidence class/support promise: documented public esbuild 0.28.2 JS API, MIT; service protocol is undocumented internal; effect-build-owned adapter/prototype license: MIT where applicable, otherwise not applicable","the installed package normally resolves its matching optional platform binary, but ambient ESBUILD_BINARY_PATH can override that path; cwd/env are inherited","full structured results/options/virtual inputs and host plugin closures through reverse callbacks","one-shot operations through one module instance share its service; contexts expose rebuild/watch/serve/cancel/dispose; that module instance's global stop affects its consumers","in-memory bytes or provider-direct files","npm package plus platform binary or explicit ambient override; offline only when the selected bytes already exist","private first-packet exact-version check rejects version skew but does not content-bind an override; public compatibility is package API only","best TypeScript boundary for structured/plugin/context operations","low adapter cost but ambient override authority, package-module-global crash/stop, and one-shot cancellation need explicit treatment","Reuse Effect Scope for owned handles/children, ChildProcess for selected processes, FileSystem/Path for explicit mutation, Stream only for a real typed event source, Layer for selection and dependency provision, and preserve Cause interruption.","viable now","high","esbuild common.ts:1169-1240 @ 609683d"
"esbuild","ESB-PLUGINS-VIRTUAL","plugins, virtual inputs, reverse callbacks","selected-command","command; selected native esbuild child; argv/stdin/stdout/stderr/filesystem; effect-build calls provider. Family: one-shot or scoped provider command with native argv/project/process semantics","provider pin/license: esbuild 0.28.2 @ 609683d892977362a0f99026cb74b96263d728a9; MIT; evidence class/support promise: documented public esbuild 0.28.2 CLI, MIT; effect-build-owned adapter/prototype license: MIT where applicable, otherwise not applicable","caller selects exact executable/cwd/env/flags","native CLI options/project streams; no JS/Go plugin closures or structured API handles/results","one-shot or raw process-owned watch/serve; kill is the process boundary","stdout/direct files","single native platform binary","version/capability probe; terminal prose is not typed protocol","structured transform/code-map-warning results, formatMessages, analyzeMetafile, plugins, virtual callbacks, reusable contexts, typed watch events, and structured ServeResult","simple and well isolated","Reuse Effect Scope for owned handles/children, ChildProcess for selected processes, FileSystem/Path for explicit mutation, Stream only for a real typed event source, Layer for selection and dependency provision, and preserve Cause interruption.","bounded negative / reject for this operation","high","esbuild common.ts:1169-1240 @ 609683d"
"esbuild","ESB-PLUGINS-VIRTUAL","plugins, virtual inputs, reverse callbacks","official-language-library","official Go pkg/api functions and BuildContext; compiler linked directly in caller Go process; direct Go calls/callbacks; effect-build calls provider. Family: official Go or Rust library API outside the TypeScript host","provider pin/license: esbuild 0.28.2 @ 609683d892977362a0f99026cb74b96263d728a9; MIT; evidence class/support promise: documented public official Go API at 0.28.2, MIT; effect-build-owned adapter/prototype license: MIT where applicable, otherwise not applicable","Go module selects exact engine; caller owns options/filesystem/network","Go-native options/results/plugins/contexts; serializable pure/direct-write operations retain provider semantics, while JS closures and JS context identity do not","Go contexts expose rebuild/watch/serve/cancel/dispose but are not JS context handles","Go byte slices or provider-direct files","requires Go application/toolchain build per target; no child binary at runtime","Go module SemVer/API","does not preserve frozen JS BuildOptions/BuildResult plugin closures or JS context handles; a TypeScript caller needs a separately evaluated bridge/sidecar","low in Go; high if effect-build owns cross-language bridge","Reuse Effect Scope for owned handles/children, ChildProcess for selected processes, FileSystem/Path for explicit mutation, Stream only for a real typed event source, Layer for selection and dependency provision, and preserve Cause interruption.","bounded negative / reject for this operation","high","esbuild common.ts:1169-1240 @ 609683d"
"esbuild","ESB-PLUGINS-VIRTUAL","plugins, virtual inputs, reverse callbacks","native-bridge","none supported; not available as a supported provider surface; none; effect-build calls provider. Family: supported or owned C/C++/N-API/FFI bridge","provider pin/license: esbuild 0.28.2 @ 609683d892977362a0f99026cb74b96263d728a9; MIT; evidence class/support promise: no supported esbuild C/C++/N-API/FFI ABI found at 0.28.2 after official docs/pkg/lib/cmd/manifests search; effect-build-owned adapter/prototype license: MIT where applicable, otherwise not applicable","would require effect-build to own an unsupported engine/ABI or substitute semantics","no supported faithful request/result boundary","unproven","unproven","would require new native/source distribution","unsupported coupling","an owned bridge would wrap Go internals rather than an upstream ABI","per-platform ABI/build/signing and callback marshalling","Reuse Effect Scope for owned handles/children, ChildProcess for selected processes, FileSystem/Path for explicit mutation, Stream only for a real typed event source, Layer for selection and dependency provision, and preserve Cause interruption.","bounded negative / reject for this operation","high","esbuild common.ts:1169-1240 @ 609683d"
"esbuild","ESB-PLUGINS-VIRTUAL","plugins, virtual inputs, reverse callbacks","embedded-engine","linked Go library; same Go process; direct Go calls; effect-build calls provider. Family: linked or vendored upstream compiler/runtime core","provider pin/license: esbuild 0.28.2 @ 609683d892977362a0f99026cb74b96263d728a9; MIT; evidence class/support promise: supported only through official Go API; vendoring internals beyond pkg/api is unsupported; effect-build-owned adapter/prototype license: MIT where applicable, otherwise not applicable","Go module/build selects engine","Go-native values; does not preserve JS closure/context identity","Go-native calls and contexts","bytes/direct writes","Go binary per platform","public Go API only","frozen JS build/plugin/context operations are not directly callable from TypeScript without another bridge","reasonable in Go, substantial for this JS package train","Reuse Effect Scope for owned handles/children, ChildProcess for selected processes, FileSystem/Path for explicit mutation, Stream only for a real typed event source, Layer for selection and dependency provision, and preserve Cause interruption.","bounded negative / reject for this operation","high","esbuild common.ts:1169-1240 @ 609683d"
"esbuild","ESB-PLUGINS-VIRTUAL","plugins, virtual inputs, reverse callbacks","runtime-hosted-sidecar","framed request/result; owned Go or Node sidecar invoking public API; effect-build protocol, possibly bidirectional; effect-build calls provider. Family: provider-native public API behind an effect-build-owned framed protocol","provider pin/license: esbuild 0.28.2 @ 609683d892977362a0f99026cb74b96263d728a9; MIT; evidence class/support promise: hypothetical/bounded adapter; not upstream; effect-build-owned adapter/prototype license: MIT where applicable, otherwise not applicable","effect-build selects/distributes sidecar engine image and protocol","serializable options/results; JS plugins need reverse callback RPC or provider-side module loading","one-shot or process session; context IDs require crash/stale-handle laws","bytes copied over transport or files in sidecar namespace","new binaries/server per platform","owned schema/handshake plus esbuild version","cannot preserve the frozen full BuildOptions/BuildResult plugin surface without an unproven callback protocol; duplicates the official JS package service","protocol/platform packaging/callback/backpressure/session states added","Reuse Effect Scope for owned handles/children, ChildProcess for selected processes, FileSystem/Path for explicit mutation, Stream only for a real typed event source, Layer for selection and dependency provision, and preserve Cause interruption.","bounded negative / reject for this operation","medium","esbuild common.ts:1169-1240 @ 609683d"
"esbuild","ESB-PLUGINS-VIRTUAL","plugins, virtual inputs, reverse callbacks","persistent-session","official JS service plus context handles, or owned session; shared native child for JS API; Go context for Go API; private service protocol behind public API; effect-build calls provider. Family: versioned daemon/service session with lifetime-bound handles","provider pin/license: esbuild 0.28.2 @ 609683d892977362a0f99026cb74b96263d728a9; MIT; evidence class/support promise: public contexts are supported; native service protocol is not; effect-build-owned adapter/prototype license: MIT where applicable, otherwise not applicable","package-selected service; context owns build key while service is global","full semantics through public API; do not expose private handle IDs","cancel/dispose are per context; stop/crash is global and invalidates every context","structured/direct according to request","normal esbuild package","exact internal handshake owned by upstream package","use public contexts directly where reusable state is the operation","reuses upstream session; effect-build only adds Scope law","Reuse Effect Scope for owned handles/children, ChildProcess for selected processes, FileSystem/Path for explicit mutation, Stream only for a real typed event source, Layer for selection and dependency provision, and preserve Cause interruption.","viable now through public contexts","high","esbuild common.ts:1169-1240 @ 609683d"
"esbuild","ESB-PLUGINS-VIRTUAL","plugins, virtual inputs, reverse callbacks","wasm-worker","browser JS API; Web Worker by default or same browser thread -> Go WASM service; postMessage/in-memory framed channel and WASM calls; effect-build calls provider. Family: supported WebAssembly, WASI, or provider worker boundary","provider pin/license: esbuild 0.28.2 @ 609683d892977362a0f99026cb74b96263d728a9; MIT; evidence class/support promise: documented public esbuild-wasm 0.28.2 browser API, MIT; effect-build-owned adapter/prototype license: MIT where applicable, otherwise not applicable","caller selects exact wasmURL/module; no native selected binary","in-memory/virtual/plugin inputs and structured results; no native filesystem","worker initialized/stopped; public support excludes sync/context/watch/serve","in-memory bytes only; copies across worker/WASM","WASM plus JS glue/browser worker; larger/slower than native","exact JS/WASM package version","browser-hosted transform/format/analyze/plugin semantics in the reduced domain","portable distribution but capability and copy/performance losses","Reuse Effect Scope for owned handles/children, ChildProcess for selected processes, FileSystem/Path for explicit mutation, Stream only for a real typed event source, Layer for selection and dependency provision, and preserve Cause interruption.","viable in reduced domain; research-only for effect-build","high","esbuild common.ts:1169-1240 @ 609683d"
"esbuild","ESB-PLUGINS-VIRTUAL","plugins, virtual inputs, reverse callbacks","inverted-plugin","plugin callbacks registered with public JS/Go API; native engine reverse-calls host callback; upstream bidirectional service callbacks or direct Go calls; effect-build calls provider. Family: provider owns execution and calls effect-build-controlled hooks/modules","provider pin/license: esbuild 0.28.2 @ 609683d892977362a0f99026cb74b96263d728a9; MIT; evidence class/support promise: documented public plugin API; effect-build-owned adapter/prototype license: MIT where applicable, otherwise not applicable","engine owns schedule; host owns plugin code/state","faithfully preserves closures, virtual modules, diagnostics and reentrancy in supported host","callbacks/build keys tied to build/context; cancellation waits on running host callbacks","plugins can alter graph/results/direct writes","plugin code installed with host","public plugin API and host runtime","faithful boundary for the exact plugin/virtual-input operation","upstream already owns callback protocol; effect-build should not recreate it","Reuse Effect Scope for owned handles/children, ChildProcess for selected processes, FileSystem/Path for explicit mutation, Stream only for a real typed event source, Layer for selection and dependency provision, and preserve Cause interruption.","viable now through the direct API for plugin operations","high","esbuild common.ts:1169-1240 @ 609683d"
"esbuild","ESB-PLUGINS-VIRTUAL","plugins, virtual inputs, reverse callbacks","declarative-artifact","none supported; not available as a supported provider surface; none; effect-build calls provider. Family: stable config, manifest, project, or intermediate artifact handoff","provider pin/license: esbuild 0.28.2 @ 609683d892977362a0f99026cb74b96263d728a9; MIT; evidence class/support promise: esbuild intentionally exposes CLI flags/API objects and no native stable project config/IR interchange; effect-build-owned adapter/prototype license: MIT where applicable, otherwise not applicable","would require effect-build to own an unsupported engine/ABI or substitute semantics","no supported faithful request/result boundary","unproven","unproven","would require new native/source distribution","unsupported coupling","a JSON options file or stored argv does not change execution semantics and cannot contain callbacks","parallel schema/config version without capability gain","Reuse Effect Scope for owned handles/children, ChildProcess for selected processes, FileSystem/Path for explicit mutation, Stream only for a real typed event source, Layer for selection and dependency provision, and preserve Cause interruption.","bounded negative / reject for this operation","high","esbuild common.ts:1169-1240 @ 609683d"
"esbuild","ESB-PLUGINS-VIRTUAL","plugins, virtual inputs, reverse callbacks","isolated-worker","none supported; not available as a supported provider surface; none; effect-build calls provider. Family: local/remote isolated worker used specifically for host or fault isolation","provider pin/license: esbuild 0.28.2 @ 609683d892977362a0f99026cb74b96263d728a9; MIT; evidence class/support promise: a Node worker/remote worker can wrap the JS package, but the compiler is already in a child and no current operation needs remote infrastructure; effect-build-owned adapter/prototype license: MIT where applicable, otherwise not applicable","would require effect-build to own an unsupported engine/ABI or substitute semantics","no supported faithful request/result boundary","unproven","unproven","would require new native/source distribution","unsupported coupling","does not remove global service unless it becomes an owned sidecar and loses callbacks without code mobility","duplicate process/protocol/security/workspace states","Reuse Effect Scope for owned handles/children, ChildProcess for selected processes, FileSystem/Path for explicit mutation, Stream only for a real typed event source, Layer for selection and dependency provision, and preserve Cause interruption.","bounded negative / reject for this operation","high","esbuild common.ts:1169-1240 @ 609683d"
"esbuild","ESB-PLUGINS-VIRTUAL","plugins, virtual inputs, reverse callbacks","upstream-contribution","future supported service protocol/per-context service/cancel; upstream-defined; documented versioned protocol or additional public API; effect-build calls provider. Family: missing supported protocol/library/cancellation/event surface proposed upstream","provider pin/license: esbuild 0.28.2 @ 609683d892977362a0f99026cb74b96263d728a9; MIT; evidence class/support promise: hypothetical; current --service is hidden/internal; effect-build-owned adapter/prototype license: MIT where applicable, otherwise not applicable","would need explicit binary/service identity","should preserve structured values and callback policy","per-operation cancel and crash recovery without global stop would change costs","must retain direct/memory distinctions","upstream-owned","documented protocol/version","would make an owned cross-host service much cheaper","upstream absorbs protocol maintenance","Reuse Effect Scope for owned handles/children, ChildProcess for selected processes, FileSystem/Path for explicit mutation, Stream only for a real typed event source, Layer for selection and dependency provision, and preserve Cause interruption.","upstream-dependent","high","esbuild common.ts:1169-1240 @ 609683d"
"esbuild","ESB-CONTEXT-REBUILD","create a context and rebuild","direct-host-api","official JavaScript functions and context handle; Node host plus one package-module-global native esbuild child per resolved module instance; sync calls use a worker-owned child; private framed bidirectional stdio hidden behind supported JS API; effect-build calls provider. Family: official function, callback, or scoped handle in the provider's supported host","provider pin/license: esbuild 0.28.2 @ 609683d892977362a0f99026cb74b96263d728a9; MIT; evidence class/support promise: documented public esbuild 0.28.2 JS API, MIT; service protocol is undocumented internal; effect-build-owned adapter/prototype license: MIT where applicable, otherwise not applicable","the installed package normally resolves its matching optional platform binary, but ambient ESBUILD_BINARY_PATH can override that path; cwd/env are inherited","full structured results/options/virtual inputs and host plugin closures through reverse callbacks","one-shot operations through one module instance share its service; contexts expose rebuild/watch/serve/cancel/dispose; that module instance's global stop affects its consumers; operation invariant: long-lived context handle whose cancel/dispose law and underlying executor ownership must both be explicit","in-memory bytes or provider-direct files; operation invariant: caller-owned in-memory BuildResult per rebuild","npm package plus platform binary or explicit ambient override; offline only when the selected bytes already exist","private first-packet exact-version check rejects version skew but does not content-bind an override; public compatibility is package API only","best TypeScript boundary for structured/plugin/context operations","low adapter cost but ambient override authority, package-module-global crash/stop, and one-shot cancellation need explicit treatment","Reuse Effect Scope for owned handles/children, ChildProcess for selected processes, FileSystem/Path for explicit mutation, Stream only for a real typed event source, Layer for selection and dependency provision, and preserve Cause interruption.","viable now","high","esbuild API docs and pkg/api/api.go:529-560; SURFACE.json"
"esbuild","ESB-CONTEXT-REBUILD","create a context and rebuild","selected-command","command; selected native esbuild child; argv/stdin/stdout/stderr/filesystem; effect-build calls provider. Family: one-shot or scoped provider command with native argv/project/process semantics","provider pin/license: esbuild 0.28.2 @ 609683d892977362a0f99026cb74b96263d728a9; MIT; evidence class/support promise: documented public esbuild 0.28.2 CLI, MIT; effect-build-owned adapter/prototype license: MIT where applicable, otherwise not applicable","caller selects exact executable/cwd/env/flags","native CLI options/project streams; no JS/Go plugin closures or structured API handles/results","one-shot or raw process-owned watch/serve; kill is the process boundary; operation invariant: long-lived context handle whose cancel/dispose law and underlying executor ownership must both be explicit","stdout/direct files; operation invariant: caller-owned in-memory BuildResult per rebuild","single native platform binary","version/capability probe; terminal prose is not typed protocol","structured transform/code-map-warning results, formatMessages, analyzeMetafile, plugins, virtual callbacks, reusable contexts, typed watch events, and structured ServeResult","simple and well isolated","Reuse Effect Scope for owned handles/children, ChildProcess for selected processes, FileSystem/Path for explicit mutation, Stream only for a real typed event source, Layer for selection and dependency provision, and preserve Cause interruption.","bounded negative / reject for this operation","high","esbuild API docs and pkg/api/api.go:529-560; SURFACE.json"
"esbuild","ESB-CONTEXT-REBUILD","create a context and rebuild","official-language-library","official Go pkg/api functions and BuildContext; compiler linked directly in caller Go process; direct Go calls/callbacks; effect-build calls provider. Family: official Go or Rust library API outside the TypeScript host","provider pin/license: esbuild 0.28.2 @ 609683d892977362a0f99026cb74b96263d728a9; MIT; evidence class/support promise: documented public official Go API at 0.28.2, MIT; effect-build-owned adapter/prototype license: MIT where applicable, otherwise not applicable","Go module selects exact engine; caller owns options/filesystem/network","Go-native options/results/plugins/contexts; serializable pure/direct-write operations retain provider semantics, while JS closures and JS context identity do not","Go contexts expose rebuild/watch/serve/cancel/dispose but are not JS context handles; operation invariant: long-lived context handle whose cancel/dispose law and underlying executor ownership must both be explicit","Go byte slices or provider-direct files; operation invariant: caller-owned in-memory BuildResult per rebuild","requires Go application/toolchain build per target; no child binary at runtime","Go module SemVer/API","does not preserve frozen JS BuildOptions/BuildResult plugin closures or JS context handles; a TypeScript caller needs a separately evaluated bridge/sidecar","low in Go; high if effect-build owns cross-language bridge","Reuse Effect Scope for owned handles/children, ChildProcess for selected processes, FileSystem/Path for explicit mutation, Stream only for a real typed event source, Layer for selection and dependency provision, and preserve Cause interruption.","bounded negative / reject for this operation","high","esbuild API docs and pkg/api/api.go:529-560; SURFACE.json"
"esbuild","ESB-CONTEXT-REBUILD","create a context and rebuild","native-bridge","none supported; not available as a supported provider surface; none; effect-build calls provider. Family: supported or owned C/C++/N-API/FFI bridge","provider pin/license: esbuild 0.28.2 @ 609683d892977362a0f99026cb74b96263d728a9; MIT; evidence class/support promise: no supported esbuild C/C++/N-API/FFI ABI found at 0.28.2 after official docs/pkg/lib/cmd/manifests search; effect-build-owned adapter/prototype license: MIT where applicable, otherwise not applicable","would require effect-build to own an unsupported engine/ABI or substitute semantics","no supported faithful request/result boundary","unproven; operation invariant: long-lived context handle whose cancel/dispose law and underlying executor ownership must both be explicit","unproven; operation invariant: caller-owned in-memory BuildResult per rebuild","would require new native/source distribution","unsupported coupling","an owned bridge would wrap Go internals rather than an upstream ABI","per-platform ABI/build/signing and callback marshalling","Reuse Effect Scope for owned handles/children, ChildProcess for selected processes, FileSystem/Path for explicit mutation, Stream only for a real typed event source, Layer for selection and dependency provision, and preserve Cause interruption.","bounded negative / reject for this operation","high","esbuild API docs and pkg/api/api.go:529-560; SURFACE.json"
"esbuild","ESB-CONTEXT-REBUILD","create a context and rebuild","embedded-engine","linked Go library; same Go process; direct Go calls; effect-build calls provider. Family: linked or vendored upstream compiler/runtime core","provider pin/license: esbuild 0.28.2 @ 609683d892977362a0f99026cb74b96263d728a9; MIT; evidence class/support promise: supported only through official Go API; vendoring internals beyond pkg/api is unsupported; effect-build-owned adapter/prototype license: MIT where applicable, otherwise not applicable","Go module/build selects engine","Go-native values; does not preserve JS closure/context identity","Go-native calls and contexts; operation invariant: long-lived context handle whose cancel/dispose law and underlying executor ownership must both be explicit","bytes/direct writes; operation invariant: caller-owned in-memory BuildResult per rebuild","Go binary per platform","public Go API only","frozen JS build/plugin/context operations are not directly callable from TypeScript without another bridge","reasonable in Go, substantial for this JS package train","Reuse Effect Scope for owned handles/children, ChildProcess for selected processes, FileSystem/Path for explicit mutation, Stream only for a real typed event source, Layer for selection and dependency provision, and preserve Cause interruption.","bounded negative / reject for this operation","high","esbuild API docs and pkg/api/api.go:529-560; SURFACE.json"
"esbuild","ESB-CONTEXT-REBUILD","create a context and rebuild","runtime-hosted-sidecar","framed request/result; owned Go or Node sidecar invoking public API; effect-build protocol, possibly bidirectional; effect-build calls provider. Family: provider-native public API behind an effect-build-owned framed protocol","provider pin/license: esbuild 0.28.2 @ 609683d892977362a0f99026cb74b96263d728a9; MIT; evidence class/support promise: hypothetical/bounded adapter; not upstream; effect-build-owned adapter/prototype license: MIT where applicable, otherwise not applicable","effect-build selects/distributes sidecar engine image and protocol","serializable options/results; JS plugins need reverse callback RPC or provider-side module loading","one-shot or process session; context IDs require crash/stale-handle laws; operation invariant: long-lived context handle whose cancel/dispose law and underlying executor ownership must both be explicit","bytes copied over transport or files in sidecar namespace; operation invariant: caller-owned in-memory BuildResult per rebuild","new binaries/server per platform","owned schema/handshake plus esbuild version","cannot preserve the frozen full BuildOptions/BuildResult plugin surface without an unproven callback protocol; duplicates the official JS package service","protocol/platform packaging/callback/backpressure/session states added","Reuse Effect Scope for owned handles/children, ChildProcess for selected processes, FileSystem/Path for explicit mutation, Stream only for a real typed event source, Layer for selection and dependency provision, and preserve Cause interruption.","bounded negative / reject for this operation","medium","esbuild API docs and pkg/api/api.go:529-560; SURFACE.json"
"esbuild","ESB-CONTEXT-REBUILD","create a context and rebuild","persistent-session","official JS service plus context handles, or owned session; shared native child for JS API; Go context for Go API; private service protocol behind public API; effect-build calls provider. Family: versioned daemon/service session with lifetime-bound handles","provider pin/license: esbuild 0.28.2 @ 609683d892977362a0f99026cb74b96263d728a9; MIT; evidence class/support promise: public contexts are supported; native service protocol is not; effect-build-owned adapter/prototype license: MIT where applicable, otherwise not applicable","package-selected service; context owns build key while service is global","full semantics through public API; do not expose private handle IDs","cancel/dispose are per context; stop/crash is global and invalidates every context; operation invariant: long-lived context handle whose cancel/dispose law and underlying executor ownership must both be explicit","structured/direct according to request; operation invariant: caller-owned in-memory BuildResult per rebuild","normal esbuild package","exact internal handshake owned by upstream package","use public contexts directly where reusable state is the operation","reuses upstream session; effect-build only adds Scope law","Reuse Effect Scope for owned handles/children, ChildProcess for selected processes, FileSystem/Path for explicit mutation, Stream only for a real typed event source, Layer for selection and dependency provision, and preserve Cause interruption.","viable now through public contexts","high","esbuild API docs and pkg/api/api.go:529-560; SURFACE.json"
"esbuild","ESB-CONTEXT-REBUILD","create a context and rebuild","wasm-worker","browser JS API; Web Worker by default or same browser thread -> Go WASM service; postMessage/in-memory framed channel and WASM calls; effect-build calls provider. Family: supported WebAssembly, WASI, or provider worker boundary","provider pin/license: esbuild 0.28.2 @ 609683d892977362a0f99026cb74b96263d728a9; MIT; evidence class/support promise: documented public esbuild-wasm 0.28.2 browser API, MIT; effect-build-owned adapter/prototype license: MIT where applicable, otherwise not applicable","caller selects exact wasmURL/module; no native selected binary","in-memory/virtual/plugin inputs and structured results; no native filesystem","worker initialized/stopped; public support excludes sync/context/watch/serve; operation invariant: long-lived context handle whose cancel/dispose law and underlying executor ownership must both be explicit","in-memory bytes only; copies across worker/WASM; operation invariant: caller-owned in-memory BuildResult per rebuild","WASM plus JS glue/browser worker; larger/slower than native","exact JS/WASM package version","not the frozen installed-library/native-service full build operation; excludes direct writes, supported context/watch/serve, sync API, native performance/identity","portable distribution but capability and copy/performance losses","Reuse Effect Scope for owned handles/children, ChildProcess for selected processes, FileSystem/Path for explicit mutation, Stream only for a real typed event source, Layer for selection and dependency provision, and preserve Cause interruption.","bounded negative / reject for this operation","high","esbuild API docs and pkg/api/api.go:529-560; SURFACE.json"
"esbuild","ESB-CONTEXT-REBUILD","create a context and rebuild","inverted-plugin","plugin callbacks registered with public JS/Go API; native engine reverse-calls host callback; upstream bidirectional service callbacks or direct Go calls; effect-build calls provider. Family: provider owns execution and calls effect-build-controlled hooks/modules","provider pin/license: esbuild 0.28.2 @ 609683d892977362a0f99026cb74b96263d728a9; MIT; evidence class/support promise: documented public plugin API; effect-build-owned adapter/prototype license: MIT where applicable, otherwise not applicable","engine owns schedule; host owns plugin code/state","faithfully preserves closures, virtual modules, diagnostics and reentrancy in supported host","callbacks/build keys tied to build/context; cancellation waits on running host callbacks; operation invariant: long-lived context handle whose cancel/dispose law and underlying executor ownership must both be explicit","plugins can alter graph/results/direct writes; operation invariant: caller-owned in-memory BuildResult per rebuild","plugin code installed with host","public plugin API and host runtime","a callback is an adjunct to builds and contexts, not the caller surface for build, rebuild, cancel, dispose, watch, or serve","upstream already owns callback protocol; effect-build should not recreate it","Reuse Effect Scope for owned handles/children, ChildProcess for selected processes, FileSystem/Path for explicit mutation, Stream only for a real typed event source, Layer for selection and dependency provision, and preserve Cause interruption.","bounded negative / reject for this operation","high","esbuild API docs and pkg/api/api.go:529-560; SURFACE.json"
"esbuild","ESB-CONTEXT-REBUILD","create a context and rebuild","declarative-artifact","none supported; not available as a supported provider surface; none; effect-build calls provider. Family: stable config, manifest, project, or intermediate artifact handoff","provider pin/license: esbuild 0.28.2 @ 609683d892977362a0f99026cb74b96263d728a9; MIT; evidence class/support promise: esbuild intentionally exposes CLI flags/API objects and no native stable project config/IR interchange; effect-build-owned adapter/prototype license: MIT where applicable, otherwise not applicable","would require effect-build to own an unsupported engine/ABI or substitute semantics","no supported faithful request/result boundary","unproven; operation invariant: long-lived context handle whose cancel/dispose law and underlying executor ownership must both be explicit","unproven; operation invariant: caller-owned in-memory BuildResult per rebuild","would require new native/source distribution","unsupported coupling","a JSON options file or stored argv does not change execution semantics and cannot contain callbacks","parallel schema/config version without capability gain","Reuse Effect Scope for owned handles/children, ChildProcess for selected processes, FileSystem/Path for explicit mutation, Stream only for a real typed event source, Layer for selection and dependency provision, and preserve Cause interruption.","bounded negative / reject for this operation","high","esbuild API docs and pkg/api/api.go:529-560; SURFACE.json"
"esbuild","ESB-CONTEXT-REBUILD","create a context and rebuild","isolated-worker","none supported; not available as a supported provider surface; none; effect-build calls provider. Family: local/remote isolated worker used specifically for host or fault isolation","provider pin/license: esbuild 0.28.2 @ 609683d892977362a0f99026cb74b96263d728a9; MIT; evidence class/support promise: a Node worker/remote worker can wrap the JS package, but the compiler is already in a child and no current operation needs remote infrastructure; effect-build-owned adapter/prototype license: MIT where applicable, otherwise not applicable","would require effect-build to own an unsupported engine/ABI or substitute semantics","no supported faithful request/result boundary","unproven; operation invariant: long-lived context handle whose cancel/dispose law and underlying executor ownership must both be explicit","unproven; operation invariant: caller-owned in-memory BuildResult per rebuild","would require new native/source distribution","unsupported coupling","does not remove global service unless it becomes an owned sidecar and loses callbacks without code mobility","duplicate process/protocol/security/workspace states","Reuse Effect Scope for owned handles/children, ChildProcess for selected processes, FileSystem/Path for explicit mutation, Stream only for a real typed event source, Layer for selection and dependency provision, and preserve Cause interruption.","bounded negative / reject for this operation","high","esbuild API docs and pkg/api/api.go:529-560; SURFACE.json"
"esbuild","ESB-CONTEXT-REBUILD","create a context and rebuild","upstream-contribution","future supported service protocol/per-context service/cancel; upstream-defined; documented versioned protocol or additional public API; effect-build calls provider. Family: missing supported protocol/library/cancellation/event surface proposed upstream","provider pin/license: esbuild 0.28.2 @ 609683d892977362a0f99026cb74b96263d728a9; MIT; evidence class/support promise: hypothetical; current --service is hidden/internal; effect-build-owned adapter/prototype license: MIT where applicable, otherwise not applicable","would need explicit binary/service identity","should preserve structured values and callback policy","per-operation cancel and crash recovery without global stop would change costs; operation invariant: long-lived context handle whose cancel/dispose law and underlying executor ownership must both be explicit","must retain direct/memory distinctions; operation invariant: caller-owned in-memory BuildResult per rebuild","upstream-owned","documented protocol/version","would make an owned cross-host service much cheaper","upstream absorbs protocol maintenance","Reuse Effect Scope for owned handles/children, ChildProcess for selected processes, FileSystem/Path for explicit mutation, Stream only for a real typed event source, Layer for selection and dependency provision, and preserve Cause interruption.","upstream-dependent","high","esbuild API docs and pkg/api/api.go:529-560; SURFACE.json"
"esbuild","ESB-WATCH","start context watch","direct-host-api","official JavaScript functions and context handle; Node host plus one package-module-global native esbuild child per resolved module instance; sync calls use a worker-owned child; private framed bidirectional stdio hidden behind supported JS API; effect-build calls provider. Family: official function, callback, or scoped handle in the provider's supported host","provider pin/license: esbuild 0.28.2 @ 609683d892977362a0f99026cb74b96263d728a9; MIT; evidence class/support promise: documented public esbuild 0.28.2 JS API, MIT; service protocol is undocumented internal; effect-build-owned adapter/prototype license: MIT where applicable, otherwise not applicable","the installed package normally resolves its matching optional platform binary, but ambient ESBUILD_BINARY_PATH can override that path; cwd/env are inherited","full structured results/options/virtual inputs and host plugin closures through reverse callbacks","one-shot operations through one module instance share its service; contexts expose rebuild/watch/serve/cancel/dispose; that module instance's global stop affects its consumers; operation invariant: watch lives until context disposal; no independent stop method","in-memory bytes or provider-direct files; operation invariant: acknowledgement only; plugin onEnd is the native result channel","npm package plus platform binary or explicit ambient override; offline only when the selected bytes already exist","private first-packet exact-version check rejects version skew but does not content-bind an override; public compatibility is package API only","best TypeScript boundary for structured/plugin/context operations","low adapter cost but ambient override authority, package-module-global crash/stop, and one-shot cancellation need explicit treatment","Reuse Effect Scope for owned handles/children, ChildProcess for selected processes, FileSystem/Path for explicit mutation, Stream only for a real typed event source, Layer for selection and dependency provision, and preserve Cause interruption.","viable now","high","esbuild API docs and service.go @ 609683d; SURFACE.json"
"esbuild","ESB-WATCH","start context watch","selected-command","command; selected native esbuild child; argv/stdin/stdout/stderr/filesystem; effect-build calls provider. Family: one-shot or scoped provider command with native argv/project/process semantics","provider pin/license: esbuild 0.28.2 @ 609683d892977362a0f99026cb74b96263d728a9; MIT; evidence class/support promise: documented public esbuild 0.28.2 CLI, MIT; effect-build-owned adapter/prototype license: MIT where applicable, otherwise not applicable","caller selects exact executable/cwd/env/flags","native CLI options/project streams; no JS/Go plugin closures or structured API handles/results","one-shot or raw process-owned watch/serve; kill is the process boundary; operation invariant: watch lives until context disposal; no independent stop method","stdout/direct files; operation invariant: acknowledgement only; plugin onEnd is the native result channel","single native platform binary","version/capability probe; terminal prose is not typed protocol","structured transform/code-map-warning results, formatMessages, analyzeMetafile, plugins, virtual callbacks, reusable contexts, typed watch events, and structured ServeResult","simple and well isolated","Reuse Effect Scope for owned handles/children, ChildProcess for selected processes, FileSystem/Path for explicit mutation, Stream only for a real typed event source, Layer for selection and dependency provision, and preserve Cause interruption.","bounded negative / reject for this operation","high","esbuild API docs and service.go @ 609683d; SURFACE.json"
"esbuild","ESB-WATCH","start context watch","official-language-library","official Go pkg/api functions and BuildContext; compiler linked directly in caller Go process; direct Go calls/callbacks; effect-build calls provider. Family: official Go or Rust library API outside the TypeScript host","provider pin/license: esbuild 0.28.2 @ 609683d892977362a0f99026cb74b96263d728a9; MIT; evidence class/support promise: documented public official Go API at 0.28.2, MIT; effect-build-owned adapter/prototype license: MIT where applicable, otherwise not applicable","Go module selects exact engine; caller owns options/filesystem/network","Go-native options/results/plugins/contexts; serializable pure/direct-write operations retain provider semantics, while JS closures and JS context identity do not","Go contexts expose rebuild/watch/serve/cancel/dispose but are not JS context handles; operation invariant: watch lives until context disposal; no independent stop method","Go byte slices or provider-direct files; operation invariant: acknowledgement only; plugin onEnd is the native result channel","requires Go application/toolchain build per target; no child binary at runtime","Go module SemVer/API","does not preserve frozen JS BuildOptions/BuildResult plugin closures or JS context handles; a TypeScript caller needs a separately evaluated bridge/sidecar","low in Go; high if effect-build owns cross-language bridge","Reuse Effect Scope for owned handles/children, ChildProcess for selected processes, FileSystem/Path for explicit mutation, Stream only for a real typed event source, Layer for selection and dependency provision, and preserve Cause interruption.","bounded negative / reject for this operation","high","esbuild API docs and service.go @ 609683d; SURFACE.json"
"esbuild","ESB-WATCH","start context watch","native-bridge","none supported; not available as a supported provider surface; none; effect-build calls provider. Family: supported or owned C/C++/N-API/FFI bridge","provider pin/license: esbuild 0.28.2 @ 609683d892977362a0f99026cb74b96263d728a9; MIT; evidence class/support promise: no supported esbuild C/C++/N-API/FFI ABI found at 0.28.2 after official docs/pkg/lib/cmd/manifests search; effect-build-owned adapter/prototype license: MIT where applicable, otherwise not applicable","would require effect-build to own an unsupported engine/ABI or substitute semantics","no supported faithful request/result boundary","unproven; operation invariant: watch lives until context disposal; no independent stop method","unproven; operation invariant: acknowledgement only; plugin onEnd is the native result channel","would require new native/source distribution","unsupported coupling","an owned bridge would wrap Go internals rather than an upstream ABI","per-platform ABI/build/signing and callback marshalling","Reuse Effect Scope for owned handles/children, ChildProcess for selected processes, FileSystem/Path for explicit mutation, Stream only for a real typed event source, Layer for selection and dependency provision, and preserve Cause interruption.","bounded negative / reject for this operation","high","esbuild API docs and service.go @ 609683d; SURFACE.json"
"esbuild","ESB-WATCH","start context watch","embedded-engine","linked Go library; same Go process; direct Go calls; effect-build calls provider. Family: linked or vendored upstream compiler/runtime core","provider pin/license: esbuild 0.28.2 @ 609683d892977362a0f99026cb74b96263d728a9; MIT; evidence class/support promise: supported only through official Go API; vendoring internals beyond pkg/api is unsupported; effect-build-owned adapter/prototype license: MIT where applicable, otherwise not applicable","Go module/build selects engine","Go-native values; does not preserve JS closure/context identity","Go-native calls and contexts; operation invariant: watch lives until context disposal; no independent stop method","bytes/direct writes; operation invariant: acknowledgement only; plugin onEnd is the native result channel","Go binary per platform","public Go API only","frozen JS build/plugin/context operations are not directly callable from TypeScript without another bridge","reasonable in Go, substantial for this JS package train","Reuse Effect Scope for owned handles/children, ChildProcess for selected processes, FileSystem/Path for explicit mutation, Stream only for a real typed event source, Layer for selection and dependency provision, and preserve Cause interruption.","bounded negative / reject for this operation","high","esbuild API docs and service.go @ 609683d; SURFACE.json"
"esbuild","ESB-WATCH","start context watch","runtime-hosted-sidecar","framed request/result; owned Go or Node sidecar invoking public API; effect-build protocol, possibly bidirectional; effect-build calls provider. Family: provider-native public API behind an effect-build-owned framed protocol","provider pin/license: esbuild 0.28.2 @ 609683d892977362a0f99026cb74b96263d728a9; MIT; evidence class/support promise: hypothetical/bounded adapter; not upstream; effect-build-owned adapter/prototype license: MIT where applicable, otherwise not applicable","effect-build selects/distributes sidecar engine image and protocol","serializable options/results; JS plugins need reverse callback RPC or provider-side module loading","one-shot or process session; context IDs require crash/stale-handle laws; operation invariant: watch lives until context disposal; no independent stop method","bytes copied over transport or files in sidecar namespace; operation invariant: acknowledgement only; plugin onEnd is the native result channel","new binaries/server per platform","owned schema/handshake plus esbuild version","cannot preserve the frozen full BuildOptions/BuildResult plugin surface without an unproven callback protocol; duplicates the official JS package service","protocol/platform packaging/callback/backpressure/session states added","Reuse Effect Scope for owned handles/children, ChildProcess for selected processes, FileSystem/Path for explicit mutation, Stream only for a real typed event source, Layer for selection and dependency provision, and preserve Cause interruption.","bounded negative / reject for this operation","medium","esbuild API docs and service.go @ 609683d; SURFACE.json"
"esbuild","ESB-WATCH","start context watch","persistent-session","official JS service plus context handles, or owned session; shared native child for JS API; Go context for Go API; private service protocol behind public API; effect-build calls provider. Family: versioned daemon/service session with lifetime-bound handles","provider pin/license: esbuild 0.28.2 @ 609683d892977362a0f99026cb74b96263d728a9; MIT; evidence class/support promise: public contexts are supported; native service protocol is not; effect-build-owned adapter/prototype license: MIT where applicable, otherwise not applicable","package-selected service; context owns build key while service is global","full semantics through public API; do not expose private handle IDs","cancel/dispose are per context; stop/crash is global and invalidates every context; operation invariant: watch lives until context disposal; no independent stop method","structured/direct according to request; operation invariant: acknowledgement only; plugin onEnd is the native result channel","normal esbuild package","exact internal handshake owned by upstream package","use public contexts directly where reusable state is the operation","reuses upstream session; effect-build only adds Scope law","Reuse Effect Scope for owned handles/children, ChildProcess for selected processes, FileSystem/Path for explicit mutation, Stream only for a real typed event source, Layer for selection and dependency provision, and preserve Cause interruption.","viable now through public contexts","high","esbuild API docs and service.go @ 609683d; SURFACE.json"
"esbuild","ESB-WATCH","start context watch","wasm-worker","browser JS API; Web Worker by default or same browser thread -> Go WASM service; postMessage/in-memory framed channel and WASM calls; effect-build calls provider. Family: supported WebAssembly, WASI, or provider worker boundary","provider pin/license: esbuild 0.28.2 @ 609683d892977362a0f99026cb74b96263d728a9; MIT; evidence class/support promise: documented public esbuild-wasm 0.28.2 browser API, MIT; effect-build-owned adapter/prototype license: MIT where applicable, otherwise not applicable","caller selects exact wasmURL/module; no native selected binary","in-memory/virtual/plugin inputs and structured results; no native filesystem","worker initialized/stopped; public support excludes sync/context/watch/serve; operation invariant: watch lives until context disposal; no independent stop method","in-memory bytes only; copies across worker/WASM; operation invariant: acknowledgement only; plugin onEnd is the native result channel","WASM plus JS glue/browser worker; larger/slower than native","exact JS/WASM package version","not the frozen installed-library/native-service full build operation; excludes direct writes, supported context/watch/serve, sync API, native performance/identity","portable distribution but capability and copy/performance losses","Reuse Effect Scope for owned handles/children, ChildProcess for selected processes, FileSystem/Path for explicit mutation, Stream only for a real typed event source, Layer for selection and dependency provision, and preserve Cause interruption.","bounded negative / reject for this operation","high","esbuild API docs and service.go @ 609683d; SURFACE.json"
"esbuild","ESB-WATCH","start context watch","inverted-plugin","plugin callbacks registered with public JS/Go API; native engine reverse-calls host callback; upstream bidirectional service callbacks or direct Go calls; effect-build calls provider. Family: provider owns execution and calls effect-build-controlled hooks/modules","provider pin/license: esbuild 0.28.2 @ 609683d892977362a0f99026cb74b96263d728a9; MIT; evidence class/support promise: documented public plugin API; effect-build-owned adapter/prototype license: MIT where applicable, otherwise not applicable","engine owns schedule; host owns plugin code/state","faithfully preserves closures, virtual modules, diagnostics and reentrancy in supported host","callbacks/build keys tied to build/context; cancellation waits on running host callbacks; operation invariant: watch lives until context disposal; no independent stop method","plugins can alter graph/results/direct writes; operation invariant: acknowledgement only; plugin onEnd is the native result channel","plugin code installed with host","public plugin API and host runtime","a callback is an adjunct to builds and contexts, not the caller surface for build, rebuild, cancel, dispose, watch, or serve","upstream already owns callback protocol; effect-build should not recreate it","Reuse Effect Scope for owned handles/children, ChildProcess for selected processes, FileSystem/Path for explicit mutation, Stream only for a real typed event source, Layer for selection and dependency provision, and preserve Cause interruption.","bounded negative / reject for this operation","high","esbuild API docs and service.go @ 609683d; SURFACE.json"
"esbuild","ESB-WATCH","start context watch","declarative-artifact","none supported; not available as a supported provider surface; none; effect-build calls provider. Family: stable config, manifest, project, or intermediate artifact handoff","provider pin/license: esbuild 0.28.2 @ 609683d892977362a0f99026cb74b96263d728a9; MIT; evidence class/support promise: esbuild intentionally exposes CLI flags/API objects and no native stable project config/IR interchange; effect-build-owned adapter/prototype license: MIT where applicable, otherwise not applicable","would require effect-build to own an unsupported engine/ABI or substitute semantics","no supported faithful request/result boundary","unproven; operation invariant: watch lives until context disposal; no independent stop method","unproven; operation invariant: acknowledgement only; plugin onEnd is the native result channel","would require new native/source distribution","unsupported coupling","a JSON options file or stored argv does not change execution semantics and cannot contain callbacks","parallel schema/config version without capability gain","Reuse Effect Scope for owned handles/children, ChildProcess for selected processes, FileSystem/Path for explicit mutation, Stream only for a real typed event source, Layer for selection and dependency provision, and preserve Cause interruption.","bounded negative / reject for this operation","high","esbuild API docs and service.go @ 609683d; SURFACE.json"
"esbuild","ESB-WATCH","start context watch","isolated-worker","none supported; not available as a supported provider surface; none; effect-build calls provider. Family: local/remote isolated worker used specifically for host or fault isolation","provider pin/license: esbuild 0.28.2 @ 609683d892977362a0f99026cb74b96263d728a9; MIT; evidence class/support promise: a Node worker/remote worker can wrap the JS package, but the compiler is already in a child and no current operation needs remote infrastructure; effect-build-owned adapter/prototype license: MIT where applicable, otherwise not applicable","would require effect-build to own an unsupported engine/ABI or substitute semantics","no supported faithful request/result boundary","unproven; operation invariant: watch lives until context disposal; no independent stop method","unproven; operation invariant: acknowledgement only; plugin onEnd is the native result channel","would require new native/source distribution","unsupported coupling","does not remove global service unless it becomes an owned sidecar and loses callbacks without code mobility","duplicate process/protocol/security/workspace states","Reuse Effect Scope for owned handles/children, ChildProcess for selected processes, FileSystem/Path for explicit mutation, Stream only for a real typed event source, Layer for selection and dependency provision, and preserve Cause interruption.","bounded negative / reject for this operation","high","esbuild API docs and service.go @ 609683d; SURFACE.json"
"esbuild","ESB-WATCH","start context watch","upstream-contribution","future supported service protocol/per-context service/cancel; upstream-defined; documented versioned protocol or additional public API; effect-build calls provider. Family: missing supported protocol/library/cancellation/event surface proposed upstream","provider pin/license: esbuild 0.28.2 @ 609683d892977362a0f99026cb74b96263d728a9; MIT; evidence class/support promise: hypothetical; current --service is hidden/internal; effect-build-owned adapter/prototype license: MIT where applicable, otherwise not applicable","would need explicit binary/service identity","should preserve structured values and callback policy","per-operation cancel and crash recovery without global stop would change costs; operation invariant: watch lives until context disposal; no independent stop method","must retain direct/memory distinctions; operation invariant: acknowledgement only; plugin onEnd is the native result channel","upstream-owned","documented protocol/version","would make an owned cross-host service much cheaper","upstream absorbs protocol maintenance","Reuse Effect Scope for owned handles/children, ChildProcess for selected processes, FileSystem/Path for explicit mutation, Stream only for a real typed event source, Layer for selection and dependency provision, and preserve Cause interruption.","upstream-dependent","high","esbuild API docs and service.go @ 609683d; SURFACE.json"
"esbuild","ESB-SERVE","start context serve","direct-host-api","official JavaScript functions and context handle; Node host plus one package-module-global native esbuild child per resolved module instance; sync calls use a worker-owned child; private framed bidirectional stdio hidden behind supported JS API; effect-build calls provider. Family: official function, callback, or scoped handle in the provider's supported host","provider pin/license: esbuild 0.28.2 @ 609683d892977362a0f99026cb74b96263d728a9; MIT; evidence class/support promise: documented public esbuild 0.28.2 JS API, MIT; service protocol is undocumented internal; effect-build-owned adapter/prototype license: MIT where applicable, otherwise not applicable","the installed package normally resolves its matching optional platform binary, but ambient ESBUILD_BINARY_PATH can override that path; cwd/env are inherited","full structured results/options/virtual inputs and host plugin closures through reverse callbacks","one-shot operations through one module instance share its service; contexts expose rebuild/watch/serve/cancel/dispose; that module instance's global stop affects its consumers; operation invariant: server lives until context disposal","in-memory bytes or provider-direct files; operation invariant: caller-owned port/hosts result plus provider-owned listening socket","npm package plus platform binary or explicit ambient override; offline only when the selected bytes already exist","private first-packet exact-version check rejects version skew but does not content-bind an override; public compatibility is package API only","best TypeScript boundary for structured/plugin/context operations","low adapter cost but ambient override authority, package-module-global crash/stop, and one-shot cancellation need explicit treatment","Reuse Effect Scope for owned handles/children, ChildProcess for selected processes, FileSystem/Path for explicit mutation, Stream only for a real typed event source, Layer for selection and dependency provision, and preserve Cause interruption.","viable now","high","esbuild API docs and service.go @ 609683d; SURFACE.json"
"esbuild","ESB-SERVE","start context serve","selected-command","command; selected native esbuild child; argv/stdin/stdout/stderr/filesystem; effect-build calls provider. Family: one-shot or scoped provider command with native argv/project/process semantics","provider pin/license: esbuild 0.28.2 @ 609683d892977362a0f99026cb74b96263d728a9; MIT; evidence class/support promise: documented public esbuild 0.28.2 CLI, MIT; effect-build-owned adapter/prototype license: MIT where applicable, otherwise not applicable","caller selects exact executable/cwd/env/flags","native CLI options/project streams; no JS/Go plugin closures or structured API handles/results","one-shot or raw process-owned watch/serve; kill is the process boundary; operation invariant: server lives until context disposal","stdout/direct files; operation invariant: caller-owned port/hosts result plus provider-owned listening socket","single native platform binary","version/capability probe; terminal prose is not typed protocol","structured transform/code-map-warning results, formatMessages, analyzeMetafile, plugins, virtual callbacks, reusable contexts, typed watch events, and structured ServeResult","simple and well isolated","Reuse Effect Scope for owned handles/children, ChildProcess for selected processes, FileSystem/Path for explicit mutation, Stream only for a real typed event source, Layer for selection and dependency provision, and preserve Cause interruption.","bounded negative / reject for this operation","high","esbuild API docs and service.go @ 609683d; SURFACE.json"
"esbuild","ESB-SERVE","start context serve","official-language-library","official Go pkg/api functions and BuildContext; compiler linked directly in caller Go process; direct Go calls/callbacks; effect-build calls provider. Family: official Go or Rust library API outside the TypeScript host","provider pin/license: esbuild 0.28.2 @ 609683d892977362a0f99026cb74b96263d728a9; MIT; evidence class/support promise: documented public official Go API at 0.28.2, MIT; effect-build-owned adapter/prototype license: MIT where applicable, otherwise not applicable","Go module selects exact engine; caller owns options/filesystem/network","Go-native options/results/plugins/contexts; serializable pure/direct-write operations retain provider semantics, while JS closures and JS context identity do not","Go contexts expose rebuild/watch/serve/cancel/dispose but are not JS context handles; operation invariant: server lives until context disposal","Go byte slices or provider-direct files; operation invariant: caller-owned port/hosts result plus provider-owned listening socket","requires Go application/toolchain build per target; no child binary at runtime","Go module SemVer/API","does not preserve frozen JS BuildOptions/BuildResult plugin closures or JS context handles; a TypeScript caller needs a separately evaluated bridge/sidecar","low in Go; high if effect-build owns cross-language bridge","Reuse Effect Scope for owned handles/children, ChildProcess for selected processes, FileSystem/Path for explicit mutation, Stream only for a real typed event source, Layer for selection and dependency provision, and preserve Cause interruption.","bounded negative / reject for this operation","high","esbuild API docs and service.go @ 609683d; SURFACE.json"
"esbuild","ESB-SERVE","start context serve","native-bridge","none supported; not available as a supported provider surface; none; effect-build calls provider. Family: supported or owned C/C++/N-API/FFI bridge","provider pin/license: esbuild 0.28.2 @ 609683d892977362a0f99026cb74b96263d728a9; MIT; evidence class/support promise: no supported esbuild C/C++/N-API/FFI ABI found at 0.28.2 after official docs/pkg/lib/cmd/manifests search; effect-build-owned adapter/prototype license: MIT where applicable, otherwise not applicable","would require effect-build to own an unsupported engine/ABI or substitute semantics","no supported faithful request/result boundary","unproven; operation invariant: server lives until context disposal","unproven; operation invariant: caller-owned port/hosts result plus provider-owned listening socket","would require new native/source distribution","unsupported coupling","an owned bridge would wrap Go internals rather than an upstream ABI","per-platform ABI/build/signing and callback marshalling","Reuse Effect Scope for owned handles/children, ChildProcess for selected processes, FileSystem/Path for explicit mutation, Stream only for a real typed event source, Layer for selection and dependency provision, and preserve Cause interruption.","bounded negative / reject for this operation","high","esbuild API docs and service.go @ 609683d; SURFACE.json"
"esbuild","ESB-SERVE","start context serve","embedded-engine","linked Go library; same Go process; direct Go calls; effect-build calls provider. Family: linked or vendored upstream compiler/runtime core","provider pin/license: esbuild 0.28.2 @ 609683d892977362a0f99026cb74b96263d728a9; MIT; evidence class/support promise: supported only through official Go API; vendoring internals beyond pkg/api is unsupported; effect-build-owned adapter/prototype license: MIT where applicable, otherwise not applicable","Go module/build selects engine","Go-native values; does not preserve JS closure/context identity","Go-native calls and contexts; operation invariant: server lives until context disposal","bytes/direct writes; operation invariant: caller-owned port/hosts result plus provider-owned listening socket","Go binary per platform","public Go API only","frozen JS build/plugin/context operations are not directly callable from TypeScript without another bridge","reasonable in Go, substantial for this JS package train","Reuse Effect Scope for owned handles/children, ChildProcess for selected processes, FileSystem/Path for explicit mutation, Stream only for a real typed event source, Layer for selection and dependency provision, and preserve Cause interruption.","bounded negative / reject for this operation","high","esbuild API docs and service.go @ 609683d; SURFACE.json"
"esbuild","ESB-SERVE","start context serve","runtime-hosted-sidecar","framed request/result; owned Go or Node sidecar invoking public API; effect-build protocol, possibly bidirectional; effect-build calls provider. Family: provider-native public API behind an effect-build-owned framed protocol","provider pin/license: esbuild 0.28.2 @ 609683d892977362a0f99026cb74b96263d728a9; MIT; evidence class/support promise: hypothetical/bounded adapter; not upstream; effect-build-owned adapter/prototype license: MIT where applicable, otherwise not applicable","effect-build selects/distributes sidecar engine image and protocol","serializable options/results; JS plugins need reverse callback RPC or provider-side module loading","one-shot or process session; context IDs require crash/stale-handle laws; operation invariant: server lives until context disposal","bytes copied over transport or files in sidecar namespace; operation invariant: caller-owned port/hosts result plus provider-owned listening socket","new binaries/server per platform","owned schema/handshake plus esbuild version","cannot preserve the frozen full BuildOptions/BuildResult plugin surface without an unproven callback protocol; duplicates the official JS package service","protocol/platform packaging/callback/backpressure/session states added","Reuse Effect Scope for owned handles/children, ChildProcess for selected processes, FileSystem/Path for explicit mutation, Stream only for a real typed event source, Layer for selection and dependency provision, and preserve Cause interruption.","bounded negative / reject for this operation","medium","esbuild API docs and service.go @ 609683d; SURFACE.json"
"esbuild","ESB-SERVE","start context serve","persistent-session","official JS service plus context handles, or owned session; shared native child for JS API; Go context for Go API; private service protocol behind public API; effect-build calls provider. Family: versioned daemon/service session with lifetime-bound handles","provider pin/license: esbuild 0.28.2 @ 609683d892977362a0f99026cb74b96263d728a9; MIT; evidence class/support promise: public contexts are supported; native service protocol is not; effect-build-owned adapter/prototype license: MIT where applicable, otherwise not applicable","package-selected service; context owns build key while service is global","full semantics through public API; do not expose private handle IDs","cancel/dispose are per context; stop/crash is global and invalidates every context; operation invariant: server lives until context disposal","structured/direct according to request; operation invariant: caller-owned port/hosts result plus provider-owned listening socket","normal esbuild package","exact internal handshake owned by upstream package","use public contexts directly where reusable state is the operation","reuses upstream session; effect-build only adds Scope law","Reuse Effect Scope for owned handles/children, ChildProcess for selected processes, FileSystem/Path for explicit mutation, Stream only for a real typed event source, Layer for selection and dependency provision, and preserve Cause interruption.","viable now through public contexts","high","esbuild API docs and service.go @ 609683d; SURFACE.json"
"esbuild","ESB-SERVE","start context serve","wasm-worker","browser JS API; Web Worker by default or same browser thread -> Go WASM service; postMessage/in-memory framed channel and WASM calls; effect-build calls provider. Family: supported WebAssembly, WASI, or provider worker boundary","provider pin/license: esbuild 0.28.2 @ 609683d892977362a0f99026cb74b96263d728a9; MIT; evidence class/support promise: documented public esbuild-wasm 0.28.2 browser API, MIT; effect-build-owned adapter/prototype license: MIT where applicable, otherwise not applicable","caller selects exact wasmURL/module; no native selected binary","in-memory/virtual/plugin inputs and structured results; no native filesystem","worker initialized/stopped; public support excludes sync/context/watch/serve; operation invariant: server lives until context disposal","in-memory bytes only; copies across worker/WASM; operation invariant: caller-owned port/hosts result plus provider-owned listening socket","WASM plus JS glue/browser worker; larger/slower than native","exact JS/WASM package version","not the frozen installed-library/native-service full build operation; excludes direct writes, supported context/watch/serve, sync API, native performance/identity","portable distribution but capability and copy/performance losses","Reuse Effect Scope for owned handles/children, ChildProcess for selected processes, FileSystem/Path for explicit mutation, Stream only for a real typed event source, Layer for selection and dependency provision, and preserve Cause interruption.","bounded negative / reject for this operation","high","esbuild API docs and service.go @ 609683d; SURFACE.json"
"esbuild","ESB-SERVE","start context serve","inverted-plugin","plugin callbacks registered with public JS/Go API; native engine reverse-calls host callback; upstream bidirectional service callbacks or direct Go calls; effect-build calls provider. Family: provider owns execution and calls effect-build-controlled hooks/modules","provider pin/license: esbuild 0.28.2 @ 609683d892977362a0f99026cb74b96263d728a9; MIT; evidence class/support promise: documented public plugin API; effect-build-owned adapter/prototype license: MIT where applicable, otherwise not applicable","engine owns schedule; host owns plugin code/state","faithfully preserves closures, virtual modules, diagnostics and reentrancy in supported host","callbacks/build keys tied to build/context; cancellation waits on running host callbacks; operation invariant: server lives until context disposal","plugins can alter graph/results/direct writes; operation invariant: caller-owned port/hosts result plus provider-owned listening socket","plugin code installed with host","public plugin API and host runtime","a callback is an adjunct to builds and contexts, not the caller surface for build, rebuild, cancel, dispose, watch, or serve","upstream already owns callback protocol; effect-build should not recreate it","Reuse Effect Scope for owned handles/children, ChildProcess for selected processes, FileSystem/Path for explicit mutation, Stream only for a real typed event source, Layer for selection and dependency provision, and preserve Cause interruption.","bounded negative / reject for this operation","high","esbuild API docs and service.go @ 609683d; SURFACE.json"
"esbuild","ESB-SERVE","start context serve","declarative-artifact","none supported; not available as a supported provider surface; none; effect-build calls provider. Family: stable config, manifest, project, or intermediate artifact handoff","provider pin/license: esbuild 0.28.2 @ 609683d892977362a0f99026cb74b96263d728a9; MIT; evidence class/support promise: esbuild intentionally exposes CLI flags/API objects and no native stable project config/IR interchange; effect-build-owned adapter/prototype license: MIT where applicable, otherwise not applicable","would require effect-build to own an unsupported engine/ABI or substitute semantics","no supported faithful request/result boundary","unproven; operation invariant: server lives until context disposal","unproven; operation invariant: caller-owned port/hosts result plus provider-owned listening socket","would require new native/source distribution","unsupported coupling","a JSON options file or stored argv does not change execution semantics and cannot contain callbacks","parallel schema/config version without capability gain","Reuse Effect Scope for owned handles/children, ChildProcess for selected processes, FileSystem/Path for explicit mutation, Stream only for a real typed event source, Layer for selection and dependency provision, and preserve Cause interruption.","bounded negative / reject for this operation","high","esbuild API docs and service.go @ 609683d; SURFACE.json"
"esbuild","ESB-SERVE","start context serve","isolated-worker","none supported; not available as a supported provider surface; none; effect-build calls provider. Family: local/remote isolated worker used specifically for host or fault isolation","provider pin/license: esbuild 0.28.2 @ 609683d892977362a0f99026cb74b96263d728a9; MIT; evidence class/support promise: a Node worker/remote worker can wrap the JS package, but the compiler is already in a child and no current operation needs remote infrastructure; effect-build-owned adapter/prototype license: MIT where applicable, otherwise not applicable","would require effect-build to own an unsupported engine/ABI or substitute semantics","no supported faithful request/result boundary","unproven; operation invariant: server lives until context disposal","unproven; operation invariant: caller-owned port/hosts result plus provider-owned listening socket","would require new native/source distribution","unsupported coupling","does not remove global service unless it becomes an owned sidecar and loses callbacks without code mobility","duplicate process/protocol/security/workspace states","Reuse Effect Scope for owned handles/children, ChildProcess for selected processes, FileSystem/Path for explicit mutation, Stream only for a real typed event source, Layer for selection and dependency provision, and preserve Cause interruption.","bounded negative / reject for this operation","high","esbuild API docs and service.go @ 609683d; SURFACE.json"
"esbuild","ESB-SERVE","start context serve","upstream-contribution","future supported service protocol/per-context service/cancel; upstream-defined; documented versioned protocol or additional public API; effect-build calls provider. Family: missing supported protocol/library/cancellation/event surface proposed upstream","provider pin/license: esbuild 0.28.2 @ 609683d892977362a0f99026cb74b96263d728a9; MIT; evidence class/support promise: hypothetical; current --service is hidden/internal; effect-build-owned adapter/prototype license: MIT where applicable, otherwise not applicable","would need explicit binary/service identity","should preserve structured values and callback policy","per-operation cancel and crash recovery without global stop would change costs; operation invariant: server lives until context disposal","must retain direct/memory distinctions; operation invariant: caller-owned port/hosts result plus provider-owned listening socket","upstream-owned","documented protocol/version","would make an owned cross-host service much cheaper","upstream absorbs protocol maintenance","Reuse Effect Scope for owned handles/children, ChildProcess for selected processes, FileSystem/Path for explicit mutation, Stream only for a real typed event source, Layer for selection and dependency provision, and preserve Cause interruption.","upstream-dependent","high","esbuild API docs and service.go @ 609683d; SURFACE.json"
"esbuild","ESB-CANCEL","cancel an active context build","direct-host-api","official JavaScript functions and context handle; Node host plus one package-module-global native esbuild child per resolved module instance; sync calls use a worker-owned child; private framed bidirectional stdio hidden behind supported JS API; effect-build calls provider. Family: official function, callback, or scoped handle in the provider's supported host","provider pin/license: esbuild 0.28.2 @ 609683d892977362a0f99026cb74b96263d728a9; MIT; evidence class/support promise: documented public esbuild 0.28.2 JS API, MIT; service protocol is undocumented internal; effect-build-owned adapter/prototype license: MIT where applicable, otherwise not applicable","the installed package normally resolves its matching optional platform binary, but ambient ESBUILD_BINARY_PATH can override that path; cwd/env are inherited","full structured results/options/virtual inputs and host plugin closures through reverse callbacks","one-shot operations through one module instance share its service; contexts expose rebuild/watch/serve/cancel/dispose; that module instance's global stop affects its consumers; operation invariant: waits for the active build/callback path to settle; later rebuild remains valid","in-memory bytes or provider-direct files; operation invariant: completion acknowledgement; active rebuild rejects as canceled","npm package plus platform binary or explicit ambient override; offline only when the selected bytes already exist","private first-packet exact-version check rejects version skew but does not content-bind an override; public compatibility is package API only","best TypeScript boundary for structured/plugin/context operations","low adapter cost but ambient override authority, package-module-global crash/stop, and one-shot cancellation need explicit treatment","Reuse Effect Scope for owned handles/children, ChildProcess for selected processes, FileSystem/Path for explicit mutation, Stream only for a real typed event source, Layer for selection and dependency provision, and preserve Cause interruption.","viable now","high","esbuild API docs, common.ts, service.go @ 609683d; SURFACE.json"
"esbuild","ESB-CANCEL","cancel an active context build","selected-command","command; selected native esbuild child; argv/stdin/stdout/stderr/filesystem; effect-build calls provider. Family: one-shot or scoped provider command with native argv/project/process semantics","provider pin/license: esbuild 0.28.2 @ 609683d892977362a0f99026cb74b96263d728a9; MIT; evidence class/support promise: documented public esbuild 0.28.2 CLI, MIT; effect-build-owned adapter/prototype license: MIT where applicable, otherwise not applicable","caller selects exact executable/cwd/env/flags","native CLI options/project streams; no JS/Go plugin closures or structured API handles/results","one-shot or raw process-owned watch/serve; kill is the process boundary; operation invariant: waits for the active build/callback path to settle; later rebuild remains valid","stdout/direct files; operation invariant: completion acknowledgement; active rebuild rejects as canceled","single native platform binary","version/capability probe; terminal prose is not typed protocol","structured transform/code-map-warning results, formatMessages, analyzeMetafile, plugins, virtual callbacks, reusable contexts, typed watch events, and structured ServeResult","simple and well isolated","Reuse Effect Scope for owned handles/children, ChildProcess for selected processes, FileSystem/Path for explicit mutation, Stream only for a real typed event source, Layer for selection and dependency provision, and preserve Cause interruption.","bounded negative / reject for this operation","high","esbuild API docs, common.ts, service.go @ 609683d; SURFACE.json"
"esbuild","ESB-CANCEL","cancel an active context build","official-language-library","official Go pkg/api functions and BuildContext; compiler linked directly in caller Go process; direct Go calls/callbacks; effect-build calls provider. Family: official Go or Rust library API outside the TypeScript host","provider pin/license: esbuild 0.28.2 @ 609683d892977362a0f99026cb74b96263d728a9; MIT; evidence class/support promise: documented public official Go API at 0.28.2, MIT; effect-build-owned adapter/prototype license: MIT where applicable, otherwise not applicable","Go module selects exact engine; caller owns options/filesystem/network","Go-native options/results/plugins/contexts; serializable pure/direct-write operations retain provider semantics, while JS closures and JS context identity do not","Go contexts expose rebuild/watch/serve/cancel/dispose but are not JS context handles; operation invariant: waits for the active build/callback path to settle; later rebuild remains valid","Go byte slices or provider-direct files; operation invariant: completion acknowledgement; active rebuild rejects as canceled","requires Go application/toolchain build per target; no child binary at runtime","Go module SemVer/API","does not preserve frozen JS BuildOptions/BuildResult plugin closures or JS context handles; a TypeScript caller needs a separately evaluated bridge/sidecar","low in Go; high if effect-build owns cross-language bridge","Reuse Effect Scope for owned handles/children, ChildProcess for selected processes, FileSystem/Path for explicit mutation, Stream only for a real typed event source, Layer for selection and dependency provision, and preserve Cause interruption.","bounded negative / reject for this operation","high","esbuild API docs, common.ts, service.go @ 609683d; SURFACE.json"
"esbuild","ESB-CANCEL","cancel an active context build","native-bridge","none supported; not available as a supported provider surface; none; effect-build calls provider. Family: supported or owned C/C++/N-API/FFI bridge","provider pin/license: esbuild 0.28.2 @ 609683d892977362a0f99026cb74b96263d728a9; MIT; evidence class/support promise: no supported esbuild C/C++/N-API/FFI ABI found at 0.28.2 after official docs/pkg/lib/cmd/manifests search; effect-build-owned adapter/prototype license: MIT where applicable, otherwise not applicable","would require effect-build to own an unsupported engine/ABI or substitute semantics","no supported faithful request/result boundary","unproven; operation invariant: waits for the active build/callback path to settle; later rebuild remains valid","unproven; operation invariant: completion acknowledgement; active rebuild rejects as canceled","would require new native/source distribution","unsupported coupling","an owned bridge would wrap Go internals rather than an upstream ABI","per-platform ABI/build/signing and callback marshalling","Reuse Effect Scope for owned handles/children, ChildProcess for selected processes, FileSystem/Path for explicit mutation, Stream only for a real typed event source, Layer for selection and dependency provision, and preserve Cause interruption.","bounded negative / reject for this operation","high","esbuild API docs, common.ts, service.go @ 609683d; SURFACE.json"
"esbuild","ESB-CANCEL","cancel an active context build","embedded-engine","linked Go library; same Go process; direct Go calls; effect-build calls provider. Family: linked or vendored upstream compiler/runtime core","provider pin/license: esbuild 0.28.2 @ 609683d892977362a0f99026cb74b96263d728a9; MIT; evidence class/support promise: supported only through official Go API; vendoring internals beyond pkg/api is unsupported; effect-build-owned adapter/prototype license: MIT where applicable, otherwise not applicable","Go module/build selects engine","Go-native values; does not preserve JS closure/context identity","Go-native calls and contexts; operation invariant: waits for the active build/callback path to settle; later rebuild remains valid","bytes/direct writes; operation invariant: completion acknowledgement; active rebuild rejects as canceled","Go binary per platform","public Go API only","frozen JS build/plugin/context operations are not directly callable from TypeScript without another bridge","reasonable in Go, substantial for this JS package train","Reuse Effect Scope for owned handles/children, ChildProcess for selected processes, FileSystem/Path for explicit mutation, Stream only for a real typed event source, Layer for selection and dependency provision, and preserve Cause interruption.","bounded negative / reject for this operation","high","esbuild API docs, common.ts, service.go @ 609683d; SURFACE.json"
"esbuild","ESB-CANCEL","cancel an active context build","runtime-hosted-sidecar","framed request/result; owned Go or Node sidecar invoking public API; effect-build protocol, possibly bidirectional; effect-build calls provider. Family: provider-native public API behind an effect-build-owned framed protocol","provider pin/license: esbuild 0.28.2 @ 609683d892977362a0f99026cb74b96263d728a9; MIT; evidence class/support promise: hypothetical/bounded adapter; not upstream; effect-build-owned adapter/prototype license: MIT where applicable, otherwise not applicable","effect-build selects/distributes sidecar engine image and protocol","serializable options/results; JS plugins need reverse callback RPC or provider-side module loading","one-shot or process session; context IDs require crash/stale-handle laws; operation invariant: waits for the active build/callback path to settle; later rebuild remains valid","bytes copied over transport or files in sidecar namespace; operation invariant: completion acknowledgement; active rebuild rejects as canceled","new binaries/server per platform","owned schema/handshake plus esbuild version","cannot preserve the frozen full BuildOptions/BuildResult plugin surface without an unproven callback protocol; duplicates the official JS package service","protocol/platform packaging/callback/backpressure/session states added","Reuse Effect Scope for owned handles/children, ChildProcess for selected processes, FileSystem/Path for explicit mutation, Stream only for a real typed event source, Layer for selection and dependency provision, and preserve Cause interruption.","bounded negative / reject for this operation","medium","esbuild API docs, common.ts, service.go @ 609683d; SURFACE.json"
"esbuild","ESB-CANCEL","cancel an active context build","persistent-session","official JS service plus context handles, or owned session; shared native child for JS API; Go context for Go API; private service protocol behind public API; effect-build calls provider. Family: versioned daemon/service session with lifetime-bound handles","provider pin/license: esbuild 0.28.2 @ 609683d892977362a0f99026cb74b96263d728a9; MIT; evidence class/support promise: public contexts are supported; native service protocol is not; effect-build-owned adapter/prototype license: MIT where applicable, otherwise not applicable","package-selected service; context owns build key while service is global","full semantics through public API; do not expose private handle IDs","cancel/dispose are per context; stop/crash is global and invalidates every context; operation invariant: waits for the active build/callback path to settle; later rebuild remains valid","structured/direct according to request; operation invariant: completion acknowledgement; active rebuild rejects as canceled","normal esbuild package","exact internal handshake owned by upstream package","use public contexts directly where reusable state is the operation","reuses upstream session; effect-build only adds Scope law","Reuse Effect Scope for owned handles/children, ChildProcess for selected processes, FileSystem/Path for explicit mutation, Stream only for a real typed event source, Layer for selection and dependency provision, and preserve Cause interruption.","viable now through public contexts","high","esbuild API docs, common.ts, service.go @ 609683d; SURFACE.json"
"esbuild","ESB-CANCEL","cancel an active context build","wasm-worker","browser JS API; Web Worker by default or same browser thread -> Go WASM service; postMessage/in-memory framed channel and WASM calls; effect-build calls provider. Family: supported WebAssembly, WASI, or provider worker boundary","provider pin/license: esbuild 0.28.2 @ 609683d892977362a0f99026cb74b96263d728a9; MIT; evidence class/support promise: documented public esbuild-wasm 0.28.2 browser API, MIT; effect-build-owned adapter/prototype license: MIT where applicable, otherwise not applicable","caller selects exact wasmURL/module; no native selected binary","in-memory/virtual/plugin inputs and structured results; no native filesystem","worker initialized/stopped; public support excludes sync/context/watch/serve; operation invariant: waits for the active build/callback path to settle; later rebuild remains valid","in-memory bytes only; copies across worker/WASM; operation invariant: completion acknowledgement; active rebuild rejects as canceled","WASM plus JS glue/browser worker; larger/slower than native","exact JS/WASM package version","not the frozen installed-library/native-service full build operation; excludes direct writes, supported context/watch/serve, sync API, native performance/identity","portable distribution but capability and copy/performance losses","Reuse Effect Scope for owned handles/children, ChildProcess for selected processes, FileSystem/Path for explicit mutation, Stream only for a real typed event source, Layer for selection and dependency provision, and preserve Cause interruption.","bounded negative / reject for this operation","high","esbuild API docs, common.ts, service.go @ 609683d; SURFACE.json"
"esbuild","ESB-CANCEL","cancel an active context build","inverted-plugin","plugin callbacks registered with public JS/Go API; native engine reverse-calls host callback; upstream bidirectional service callbacks or direct Go calls; effect-build calls provider. Family: provider owns execution and calls effect-build-controlled hooks/modules","provider pin/license: esbuild 0.28.2 @ 609683d892977362a0f99026cb74b96263d728a9; MIT; evidence class/support promise: documented public plugin API; effect-build-owned adapter/prototype license: MIT where applicable, otherwise not applicable","engine owns schedule; host owns plugin code/state","faithfully preserves closures, virtual modules, diagnostics and reentrancy in supported host","callbacks/build keys tied to build/context; cancellation waits on running host callbacks; operation invariant: waits for the active build/callback path to settle; later rebuild remains valid","plugins can alter graph/results/direct writes; operation invariant: completion acknowledgement; active rebuild rejects as canceled","plugin code installed with host","public plugin API and host runtime","a callback is an adjunct to builds and contexts, not the caller surface for build, rebuild, cancel, dispose, watch, or serve","upstream already owns callback protocol; effect-build should not recreate it","Reuse Effect Scope for owned handles/children, ChildProcess for selected processes, FileSystem/Path for explicit mutation, Stream only for a real typed event source, Layer for selection and dependency provision, and preserve Cause interruption.","bounded negative / reject for this operation","high","esbuild API docs, common.ts, service.go @ 609683d; SURFACE.json"
"esbuild","ESB-CANCEL","cancel an active context build","declarative-artifact","none supported; not available as a supported provider surface; none; effect-build calls provider. Family: stable config, manifest, project, or intermediate artifact handoff","provider pin/license: esbuild 0.28.2 @ 609683d892977362a0f99026cb74b96263d728a9; MIT; evidence class/support promise: esbuild intentionally exposes CLI flags/API objects and no native stable project config/IR interchange; effect-build-owned adapter/prototype license: MIT where applicable, otherwise not applicable","would require effect-build to own an unsupported engine/ABI or substitute semantics","no supported faithful request/result boundary","unproven; operation invariant: waits for the active build/callback path to settle; later rebuild remains valid","unproven; operation invariant: completion acknowledgement; active rebuild rejects as canceled","would require new native/source distribution","unsupported coupling","a JSON options file or stored argv does not change execution semantics and cannot contain callbacks","parallel schema/config version without capability gain","Reuse Effect Scope for owned handles/children, ChildProcess for selected processes, FileSystem/Path for explicit mutation, Stream only for a real typed event source, Layer for selection and dependency provision, and preserve Cause interruption.","bounded negative / reject for this operation","high","esbuild API docs, common.ts, service.go @ 609683d; SURFACE.json"
"esbuild","ESB-CANCEL","cancel an active context build","isolated-worker","none supported; not available as a supported provider surface; none; effect-build calls provider. Family: local/remote isolated worker used specifically for host or fault isolation","provider pin/license: esbuild 0.28.2 @ 609683d892977362a0f99026cb74b96263d728a9; MIT; evidence class/support promise: a Node worker/remote worker can wrap the JS package, but the compiler is already in a child and no current operation needs remote infrastructure; effect-build-owned adapter/prototype license: MIT where applicable, otherwise not applicable","would require effect-build to own an unsupported engine/ABI or substitute semantics","no supported faithful request/result boundary","unproven; operation invariant: waits for the active build/callback path to settle; later rebuild remains valid","unproven; operation invariant: completion acknowledgement; active rebuild rejects as canceled","would require new native/source distribution","unsupported coupling","does not remove global service unless it becomes an owned sidecar and loses callbacks without code mobility","duplicate process/protocol/security/workspace states","Reuse Effect Scope for owned handles/children, ChildProcess for selected processes, FileSystem/Path for explicit mutation, Stream only for a real typed event source, Layer for selection and dependency provision, and preserve Cause interruption.","bounded negative / reject for this operation","high","esbuild API docs, common.ts, service.go @ 609683d; SURFACE.json"
"esbuild","ESB-CANCEL","cancel an active context build","upstream-contribution","future supported service protocol/per-context service/cancel; upstream-defined; documented versioned protocol or additional public API; effect-build calls provider. Family: missing supported protocol/library/cancellation/event surface proposed upstream","provider pin/license: esbuild 0.28.2 @ 609683d892977362a0f99026cb74b96263d728a9; MIT; evidence class/support promise: hypothetical; current --service is hidden/internal; effect-build-owned adapter/prototype license: MIT where applicable, otherwise not applicable","would need explicit binary/service identity","should preserve structured values and callback policy","per-operation cancel and crash recovery without global stop would change costs; operation invariant: waits for the active build/callback path to settle; later rebuild remains valid","must retain direct/memory distinctions; operation invariant: completion acknowledgement; active rebuild rejects as canceled","upstream-owned","documented protocol/version","would make an owned cross-host service much cheaper","upstream absorbs protocol maintenance","Reuse Effect Scope for owned handles/children, ChildProcess for selected processes, FileSystem/Path for explicit mutation, Stream only for a real typed event source, Layer for selection and dependency provision, and preserve Cause interruption.","upstream-dependent","high","esbuild API docs, common.ts, service.go @ 609683d; SURFACE.json"
"esbuild","ESB-DISPOSE","dispose a context","direct-host-api","official JavaScript functions and context handle; Node host plus one package-module-global native esbuild child per resolved module instance; sync calls use a worker-owned child; private framed bidirectional stdio hidden behind supported JS API; effect-build calls provider. Family: official function, callback, or scoped handle in the provider's supported host","provider pin/license: esbuild 0.28.2 @ 609683d892977362a0f99026cb74b96263d728a9; MIT; evidence class/support promise: documented public esbuild 0.28.2 JS API, MIT; service protocol is undocumented internal; effect-build-owned adapter/prototype license: MIT where applicable, otherwise not applicable","the installed package normally resolves its matching optional platform binary, but ambient ESBUILD_BINARY_PATH can override that path; cwd/env are inherited","full structured results/options/virtual inputs and host plugin closures through reverse callbacks","one-shot operations through one module instance share its service; contexts expose rebuild/watch/serve/cancel/dispose; that module instance's global stop affects its consumers; operation invariant: idempotently invalidates the context; the underlying executor may have a wider lifetime and must not be falsely claimed as released","in-memory bytes or provider-direct files; operation invariant: release acknowledgement; no build artifact","npm package plus platform binary or explicit ambient override; offline only when the selected bytes already exist","private first-packet exact-version check rejects version skew but does not content-bind an override; public compatibility is package API only","best TypeScript boundary for structured/plugin/context operations","low adapter cost but ambient override authority, package-module-global crash/stop, and one-shot cancellation need explicit treatment","Reuse Effect Scope for owned handles/children, ChildProcess for selected processes, FileSystem/Path for explicit mutation, Stream only for a real typed event source, Layer for selection and dependency provision, and preserve Cause interruption.","viable now","high","esbuild API docs, common.ts, service.go @ 609683d; SURFACE.json"
"esbuild","ESB-DISPOSE","dispose a context","selected-command","command; selected native esbuild child; argv/stdin/stdout/stderr/filesystem; effect-build calls provider. Family: one-shot or scoped provider command with native argv/project/process semantics","provider pin/license: esbuild 0.28.2 @ 609683d892977362a0f99026cb74b96263d728a9; MIT; evidence class/support promise: documented public esbuild 0.28.2 CLI, MIT; effect-build-owned adapter/prototype license: MIT where applicable, otherwise not applicable","caller selects exact executable/cwd/env/flags","native CLI options/project streams; no JS/Go plugin closures or structured API handles/results","one-shot or raw process-owned watch/serve; kill is the process boundary; operation invariant: idempotently invalidates the context; the underlying executor may have a wider lifetime and must not be falsely claimed as released","stdout/direct files; operation invariant: release acknowledgement; no build artifact","single native platform binary","version/capability probe; terminal prose is not typed protocol","structured transform/code-map-warning results, formatMessages, analyzeMetafile, plugins, virtual callbacks, reusable contexts, typed watch events, and structured ServeResult","simple and well isolated","Reuse Effect Scope for owned handles/children, ChildProcess for selected processes, FileSystem/Path for explicit mutation, Stream only for a real typed event source, Layer for selection and dependency provision, and preserve Cause interruption.","bounded negative / reject for this operation","high","esbuild API docs, common.ts, service.go @ 609683d; SURFACE.json"
"esbuild","ESB-DISPOSE","dispose a context","official-language-library","official Go pkg/api functions and BuildContext; compiler linked directly in caller Go process; direct Go calls/callbacks; effect-build calls provider. Family: official Go or Rust library API outside the TypeScript host","provider pin/license: esbuild 0.28.2 @ 609683d892977362a0f99026cb74b96263d728a9; MIT; evidence class/support promise: documented public official Go API at 0.28.2, MIT; effect-build-owned adapter/prototype license: MIT where applicable, otherwise not applicable","Go module selects exact engine; caller owns options/filesystem/network","Go-native options/results/plugins/contexts; serializable pure/direct-write operations retain provider semantics, while JS closures and JS context identity do not","Go contexts expose rebuild/watch/serve/cancel/dispose but are not JS context handles; operation invariant: idempotently invalidates the context; the underlying executor may have a wider lifetime and must not be falsely claimed as released","Go byte slices or provider-direct files; operation invariant: release acknowledgement; no build artifact","requires Go application/toolchain build per target; no child binary at runtime","Go module SemVer/API","does not preserve frozen JS BuildOptions/BuildResult plugin closures or JS context handles; a TypeScript caller needs a separately evaluated bridge/sidecar","low in Go; high if effect-build owns cross-language bridge","Reuse Effect Scope for owned handles/children, ChildProcess for selected processes, FileSystem/Path for explicit mutation, Stream only for a real typed event source, Layer for selection and dependency provision, and preserve Cause interruption.","bounded negative / reject for this operation","high","esbuild API docs, common.ts, service.go @ 609683d; SURFACE.json"
"esbuild","ESB-DISPOSE","dispose a context","native-bridge","none supported; not available as a supported provider surface; none; effect-build calls provider. Family: supported or owned C/C++/N-API/FFI bridge","provider pin/license: esbuild 0.28.2 @ 609683d892977362a0f99026cb74b96263d728a9; MIT; evidence class/support promise: no supported esbuild C/C++/N-API/FFI ABI found at 0.28.2 after official docs/pkg/lib/cmd/manifests search; effect-build-owned adapter/prototype license: MIT where applicable, otherwise not applicable","would require effect-build to own an unsupported engine/ABI or substitute semantics","no supported faithful request/result boundary","unproven; operation invariant: idempotently invalidates the context; the underlying executor may have a wider lifetime and must not be falsely claimed as released","unproven; operation invariant: release acknowledgement; no build artifact","would require new native/source distribution","unsupported coupling","an owned bridge would wrap Go internals rather than an upstream ABI","per-platform ABI/build/signing and callback marshalling","Reuse Effect Scope for owned handles/children, ChildProcess for selected processes, FileSystem/Path for explicit mutation, Stream only for a real typed event source, Layer for selection and dependency provision, and preserve Cause interruption.","bounded negative / reject for this operation","high","esbuild API docs, common.ts, service.go @ 609683d; SURFACE.json"
"esbuild","ESB-DISPOSE","dispose a context","embedded-engine","linked Go library; same Go process; direct Go calls; effect-build calls provider. Family: linked or vendored upstream compiler/runtime core","provider pin/license: esbuild 0.28.2 @ 609683d892977362a0f99026cb74b96263d728a9; MIT; evidence class/support promise: supported only through official Go API; vendoring internals beyond pkg/api is unsupported; effect-build-owned adapter/prototype license: MIT where applicable, otherwise not applicable","Go module/build selects engine","Go-native values; does not preserve JS closure/context identity","Go-native calls and contexts; operation invariant: idempotently invalidates the context; the underlying executor may have a wider lifetime and must not be falsely claimed as released","bytes/direct writes; operation invariant: release acknowledgement; no build artifact","Go binary per platform","public Go API only","frozen JS build/plugin/context operations are not directly callable from TypeScript without another bridge","reasonable in Go, substantial for this JS package train","Reuse Effect Scope for owned handles/children, ChildProcess for selected processes, FileSystem/Path for explicit mutation, Stream only for a real typed event source, Layer for selection and dependency provision, and preserve Cause interruption.","bounded negative / reject for this operation","high","esbuild API docs, common.ts, service.go @ 609683d; SURFACE.json"
"esbuild","ESB-DISPOSE","dispose a context","runtime-hosted-sidecar","framed request/result; owned Go or Node sidecar invoking public API; effect-build protocol, possibly bidirectional; effect-build calls provider. Family: provider-native public API behind an effect-build-owned framed protocol","provider pin/license: esbuild 0.28.2 @ 609683d892977362a0f99026cb74b96263d728a9; MIT; evidence class/support promise: hypothetical/bounded adapter; not upstream; effect-build-owned adapter/prototype license: MIT where applicable, otherwise not applicable","effect-build selects/distributes sidecar engine image and protocol","serializable options/results; JS plugins need reverse callback RPC or provider-side module loading","one-shot or process session; context IDs require crash/stale-handle laws; operation invariant: idempotently invalidates the context; the underlying executor may have a wider lifetime and must not be falsely claimed as released","bytes copied over transport or files in sidecar namespace; operation invariant: release acknowledgement; no build artifact","new binaries/server per platform","owned schema/handshake plus esbuild version","cannot preserve the frozen full BuildOptions/BuildResult plugin surface without an unproven callback protocol; duplicates the official JS package service","protocol/platform packaging/callback/backpressure/session states added","Reuse Effect Scope for owned handles/children, ChildProcess for selected processes, FileSystem/Path for explicit mutation, Stream only for a real typed event source, Layer for selection and dependency provision, and preserve Cause interruption.","bounded negative / reject for this operation","medium","esbuild API docs, common.ts, service.go @ 609683d; SURFACE.json"
"esbuild","ESB-DISPOSE","dispose a context","persistent-session","official JS service plus context handles, or owned session; shared native child for JS API; Go context for Go API; private service protocol behind public API; effect-build calls provider. Family: versioned daemon/service session with lifetime-bound handles","provider pin/license: esbuild 0.28.2 @ 609683d892977362a0f99026cb74b96263d728a9; MIT; evidence class/support promise: public contexts are supported; native service protocol is not; effect-build-owned adapter/prototype license: MIT where applicable, otherwise not applicable","package-selected service; context owns build key while service is global","full semantics through public API; do not expose private handle IDs","cancel/dispose are per context; stop/crash is global and invalidates every context; operation invariant: idempotently invalidates the context; the underlying executor may have a wider lifetime and must not be falsely claimed as released","structured/direct according to request; operation invariant: release acknowledgement; no build artifact","normal esbuild package","exact internal handshake owned by upstream package","use public contexts directly where reusable state is the operation","reuses upstream session; effect-build only adds Scope law","Reuse Effect Scope for owned handles/children, ChildProcess for selected processes, FileSystem/Path for explicit mutation, Stream only for a real typed event source, Layer for selection and dependency provision, and preserve Cause interruption.","viable now through public contexts","high","esbuild API docs, common.ts, service.go @ 609683d; SURFACE.json"
"esbuild","ESB-DISPOSE","dispose a context","wasm-worker","browser JS API; Web Worker by default or same browser thread -> Go WASM service; postMessage/in-memory framed channel and WASM calls; effect-build calls provider. Family: supported WebAssembly, WASI, or provider worker boundary","provider pin/license: esbuild 0.28.2 @ 609683d892977362a0f99026cb74b96263d728a9; MIT; evidence class/support promise: documented public esbuild-wasm 0.28.2 browser API, MIT; effect-build-owned adapter/prototype license: MIT where applicable, otherwise not applicable","caller selects exact wasmURL/module; no native selected binary","in-memory/virtual/plugin inputs and structured results; no native filesystem","worker initialized/stopped; public support excludes sync/context/watch/serve; operation invariant: idempotently invalidates the context; the underlying executor may have a wider lifetime and must not be falsely claimed as released","in-memory bytes only; copies across worker/WASM; operation invariant: release acknowledgement; no build artifact","WASM plus JS glue/browser worker; larger/slower than native","exact JS/WASM package version","not the frozen installed-library/native-service full build operation; excludes direct writes, supported context/watch/serve, sync API, native performance/identity","portable distribution but capability and copy/performance losses","Reuse Effect Scope for owned handles/children, ChildProcess for selected processes, FileSystem/Path for explicit mutation, Stream only for a real typed event source, Layer for selection and dependency provision, and preserve Cause interruption.","bounded negative / reject for this operation","high","esbuild API docs, common.ts, service.go @ 609683d; SURFACE.json"
"esbuild","ESB-DISPOSE","dispose a context","inverted-plugin","plugin callbacks registered with public JS/Go API; native engine reverse-calls host callback; upstream bidirectional service callbacks or direct Go calls; effect-build calls provider. Family: provider owns execution and calls effect-build-controlled hooks/modules","provider pin/license: esbuild 0.28.2 @ 609683d892977362a0f99026cb74b96263d728a9; MIT; evidence class/support promise: documented public plugin API; effect-build-owned adapter/prototype license: MIT where applicable, otherwise not applicable","engine owns schedule; host owns plugin code/state","faithfully preserves closures, virtual modules, diagnostics and reentrancy in supported host","callbacks/build keys tied to build/context; cancellation waits on running host callbacks; operation invariant: idempotently invalidates the context; the underlying executor may have a wider lifetime and must not be falsely claimed as released","plugins can alter graph/results/direct writes; operation invariant: release acknowledgement; no build artifact","plugin code installed with host","public plugin API and host runtime","a callback is an adjunct to builds and contexts, not the caller surface for build, rebuild, cancel, dispose, watch, or serve","upstream already owns callback protocol; effect-build should not recreate it","Reuse Effect Scope for owned handles/children, ChildProcess for selected processes, FileSystem/Path for explicit mutation, Stream only for a real typed event source, Layer for selection and dependency provision, and preserve Cause interruption.","bounded negative / reject for this operation","high","esbuild API docs, common.ts, service.go @ 609683d; SURFACE.json"
"esbuild","ESB-DISPOSE","dispose a context","declarative-artifact","none supported; not available as a supported provider surface; none; effect-build calls provider. Family: stable config, manifest, project, or intermediate artifact handoff","provider pin/license: esbuild 0.28.2 @ 609683d892977362a0f99026cb74b96263d728a9; MIT; evidence class/support promise: esbuild intentionally exposes CLI flags/API objects and no native stable project config/IR interchange; effect-build-owned adapter/prototype license: MIT where applicable, otherwise not applicable","would require effect-build to own an unsupported engine/ABI or substitute semantics","no supported faithful request/result boundary","unproven; operation invariant: idempotently invalidates the context; the underlying executor may have a wider lifetime and must not be falsely claimed as released","unproven; operation invariant: release acknowledgement; no build artifact","would require new native/source distribution","unsupported coupling","a JSON options file or stored argv does not change execution semantics and cannot contain callbacks","parallel schema/config version without capability gain","Reuse Effect Scope for owned handles/children, ChildProcess for selected processes, FileSystem/Path for explicit mutation, Stream only for a real typed event source, Layer for selection and dependency provision, and preserve Cause interruption.","bounded negative / reject for this operation","high","esbuild API docs, common.ts, service.go @ 609683d; SURFACE.json"
"esbuild","ESB-DISPOSE","dispose a context","isolated-worker","none supported; not available as a supported provider surface; none; effect-build calls provider. Family: local/remote isolated worker used specifically for host or fault isolation","provider pin/license: esbuild 0.28.2 @ 609683d892977362a0f99026cb74b96263d728a9; MIT; evidence class/support promise: a Node worker/remote worker can wrap the JS package, but the compiler is already in a child and no current operation needs remote infrastructure; effect-build-owned adapter/prototype license: MIT where applicable, otherwise not applicable","would require effect-build to own an unsupported engine/ABI or substitute semantics","no supported faithful request/result boundary","unproven; operation invariant: idempotently invalidates the context; the underlying executor may have a wider lifetime and must not be falsely claimed as released","unproven; operation invariant: release acknowledgement; no build artifact","would require new native/source distribution","unsupported coupling","does not remove global service unless it becomes an owned sidecar and loses callbacks without code mobility","duplicate process/protocol/security/workspace states","Reuse Effect Scope for owned handles/children, ChildProcess for selected processes, FileSystem/Path for explicit mutation, Stream only for a real typed event source, Layer for selection and dependency provision, and preserve Cause interruption.","bounded negative / reject for this operation","high","esbuild API docs, common.ts, service.go @ 609683d; SURFACE.json"
"esbuild","ESB-DISPOSE","dispose a context","upstream-contribution","future supported service protocol/per-context service/cancel; upstream-defined; documented versioned protocol or additional public API; effect-build calls provider. Family: missing supported protocol/library/cancellation/event surface proposed upstream","provider pin/license: esbuild 0.28.2 @ 609683d892977362a0f99026cb74b96263d728a9; MIT; evidence class/support promise: hypothetical; current --service is hidden/internal; effect-build-owned adapter/prototype license: MIT where applicable, otherwise not applicable","would need explicit binary/service identity","should preserve structured values and callback policy","per-operation cancel and crash recovery without global stop would change costs; operation invariant: idempotently invalidates the context; the underlying executor may have a wider lifetime and must not be falsely claimed as released","must retain direct/memory distinctions; operation invariant: release acknowledgement; no build artifact","upstream-owned","documented protocol/version","would make an owned cross-host service much cheaper","upstream absorbs protocol maintenance","Reuse Effect Scope for owned handles/children, ChildProcess for selected processes, FileSystem/Path for explicit mutation, Stream only for a real typed event source, Layer for selection and dependency provision, and preserve Cause interruption.","upstream-dependent","high","esbuild API docs, common.ts, service.go @ 609683d; SURFACE.json"
"node-sea","NODE-DIRECT-SEA","direct SEA generation","direct-host-api","node:sea runtime functions; inside produced SEA artifact at runtime; direct built-in calls; effect-build calls provider. Family: official function, callback, or scoped handle in the provider's supported host","provider pin/license: Node 26.7.0 @ b4f23d3619c98bed09af93a21192f6080197a8c6; MIT; evidence class/support promise: documented public experimental Node 26.7.0 runtime API, Stability 1.1, MIT; effect-build-owned adapter/prototype license: MIT where applicable, otherwise not applicable","built artifact/base determines runtime","asset keys/bytes/borrowed raw asset memory","artifact process lifetime","copies/blobs or borrowed executable memory","inside exact SEA runtime","Node SEA runtime contract","no supported JS assembly function exists","no build adapter impact","Reuse Effect Scope for owned handles/children, ChildProcess for selected processes, FileSystem/Path for explicit mutation, Stream only for a real typed event source, Layer for selection and dependency provision, and preserve Cause interruption.","bounded negative / reject for this operation","high","Node SEA docs:21-137 and node_sea_bin.cc:380-480 @ b4f23d3; NodeSea.ts:671-728"
"node-sea","NODE-DIRECT-SEA","direct SEA generation","selected-command","SEA config plus command; selected exact Node child running native LIEF builder/blob generator; argv, JSON config, terminal streams, filesystem; effect-build calls provider. Family: one-shot or scoped provider command with native argv/project/process semantics","provider pin/license: Node 26.7.0 @ b4f23d3619c98bed09af93a21192f6080197a8c6; MIT; evidence class/support promise: documented public experimental Node 26.7.0 SEA surface, Stability 1.1, MIT; effect-build-owned adapter/prototype license: MIT where applicable, otherwise not applicable","explicit selected builder/base/cwd/config/target; current effect-build intentionally uses same selected path for builder and base","native main/assets/snapshot/cache/args fields; terminal failures are not typed","one-shot scoped child; provider directly truncates/writes private candidate","private blob or executable; effect-build validates and atomically publishes final candidate","exact Node binary with LIEF per target; post-mutation signing may be required","exact builder/base version, target and snapshot/cache restrictions","preferred direct and legacy-blob mechanism","smallest supported direct route; Effect staging removes Node writer's unsafe destination mutation","Reuse Effect Scope for owned handles/children, ChildProcess for selected processes, FileSystem/Path for explicit mutation, Stream only for a real typed event source, Layer for selection and dependency provision, and preserve Cause interruption.","viable now","high","Node SEA docs:21-137 and node_sea_bin.cc:380-480 @ b4f23d3; NodeSea.ts:671-728"
"node-sea","NODE-DIRECT-SEA","direct SEA generation","official-language-library","none supported; not available as a supported provider surface; none; effect-build calls provider. Family: official Go or Rust library API outside the TypeScript host","provider pin/license: Node 26.7.0 @ b4f23d3619c98bed09af93a21192f6080197a8c6; MIT; evidence class/support promise: no supported official Node SEA library API found at v26.7.0; public C++ embedder is a distinct runtime product; effect-build-owned adapter/prototype license: MIT where applicable, otherwise not applicable","would require effect-build to own an unsupported engine/ABI or substitute semantics","no supported faithful request/result boundary","unproven","unproven","would require new native/source distribution","unsupported coupling","cannot assemble/inject SEA through an official language library","would require Node internal linkage or another injector","Reuse Effect Scope for owned handles/children, ChildProcess for selected processes, FileSystem/Path for explicit mutation, Stream only for a real typed event source, Layer for selection and dependency provision, and preserve Cause interruption.","bounded negative / reject for this operation","high","Node SEA docs:21-137 and node_sea_bin.cc:380-480 @ b4f23d3; NodeSea.ts:671-728"
"node-sea","NODE-DIRECT-SEA","direct SEA generation","native-bridge","postject.inject Promise API; same Node isolate plus bundled LIEF/Emscripten Wasm; direct JS/Wasm calls and filesystem paths; effect-build calls provider. Family: supported or owned C/C++/N-API/FFI bridge","provider pin/license: Node 26.7.0 @ b4f23d3619c98bed09af93a21192f6080197a8c6; MIT; evidence class/support promise: supported external nodejs/postject 1.0.0-alpha.6, MIT; LIEF Apache-2.0; prerelease/no declarations; effect-build-owned adapter/prototype license: MIT where applicable, otherwise not applicable","package selects injector/LIEF independently; caller selects base/blob/resource/fuse","Buffer blob and options; structured Error only, no AbortSignal","one-shot Promise; interruption cannot stop Wasm or later write","whole executable rebuilt and mutated in place; copies across JS/C++/Wasm","Node package/Wasm; independently certify every format/Node/LIEF combination","alpha API and Node SEA resource/fuse; postject LIEF 0.13 differs from Node 26.7 LIEF 0.17","does not generate direct SEA/blob and is not a C ABI for Node SEA","adds injector/version/LIEF/mutation axis","Reuse Effect Scope for owned handles/children, ChildProcess for selected processes, FileSystem/Path for explicit mutation, Stream only for a real typed event source, Layer for selection and dependency provision, and preserve Cause interruption.","bounded negative / reject for this operation","medium-high","Node SEA docs:21-137 and node_sea_bin.cc:380-480 @ b4f23d3; NodeSea.ts:671-728"
"node-sea","NODE-DIRECT-SEA","direct SEA generation","embedded-engine","none supported; not available as a supported provider surface; none; effect-build calls provider. Family: linked or vendored upstream compiler/runtime core","provider pin/license: Node 26.7.0 @ b4f23d3619c98bed09af93a21192f6080197a8c6; MIT; evidence class/support promise: Node C++ embedder/snapshot APIs are public but do not produce SEA; node::sea assembly symbols are internal under NODE_WANT_INTERNALS; effect-build-owned adapter/prototype license: MIT where applicable, otherwise not applicable","would require effect-build to own an unsupported engine/ABI or substitute semantics","no supported faithful request/result boundary","unproven","unproven","would require new native/source distribution","unsupported coupling","generic embedded Node or snapshot lacks NODE_SEA_BLOB/fuse/node:sea semantics","building/distributing Node,V8,libuv,OpenSSL,ICU,LIEF per target and exact ABI/source lockstep","Reuse Effect Scope for owned handles/children, ChildProcess for selected processes, FileSystem/Path for explicit mutation, Stream only for a real typed event source, Layer for selection and dependency provision, and preserve Cause interruption.","bounded negative / reject for this operation","high","Node SEA docs:21-137 and node_sea_bin.cc:380-480 @ b4f23d3; NodeSea.ts:671-728"
"node-sea","NODE-DIRECT-SEA","direct SEA generation","runtime-hosted-sidecar","framed injection request; selected Node child calls pinned postject API; owned RPC plus filesystem; effect-build calls provider. Family: provider-native public API behind an effect-build-owned framed protocol","provider pin/license: Node 26.7.0 @ b4f23d3619c98bed09af93a21192f6080197a8c6; MIT; evidence class/support promise: bounded effect-build adapter over third-party alpha API; effect-build-owned adapter/prototype license: MIT where applicable, otherwise not applicable","effect-build selects Node/postject/protocol; request selects private candidate/blob","serializable paths/bytes/options; machine failure envelope","one-shot process can be killed for fault isolation; crash during write yields outcome unknown on private candidate","private candidate mutation followed by caller validation/publication","Node+postject server per platform","Node/postject/capability handshake","wrapping node --build-sea is merely CLI RPC and a daemon has no reusable engine","protocol/cold Node+Wasm/copy/crash states","Reuse Effect Scope for owned handles/children, ChildProcess for selected processes, FileSystem/Path for explicit mutation, Stream only for a real typed event source, Layer for selection and dependency provision, and preserve Cause interruption.","bounded negative / reject for this operation","medium","Node SEA docs:21-137 and node_sea_bin.cc:380-480 @ b4f23d3; NodeSea.ts:671-728"
"node-sea","NODE-DIRECT-SEA","direct SEA generation","persistent-session","none supported; not available as a supported provider surface; none; effect-build calls provider. Family: versioned daemon/service session with lifetime-bound handles","provider pin/license: Node 26.7.0 @ b4f23d3619c98bed09af93a21192f6080197a8c6; MIT; evidence class/support promise: postject creates its Wasm module per call and Node SEA exposes no reusable assembly context; effect-build-owned adapter/prototype license: MIT where applicable, otherwise not applicable","would require effect-build to own an unsupported engine/ABI or substitute semantics","no supported faithful request/result boundary","unproven","unproven","would require new native/source distribution","unsupported coupling","no reusable provider state to amortize; direct builder is one-shot","adds stale handles/backpressure/restart/idle memory without semantic gain","Reuse Effect Scope for owned handles/children, ChildProcess for selected processes, FileSystem/Path for explicit mutation, Stream only for a real typed event source, Layer for selection and dependency provision, and preserve Cause interruption.","bounded negative / reject for this operation","high","Node SEA docs:21-137 and node_sea_bin.cc:380-480 @ b4f23d3; NodeSea.ts:671-728"
"node-sea","NODE-DIRECT-SEA","direct SEA generation","wasm-worker","postject JS API backed by Wasm; Node process Emscripten/LIEF Wasm; JS buffers/filesystem into Wasm; effect-build calls provider. Family: supported WebAssembly, WASI, or provider worker boundary","provider pin/license: Node 26.7.0 @ b4f23d3619c98bed09af93a21192f6080197a8c6; MIT; evidence class/support promise: supported only as part of postject alpha.6 Node package; no browser/WASI standalone builder found; effect-build-owned adapter/prototype license: MIT where applicable, otherwise not applicable","postject package internally selects Wasm/LIEF; effect-build cannot select it independently","blob/base buffers copied; Node fs/path/Buffer required","one-shot module/no cancel","in-place file mutation","Node-only supported wrapper, 256MiB initial/4GiB max Wasm memory configuration","alpha package and exact SEA resource contract","not an independently callable browser/WASI/worker or direct SEA engine","large memory/copy and mutation costs","Reuse Effect Scope for owned handles/children, ChildProcess for selected processes, FileSystem/Path for explicit mutation, Stream only for a real typed event source, Layer for selection and dependency provision, and preserve Cause interruption.","bounded negative / reject for this operation","high","Node SEA docs:21-137 and node_sea_bin.cc:380-480 @ b4f23d3; NodeSea.ts:671-728"
"node-sea","NODE-DIRECT-SEA","direct SEA generation","inverted-plugin","none supported; not available as a supported provider surface; none; effect-build calls provider. Family: provider owns execution and calls effect-build-controlled hooks/modules","provider pin/license: Node 26.7.0 @ b4f23d3619c98bed09af93a21192f6080197a8c6; MIT; evidence class/support promise: no Node SEA build-time plugin/hook/callback surface found at v26.7.0; effect-build-owned adapter/prototype license: MIT where applicable, otherwise not applicable","would require effect-build to own an unsupported engine/ABI or substitute semantics","no supported faithful request/result boundary","unproven","unproven","would require new native/source distribution","unsupported coupling","runtime module loading occurs after artifact startup and is not assembly","invented hooks would require a custom builder/fork","Reuse Effect Scope for owned handles/children, ChildProcess for selected processes, FileSystem/Path for explicit mutation, Stream only for a real typed event source, Layer for selection and dependency provision, and preserve Cause interruption.","bounded negative / reject for this operation","high","Node SEA docs:21-137 and node_sea_bin.cc:380-480 @ b4f23d3; NodeSea.ts:671-728"
"node-sea","NODE-DIRECT-SEA","direct SEA generation","declarative-artifact","official sea-config plus preparation blob/final resource; selected Node or postject consumes config/blob; final runtime consumes NODE_SEA_BLOB; filesystem JSON and binary resource handoff; effect-build calls provider. Family: stable config, manifest, project, or intermediate artifact handoff","provider pin/license: Node 26.7.0 @ b4f23d3619c98bed09af93a21192f6080197a8c6; MIT; evidence class/support promise: documented Stability-1.1 config/blob/runtime layout; blob encoding itself is not versioned portable schema; effect-build-owned adapter/prototype license: MIT where applicable, otherwise not applicable","config explicitly binds main/base/output/options/assets; resource name/fuse bind legacy injection and runtime","retains native fields; unknown config fields currently ignored","one-shot config/private blob; durable final executable/resource","private blob and durable runtime resource; final publication remains caller-owned","ordinary config/blob plus exact Node/base; platform signing after mutation","exact Node version/target/fuse; snapshot/cache host restrictions","required declarative adjunct to selected Node, postject injection, and the final node:sea runtime","reduces argv field explosion but requires exact identity/validation","Reuse Effect Scope for owned handles/children, ChildProcess for selected processes, FileSystem/Path for explicit mutation, Stream only for a real typed event source, Layer for selection and dependency provision, and preserve Cause interruption.","viable now as an adjunct to the selected primary route; adjunct only, not a standalone route","high","Node SEA docs:21-137 and node_sea_bin.cc:380-480 @ b4f23d3; NodeSea.ts:671-728"
"node-sea","NODE-DIRECT-SEA","direct SEA generation","isolated-worker","none supported; not available as a supported provider surface; none; effect-build calls provider. Family: local/remote isolated worker used specifically for host or fault isolation","provider pin/license: Node 26.7.0 @ b4f23d3619c98bed09af93a21192f6080197a8c6; MIT; evidence class/support promise: remote/local isolation is useful only for target-native signing/launch or a postject sidecar already covered; effect-build-owned adapter/prototype license: MIT where applicable, otherwise not applicable","would require effect-build to own an unsupported engine/ABI or substitute semantics","no supported faithful request/result boundary","unproven","unproven","would require new native/source distribution","unsupported coupling","direct Node child already provides fault isolation; remote infrastructure is out of scope","workspace/credentials/signing/outcome protocol burden","Reuse Effect Scope for owned handles/children, ChildProcess for selected processes, FileSystem/Path for explicit mutation, Stream only for a real typed event source, Layer for selection and dependency provision, and preserve Cause interruption.","bounded negative / reject for this operation","high","Node SEA docs:21-137 and node_sea_bin.cc:380-480 @ b4f23d3; NodeSea.ts:671-728"
"node-sea","NODE-DIRECT-SEA","direct SEA generation","upstream-contribution","future structured SEA builder/blob API; Node-owned library/process; typed function or documented machine protocol; effect-build calls provider. Family: missing supported protocol/library/cancellation/event surface proposed upstream","provider pin/license: Node 26.7.0 @ b4f23d3619c98bed09af93a21192f6080197a8c6; MIT; evidence class/support promise: hypothetical; current internal BuildSingleExecutable is unsupported; effect-build-owned adapter/prototype license: MIT where applicable, otherwise not applicable","should expose builder/base/LIEF/target capabilities","all config fields with schema validation and typed errors","cancellation or bytes-returning ownership would remove outcome-unknown writes","prefer injectBytes/buildBytes or explicit private outfile","official Node releases/libnode if supported","versioned schema/API/ABI","would reopen direct programmatic assembly","moves internal coupling upstream","Reuse Effect Scope for owned handles/children, ChildProcess for selected processes, FileSystem/Path for explicit mutation, Stream only for a real typed event source, Layer for selection and dependency provision, and preserve Cause interruption.","upstream-dependent","high","Node SEA docs:21-137 and node_sea_bin.cc:380-480 @ b4f23d3; NodeSea.ts:671-728"
"node-sea","NODE-LEGACY-BLOB","legacy preparation-blob generation","direct-host-api","node:sea runtime functions; inside produced SEA artifact at runtime; direct built-in calls; effect-build calls provider. Family: official function, callback, or scoped handle in the provider's supported host","provider pin/license: Node 26.7.0 @ b4f23d3619c98bed09af93a21192f6080197a8c6; MIT; evidence class/support promise: documented public experimental Node 26.7.0 runtime API, Stability 1.1, MIT; effect-build-owned adapter/prototype license: MIT where applicable, otherwise not applicable","built artifact/base determines runtime","asset keys/bytes/borrowed raw asset memory","artifact process lifetime","copies/blobs or borrowed executable memory","inside exact SEA runtime","Node SEA runtime contract","no supported JS assembly function exists","no build adapter impact","Reuse Effect Scope for owned handles/children, ChildProcess for selected processes, FileSystem/Path for explicit mutation, Stream only for a real typed event source, Layer for selection and dependency provision, and preserve Cause interruption.","bounded negative / reject for this operation","high","Node SEA docs:495-625 @ b4f23d3"
"node-sea","NODE-LEGACY-BLOB","legacy preparation-blob generation","selected-command","SEA config plus command; selected exact Node child running native LIEF builder/blob generator; argv, JSON config, terminal streams, filesystem; effect-build calls provider. Family: one-shot or scoped provider command with native argv/project/process semantics","provider pin/license: Node 26.7.0 @ b4f23d3619c98bed09af93a21192f6080197a8c6; MIT; evidence class/support promise: documented public experimental Node 26.7.0 SEA surface, Stability 1.1, MIT; effect-build-owned adapter/prototype license: MIT where applicable, otherwise not applicable","explicit selected builder/base/cwd/config/target; current effect-build intentionally uses same selected path for builder and base","native main/assets/snapshot/cache/args fields; terminal failures are not typed","one-shot scoped child; provider directly truncates/writes private candidate","private blob or executable; effect-build validates and atomically publishes final candidate","exact Node binary with LIEF per target; post-mutation signing may be required","exact builder/base version, target and snapshot/cache restrictions","preferred direct and legacy-blob mechanism","smallest supported direct route; Effect staging removes Node writer's unsafe destination mutation","Reuse Effect Scope for owned handles/children, ChildProcess for selected processes, FileSystem/Path for explicit mutation, Stream only for a real typed event source, Layer for selection and dependency provision, and preserve Cause interruption.","viable now","high","Node SEA docs:495-625 @ b4f23d3"
"node-sea","NODE-LEGACY-BLOB","legacy preparation-blob generation","official-language-library","none supported; not available as a supported provider surface; none; effect-build calls provider. Family: official Go or Rust library API outside the TypeScript host","provider pin/license: Node 26.7.0 @ b4f23d3619c98bed09af93a21192f6080197a8c6; MIT; evidence class/support promise: no supported official Node SEA library API found at v26.7.0; public C++ embedder is a distinct runtime product; effect-build-owned adapter/prototype license: MIT where applicable, otherwise not applicable","would require effect-build to own an unsupported engine/ABI or substitute semantics","no supported faithful request/result boundary","unproven","unproven","would require new native/source distribution","unsupported coupling","cannot assemble/inject SEA through an official language library","would require Node internal linkage or another injector","Reuse Effect Scope for owned handles/children, ChildProcess for selected processes, FileSystem/Path for explicit mutation, Stream only for a real typed event source, Layer for selection and dependency provision, and preserve Cause interruption.","bounded negative / reject for this operation","high","Node SEA docs:495-625 @ b4f23d3"
"node-sea","NODE-LEGACY-BLOB","legacy preparation-blob generation","native-bridge","postject.inject Promise API; same Node isolate plus bundled LIEF/Emscripten Wasm; direct JS/Wasm calls and filesystem paths; effect-build calls provider. Family: supported or owned C/C++/N-API/FFI bridge","provider pin/license: Node 26.7.0 @ b4f23d3619c98bed09af93a21192f6080197a8c6; MIT; evidence class/support promise: supported external nodejs/postject 1.0.0-alpha.6, MIT; LIEF Apache-2.0; prerelease/no declarations; effect-build-owned adapter/prototype license: MIT where applicable, otherwise not applicable","package selects injector/LIEF independently; caller selects base/blob/resource/fuse","Buffer blob and options; structured Error only, no AbortSignal","one-shot Promise; interruption cannot stop Wasm or later write","whole executable rebuilt and mutated in place; copies across JS/C++/Wasm","Node package/Wasm; independently certify every format/Node/LIEF combination","alpha API and Node SEA resource/fuse; postject LIEF 0.13 differs from Node 26.7 LIEF 0.17","does not generate direct SEA/blob and is not a C ABI for Node SEA","adds injector/version/LIEF/mutation axis","Reuse Effect Scope for owned handles/children, ChildProcess for selected processes, FileSystem/Path for explicit mutation, Stream only for a real typed event source, Layer for selection and dependency provision, and preserve Cause interruption.","bounded negative / reject for this operation","medium-high","Node SEA docs:495-625 @ b4f23d3"
"node-sea","NODE-LEGACY-BLOB","legacy preparation-blob generation","embedded-engine","none supported; not available as a supported provider surface; none; effect-build calls provider. Family: linked or vendored upstream compiler/runtime core","provider pin/license: Node 26.7.0 @ b4f23d3619c98bed09af93a21192f6080197a8c6; MIT; evidence class/support promise: Node C++ embedder/snapshot APIs are public but do not produce SEA; node::sea assembly symbols are internal under NODE_WANT_INTERNALS; effect-build-owned adapter/prototype license: MIT where applicable, otherwise not applicable","would require effect-build to own an unsupported engine/ABI or substitute semantics","no supported faithful request/result boundary","unproven","unproven","would require new native/source distribution","unsupported coupling","generic embedded Node or snapshot lacks NODE_SEA_BLOB/fuse/node:sea semantics","building/distributing Node,V8,libuv,OpenSSL,ICU,LIEF per target and exact ABI/source lockstep","Reuse Effect Scope for owned handles/children, ChildProcess for selected processes, FileSystem/Path for explicit mutation, Stream only for a real typed event source, Layer for selection and dependency provision, and preserve Cause interruption.","bounded negative / reject for this operation","high","Node SEA docs:495-625 @ b4f23d3"
"node-sea","NODE-LEGACY-BLOB","legacy preparation-blob generation","runtime-hosted-sidecar","framed injection request; selected Node child calls pinned postject API; owned RPC plus filesystem; effect-build calls provider. Family: provider-native public API behind an effect-build-owned framed protocol","provider pin/license: Node 26.7.0 @ b4f23d3619c98bed09af93a21192f6080197a8c6; MIT; evidence class/support promise: bounded effect-build adapter over third-party alpha API; effect-build-owned adapter/prototype license: MIT where applicable, otherwise not applicable","effect-build selects Node/postject/protocol; request selects private candidate/blob","serializable paths/bytes/options; machine failure envelope","one-shot process can be killed for fault isolation; crash during write yields outcome unknown on private candidate","private candidate mutation followed by caller validation/publication","Node+postject server per platform","Node/postject/capability handshake","wrapping node --build-sea is merely CLI RPC and a daemon has no reusable engine","protocol/cold Node+Wasm/copy/crash states","Reuse Effect Scope for owned handles/children, ChildProcess for selected processes, FileSystem/Path for explicit mutation, Stream only for a real typed event source, Layer for selection and dependency provision, and preserve Cause interruption.","bounded negative / reject for this operation","medium","Node SEA docs:495-625 @ b4f23d3"
"node-sea","NODE-LEGACY-BLOB","legacy preparation-blob generation","persistent-session","none supported; not available as a supported provider surface; none; effect-build calls provider. Family: versioned daemon/service session with lifetime-bound handles","provider pin/license: Node 26.7.0 @ b4f23d3619c98bed09af93a21192f6080197a8c6; MIT; evidence class/support promise: postject creates its Wasm module per call and Node SEA exposes no reusable assembly context; effect-build-owned adapter/prototype license: MIT where applicable, otherwise not applicable","would require effect-build to own an unsupported engine/ABI or substitute semantics","no supported faithful request/result boundary","unproven","unproven","would require new native/source distribution","unsupported coupling","no reusable provider state to amortize; direct builder is one-shot","adds stale handles/backpressure/restart/idle memory without semantic gain","Reuse Effect Scope for owned handles/children, ChildProcess for selected processes, FileSystem/Path for explicit mutation, Stream only for a real typed event source, Layer for selection and dependency provision, and preserve Cause interruption.","bounded negative / reject for this operation","high","Node SEA docs:495-625 @ b4f23d3"
"node-sea","NODE-LEGACY-BLOB","legacy preparation-blob generation","wasm-worker","postject JS API backed by Wasm; Node process Emscripten/LIEF Wasm; JS buffers/filesystem into Wasm; effect-build calls provider. Family: supported WebAssembly, WASI, or provider worker boundary","provider pin/license: Node 26.7.0 @ b4f23d3619c98bed09af93a21192f6080197a8c6; MIT; evidence class/support promise: supported only as part of postject alpha.6 Node package; no browser/WASI standalone builder found; effect-build-owned adapter/prototype license: MIT where applicable, otherwise not applicable","postject package internally selects Wasm/LIEF; effect-build cannot select it independently","blob/base buffers copied; Node fs/path/Buffer required","one-shot module/no cancel","in-place file mutation","Node-only supported wrapper, 256MiB initial/4GiB max Wasm memory configuration","alpha package and exact SEA resource contract","not an independently callable browser/WASI/worker or direct SEA engine","large memory/copy and mutation costs","Reuse Effect Scope for owned handles/children, ChildProcess for selected processes, FileSystem/Path for explicit mutation, Stream only for a real typed event source, Layer for selection and dependency provision, and preserve Cause interruption.","bounded negative / reject for this operation","high","Node SEA docs:495-625 @ b4f23d3"
"node-sea","NODE-LEGACY-BLOB","legacy preparation-blob generation","inverted-plugin","none supported; not available as a supported provider surface; none; effect-build calls provider. Family: provider owns execution and calls effect-build-controlled hooks/modules","provider pin/license: Node 26.7.0 @ b4f23d3619c98bed09af93a21192f6080197a8c6; MIT; evidence class/support promise: no Node SEA build-time plugin/hook/callback surface found at v26.7.0; effect-build-owned adapter/prototype license: MIT where applicable, otherwise not applicable","would require effect-build to own an unsupported engine/ABI or substitute semantics","no supported faithful request/result boundary","unproven","unproven","would require new native/source distribution","unsupported coupling","runtime module loading occurs after artifact startup and is not assembly","invented hooks would require a custom builder/fork","Reuse Effect Scope for owned handles/children, ChildProcess for selected processes, FileSystem/Path for explicit mutation, Stream only for a real typed event source, Layer for selection and dependency provision, and preserve Cause interruption.","bounded negative / reject for this operation","high","Node SEA docs:495-625 @ b4f23d3"
"node-sea","NODE-LEGACY-BLOB","legacy preparation-blob generation","declarative-artifact","official sea-config plus preparation blob/final resource; selected Node or postject consumes config/blob; final runtime consumes NODE_SEA_BLOB; filesystem JSON and binary resource handoff; effect-build calls provider. Family: stable config, manifest, project, or intermediate artifact handoff","provider pin/license: Node 26.7.0 @ b4f23d3619c98bed09af93a21192f6080197a8c6; MIT; evidence class/support promise: documented Stability-1.1 config/blob/runtime layout; blob encoding itself is not versioned portable schema; effect-build-owned adapter/prototype license: MIT where applicable, otherwise not applicable","config explicitly binds main/base/output/options/assets; resource name/fuse bind legacy injection and runtime","retains native fields; unknown config fields currently ignored","one-shot config/private blob; durable final executable/resource","private blob and durable runtime resource; final publication remains caller-owned","ordinary config/blob plus exact Node/base; platform signing after mutation","exact Node version/target/fuse; snapshot/cache host restrictions","required declarative adjunct to selected Node, postject injection, and the final node:sea runtime","reduces argv field explosion but requires exact identity/validation","Reuse Effect Scope for owned handles/children, ChildProcess for selected processes, FileSystem/Path for explicit mutation, Stream only for a real typed event source, Layer for selection and dependency provision, and preserve Cause interruption.","viable now as an adjunct to the selected primary route; adjunct only, not a standalone route","high","Node SEA docs:495-625 @ b4f23d3"
"node-sea","NODE-LEGACY-BLOB","legacy preparation-blob generation","isolated-worker","none supported; not available as a supported provider surface; none; effect-build calls provider. Family: local/remote isolated worker used specifically for host or fault isolation","provider pin/license: Node 26.7.0 @ b4f23d3619c98bed09af93a21192f6080197a8c6; MIT; evidence class/support promise: remote/local isolation is useful only for target-native signing/launch or a postject sidecar already covered; effect-build-owned adapter/prototype license: MIT where applicable, otherwise not applicable","would require effect-build to own an unsupported engine/ABI or substitute semantics","no supported faithful request/result boundary","unproven","unproven","would require new native/source distribution","unsupported coupling","direct Node child already provides fault isolation; remote infrastructure is out of scope","workspace/credentials/signing/outcome protocol burden","Reuse Effect Scope for owned handles/children, ChildProcess for selected processes, FileSystem/Path for explicit mutation, Stream only for a real typed event source, Layer for selection and dependency provision, and preserve Cause interruption.","bounded negative / reject for this operation","high","Node SEA docs:495-625 @ b4f23d3"
"node-sea","NODE-LEGACY-BLOB","legacy preparation-blob generation","upstream-contribution","future structured SEA builder/blob API; Node-owned library/process; typed function or documented machine protocol; effect-build calls provider. Family: missing supported protocol/library/cancellation/event surface proposed upstream","provider pin/license: Node 26.7.0 @ b4f23d3619c98bed09af93a21192f6080197a8c6; MIT; evidence class/support promise: hypothetical; current internal BuildSingleExecutable is unsupported; effect-build-owned adapter/prototype license: MIT where applicable, otherwise not applicable","should expose builder/base/LIEF/target capabilities","all config fields with schema validation and typed errors","cancellation or bytes-returning ownership would remove outcome-unknown writes","prefer injectBytes/buildBytes or explicit private outfile","official Node releases/libnode if supported","versioned schema/API/ABI","would reopen direct programmatic assembly","moves internal coupling upstream","Reuse Effect Scope for owned handles/children, ChildProcess for selected processes, FileSystem/Path for explicit mutation, Stream only for a real typed event source, Layer for selection and dependency provision, and preserve Cause interruption.","upstream-dependent","high","Node SEA docs:495-625 @ b4f23d3"
"node-sea","NODE-LEGACY-INJECT","inject a legacy preparation blob","direct-host-api","node:sea runtime functions; inside produced SEA artifact at runtime; direct built-in calls; effect-build calls provider. Family: official function, callback, or scoped handle in the provider's supported host","provider pin/license: Node 26.7.0 @ b4f23d3619c98bed09af93a21192f6080197a8c6; MIT; evidence class/support promise: documented public experimental Node 26.7.0 runtime API, Stability 1.1, MIT; effect-build-owned adapter/prototype license: MIT where applicable, otherwise not applicable","built artifact/base determines runtime","asset keys/bytes/borrowed raw asset memory","artifact process lifetime; operation invariant: one injection attempt against a private candidate; the boundary must state whether work is non-cancellable in-process or kill-isolated with outcome-unknown mutation","copies/blobs or borrowed executable memory; operation invariant: provider-direct in-place mutation; caller must validate before publication","inside exact SEA runtime","Node SEA runtime contract","no supported JS assembly function exists","no build adapter impact","Reuse Effect Scope for owned handles/children, ChildProcess for selected processes, FileSystem/Path for explicit mutation, Stream only for a real typed event source, Layer for selection and dependency provision, and preserve Cause interruption.","bounded negative / reject for this operation","high","nodejs/postject api.js:1-163 @ 3c4f208 and Node SEA docs"
"node-sea","NODE-LEGACY-INJECT","inject a legacy preparation blob","selected-command","SEA config plus command; selected exact Node child running native LIEF builder/blob generator; argv, JSON config, terminal streams, filesystem; effect-build calls provider. Family: one-shot or scoped provider command with native argv/project/process semantics","provider pin/license: Node 26.7.0 @ b4f23d3619c98bed09af93a21192f6080197a8c6; MIT; evidence class/support promise: documented public experimental Node 26.7.0 SEA surface, Stability 1.1, MIT; effect-build-owned adapter/prototype license: MIT where applicable, otherwise not applicable","explicit selected builder/base/cwd/config/target; current effect-build intentionally uses same selected path for builder and base","native main/assets/snapshot/cache/args fields; terminal failures are not typed","one-shot scoped child; provider directly truncates/writes private candidate; operation invariant: one injection attempt against a private candidate; the boundary must state whether work is non-cancellable in-process or kill-isolated with outcome-unknown mutation","private blob or executable; effect-build validates and atomically publishes final candidate; operation invariant: provider-direct in-place mutation; caller must validate before publication","exact Node binary with LIEF per target; post-mutation signing may be required","exact builder/base version, target and snapshot/cache restrictions","does not expose programmatic typed assembly or callbacks","smallest supported direct route; Effect staging removes Node writer's unsafe destination mutation","Reuse Effect Scope for owned handles/children, ChildProcess for selected processes, FileSystem/Path for explicit mutation, Stream only for a real typed event source, Layer for selection and dependency provision, and preserve Cause interruption.","bounded negative / reject for this operation","high","nodejs/postject api.js:1-163 @ 3c4f208 and Node SEA docs"
"node-sea","NODE-LEGACY-INJECT","inject a legacy preparation blob","official-language-library","none supported; not available as a supported provider surface; none; effect-build calls provider. Family: official Go or Rust library API outside the TypeScript host","provider pin/license: Node 26.7.0 @ b4f23d3619c98bed09af93a21192f6080197a8c6; MIT; evidence class/support promise: no supported official Node SEA library API found at v26.7.0; public C++ embedder is a distinct runtime product; effect-build-owned adapter/prototype license: MIT where applicable, otherwise not applicable","would require effect-build to own an unsupported engine/ABI or substitute semantics","no supported faithful request/result boundary","unproven; operation invariant: one injection attempt against a private candidate; the boundary must state whether work is non-cancellable in-process or kill-isolated with outcome-unknown mutation","unproven; operation invariant: provider-direct in-place mutation; caller must validate before publication","would require new native/source distribution","unsupported coupling","cannot assemble/inject SEA through an official language library","would require Node internal linkage or another injector","Reuse Effect Scope for owned handles/children, ChildProcess for selected processes, FileSystem/Path for explicit mutation, Stream only for a real typed event source, Layer for selection and dependency provision, and preserve Cause interruption.","bounded negative / reject for this operation","high","nodejs/postject api.js:1-163 @ 3c4f208 and Node SEA docs"
"node-sea","NODE-LEGACY-INJECT","inject a legacy preparation blob","native-bridge","postject.inject Promise API; same Node isolate plus bundled LIEF/Emscripten Wasm; direct JS/Wasm calls and filesystem paths; effect-build calls provider. Family: supported or owned C/C++/N-API/FFI bridge","provider pin/license: Node 26.7.0 @ b4f23d3619c98bed09af93a21192f6080197a8c6; MIT; evidence class/support promise: supported external nodejs/postject 1.0.0-alpha.6, MIT; LIEF Apache-2.0; prerelease/no declarations; effect-build-owned adapter/prototype license: MIT where applicable, otherwise not applicable","package selects injector/LIEF independently; caller selects base/blob/resource/fuse","Buffer blob and options; structured Error only, no AbortSignal","one-shot Promise; interruption cannot stop Wasm or later write; operation invariant: one injection attempt against a private candidate; the boundary must state whether work is non-cancellable in-process or kill-isolated with outcome-unknown mutation","whole executable rebuilt and mutated in place; copies across JS/C++/Wasm; operation invariant: provider-direct in-place mutation; caller must validate before publication","Node package/Wasm; independently certify every format/Node/LIEF combination","alpha API and Node SEA resource/fuse; postject LIEF 0.13 differs from Node 26.7 LIEF 0.17","genuine programmatic legacy injection","adds injector/version/LIEF/mutation axis","Reuse Effect Scope for owned handles/children, ChildProcess for selected processes, FileSystem/Path for explicit mutation, Stream only for a real typed event source, Layer for selection and dependency provision, and preserve Cause interruption.","viable with bounded package-private adapter only if legacy injection is required","medium-high","nodejs/postject api.js:1-163 @ 3c4f208 and Node SEA docs"
"node-sea","NODE-LEGACY-INJECT","inject a legacy preparation blob","embedded-engine","none supported; not available as a supported provider surface; none; effect-build calls provider. Family: linked or vendored upstream compiler/runtime core","provider pin/license: Node 26.7.0 @ b4f23d3619c98bed09af93a21192f6080197a8c6; MIT; evidence class/support promise: Node C++ embedder/snapshot APIs are public but do not produce SEA; node::sea assembly symbols are internal under NODE_WANT_INTERNALS; effect-build-owned adapter/prototype license: MIT where applicable, otherwise not applicable","would require effect-build to own an unsupported engine/ABI or substitute semantics","no supported faithful request/result boundary","unproven; operation invariant: one injection attempt against a private candidate; the boundary must state whether work is non-cancellable in-process or kill-isolated with outcome-unknown mutation","unproven; operation invariant: provider-direct in-place mutation; caller must validate before publication","would require new native/source distribution","unsupported coupling","generic embedded Node or snapshot lacks NODE_SEA_BLOB/fuse/node:sea semantics","building/distributing Node,V8,libuv,OpenSSL,ICU,LIEF per target and exact ABI/source lockstep","Reuse Effect Scope for owned handles/children, ChildProcess for selected processes, FileSystem/Path for explicit mutation, Stream only for a real typed event source, Layer for selection and dependency provision, and preserve Cause interruption.","bounded negative / reject for this operation","high","nodejs/postject api.js:1-163 @ 3c4f208 and Node SEA docs"
"node-sea","NODE-LEGACY-INJECT","inject a legacy preparation blob","runtime-hosted-sidecar","framed injection request; selected Node child calls pinned postject API; owned RPC plus filesystem; effect-build calls provider. Family: provider-native public API behind an effect-build-owned framed protocol","provider pin/license: Node 26.7.0 @ b4f23d3619c98bed09af93a21192f6080197a8c6; MIT; evidence class/support promise: bounded effect-build adapter over third-party alpha API; effect-build-owned adapter/prototype license: MIT where applicable, otherwise not applicable","effect-build selects Node/postject/protocol; request selects private candidate/blob","serializable paths/bytes/options; machine failure envelope","one-shot process can be killed for fault isolation; crash during write yields outcome unknown on private candidate; operation invariant: one injection attempt against a private candidate; the boundary must state whether work is non-cancellable in-process or kill-isolated with outcome-unknown mutation","private candidate mutation followed by caller validation/publication; operation invariant: provider-direct in-place mutation; caller must validate before publication","Node+postject server per platform","Node/postject/capability handshake","only when orchestrator host cannot load postject or kill isolation is required","protocol/cold Node+Wasm/copy/crash states","Reuse Effect Scope for owned handles/children, ChildProcess for selected processes, FileSystem/Path for explicit mutation, Stream only for a real typed event source, Layer for selection and dependency provision, and preserve Cause interruption.","viable bounded adapter for legacy injection only","medium","nodejs/postject api.js:1-163 @ 3c4f208 and Node SEA docs"
"node-sea","NODE-LEGACY-INJECT","inject a legacy preparation blob","persistent-session","none supported; not available as a supported provider surface; none; effect-build calls provider. Family: versioned daemon/service session with lifetime-bound handles","provider pin/license: Node 26.7.0 @ b4f23d3619c98bed09af93a21192f6080197a8c6; MIT; evidence class/support promise: postject creates its Wasm module per call and Node SEA exposes no reusable assembly context; effect-build-owned adapter/prototype license: MIT where applicable, otherwise not applicable","would require effect-build to own an unsupported engine/ABI or substitute semantics","no supported faithful request/result boundary","unproven; operation invariant: one injection attempt against a private candidate; the boundary must state whether work is non-cancellable in-process or kill-isolated with outcome-unknown mutation","unproven; operation invariant: provider-direct in-place mutation; caller must validate before publication","would require new native/source distribution","unsupported coupling","no reusable provider state to amortize; direct builder is one-shot","adds stale handles/backpressure/restart/idle memory without semantic gain","Reuse Effect Scope for owned handles/children, ChildProcess for selected processes, FileSystem/Path for explicit mutation, Stream only for a real typed event source, Layer for selection and dependency provision, and preserve Cause interruption.","bounded negative / reject for this operation","high","nodejs/postject api.js:1-163 @ 3c4f208 and Node SEA docs"
"node-sea","NODE-LEGACY-INJECT","inject a legacy preparation blob","wasm-worker","postject JS API backed by Wasm; Node process Emscripten/LIEF Wasm; JS buffers/filesystem into Wasm; effect-build calls provider. Family: supported WebAssembly, WASI, or provider worker boundary","provider pin/license: Node 26.7.0 @ b4f23d3619c98bed09af93a21192f6080197a8c6; MIT; evidence class/support promise: supported only as part of postject alpha.6 Node package; no browser/WASI standalone builder found; effect-build-owned adapter/prototype license: MIT where applicable, otherwise not applicable","postject package internally selects Wasm/LIEF; effect-build cannot select it independently","blob/base buffers copied; Node fs/path/Buffer required","one-shot module/no cancel; operation invariant: one injection attempt against a private candidate; the boundary must state whether work is non-cancellable in-process or kill-isolated with outcome-unknown mutation","in-place file mutation; operation invariant: provider-direct in-place mutation; caller must validate before publication","Node-only supported wrapper, 256MiB initial/4GiB max Wasm memory configuration","alpha package and exact SEA resource contract","implementation dependency beneath the public postject injection route","large memory/copy and mutation costs","Reuse Effect Scope for owned handles/children, ChildProcess for selected processes, FileSystem/Path for explicit mutation, Stream only for a real typed event source, Layer for selection and dependency provision, and preserve Cause interruption.","implementation detail only; use public postject API if admitted; implementation relation only, not a selectable route","high","nodejs/postject api.js:1-163 @ 3c4f208 and Node SEA docs"
"node-sea","NODE-LEGACY-INJECT","inject a legacy preparation blob","inverted-plugin","none supported; not available as a supported provider surface; none; effect-build calls provider. Family: provider owns execution and calls effect-build-controlled hooks/modules","provider pin/license: Node 26.7.0 @ b4f23d3619c98bed09af93a21192f6080197a8c6; MIT; evidence class/support promise: no Node SEA build-time plugin/hook/callback surface found at v26.7.0; effect-build-owned adapter/prototype license: MIT where applicable, otherwise not applicable","would require effect-build to own an unsupported engine/ABI or substitute semantics","no supported faithful request/result boundary","unproven; operation invariant: one injection attempt against a private candidate; the boundary must state whether work is non-cancellable in-process or kill-isolated with outcome-unknown mutation","unproven; operation invariant: provider-direct in-place mutation; caller must validate before publication","would require new native/source distribution","unsupported coupling","runtime module loading occurs after artifact startup and is not assembly","invented hooks would require a custom builder/fork","Reuse Effect Scope for owned handles/children, ChildProcess for selected processes, FileSystem/Path for explicit mutation, Stream only for a real typed event source, Layer for selection and dependency provision, and preserve Cause interruption.","bounded negative / reject for this operation","high","nodejs/postject api.js:1-163 @ 3c4f208 and Node SEA docs"
"node-sea","NODE-LEGACY-INJECT","inject a legacy preparation blob","declarative-artifact","official sea-config plus preparation blob/final resource; selected Node or postject consumes config/blob; final runtime consumes NODE_SEA_BLOB; filesystem JSON and binary resource handoff; effect-build calls provider. Family: stable config, manifest, project, or intermediate artifact handoff","provider pin/license: Node 26.7.0 @ b4f23d3619c98bed09af93a21192f6080197a8c6; MIT; evidence class/support promise: documented Stability-1.1 config/blob/runtime layout; blob encoding itself is not versioned portable schema; effect-build-owned adapter/prototype license: MIT where applicable, otherwise not applicable","config explicitly binds main/base/output/options/assets; resource name/fuse bind legacy injection and runtime","retains native fields; unknown config fields currently ignored","one-shot config/private blob; durable final executable/resource; operation invariant: one injection attempt against a private candidate; the boundary must state whether work is non-cancellable in-process or kill-isolated with outcome-unknown mutation","private blob and durable runtime resource; final publication remains caller-owned; operation invariant: provider-direct in-place mutation; caller must validate before publication","ordinary config/blob plus exact Node/base; platform signing after mutation","exact Node version/target/fuse; snapshot/cache host restrictions","required declarative adjunct to selected Node, postject injection, and the final node:sea runtime","reduces argv field explosion but requires exact identity/validation","Reuse Effect Scope for owned handles/children, ChildProcess for selected processes, FileSystem/Path for explicit mutation, Stream only for a real typed event source, Layer for selection and dependency provision, and preserve Cause interruption.","viable now as an adjunct to the selected primary route; adjunct only, not a standalone route","high","nodejs/postject api.js:1-163 @ 3c4f208 and Node SEA docs"
"node-sea","NODE-LEGACY-INJECT","inject a legacy preparation blob","isolated-worker","none supported; not available as a supported provider surface; none; effect-build calls provider. Family: local/remote isolated worker used specifically for host or fault isolation","provider pin/license: Node 26.7.0 @ b4f23d3619c98bed09af93a21192f6080197a8c6; MIT; evidence class/support promise: remote/local isolation is useful only for target-native signing/launch or a postject sidecar already covered; effect-build-owned adapter/prototype license: MIT where applicable, otherwise not applicable","would require effect-build to own an unsupported engine/ABI or substitute semantics","no supported faithful request/result boundary","unproven; operation invariant: one injection attempt against a private candidate; the boundary must state whether work is non-cancellable in-process or kill-isolated with outcome-unknown mutation","unproven; operation invariant: provider-direct in-place mutation; caller must validate before publication","would require new native/source distribution","unsupported coupling","direct Node child already provides fault isolation; remote infrastructure is out of scope","workspace/credentials/signing/outcome protocol burden","Reuse Effect Scope for owned handles/children, ChildProcess for selected processes, FileSystem/Path for explicit mutation, Stream only for a real typed event source, Layer for selection and dependency provision, and preserve Cause interruption.","bounded negative / reject for this operation","high","nodejs/postject api.js:1-163 @ 3c4f208 and Node SEA docs"
"node-sea","NODE-LEGACY-INJECT","inject a legacy preparation blob","upstream-contribution","future structured SEA builder/blob API; Node-owned library/process; typed function or documented machine protocol; effect-build calls provider. Family: missing supported protocol/library/cancellation/event surface proposed upstream","provider pin/license: Node 26.7.0 @ b4f23d3619c98bed09af93a21192f6080197a8c6; MIT; evidence class/support promise: hypothetical; current internal BuildSingleExecutable is unsupported; effect-build-owned adapter/prototype license: MIT where applicable, otherwise not applicable","should expose builder/base/LIEF/target capabilities","all config fields with schema validation and typed errors","cancellation or bytes-returning ownership would remove outcome-unknown writes; operation invariant: one injection attempt against a private candidate; the boundary must state whether work is non-cancellable in-process or kill-isolated with outcome-unknown mutation","prefer injectBytes/buildBytes or explicit private outfile; operation invariant: provider-direct in-place mutation; caller must validate before publication","official Node releases/libnode if supported","versioned schema/API/ABI","would reopen direct programmatic assembly","moves internal coupling upstream","Reuse Effect Scope for owned handles/children, ChildProcess for selected processes, FileSystem/Path for explicit mutation, Stream only for a real typed event source, Layer for selection and dependency provision, and preserve Cause interruption.","upstream-dependent","high","nodejs/postject api.js:1-163 @ 3c4f208 and Node SEA docs"
"node-sea","NODE-CANDIDATE-REPAIR","repair platform metadata after SEA mutation","direct-host-api","node:sea runtime functions; inside produced SEA artifact at runtime; direct built-in calls; effect-build calls provider. Family: official function, callback, or scoped handle in the provider's supported host","provider pin/license: Node 26.7.0 @ b4f23d3619c98bed09af93a21192f6080197a8c6; MIT; evidence class/support promise: documented public experimental Node 26.7.0 runtime API, Stability 1.1, MIT; effect-build-owned adapter/prototype license: MIT where applicable, otherwise not applicable","built artifact/base determines runtime; operation invariant: platform repair tool owns metadata mutation; effect-build retains candidate/publication ownership","asset keys/bytes/borrowed raw asset memory","artifact process lifetime","copies/blobs or borrowed executable memory; operation invariant: mutated private candidate only","inside exact SEA runtime","Node SEA runtime contract","no supported JS assembly function exists","no build adapter impact","Reuse Effect Scope for owned handles/children, ChildProcess for selected processes, FileSystem/Path for explicit mutation, Stream only for a real typed event source, Layer for selection and dependency provision, and preserve Cause interruption.","bounded negative / reject for this operation","high","Node SEA docs and node_sea_bin.cc @ b4f23d3"
"node-sea","NODE-CANDIDATE-REPAIR","repair platform metadata after SEA mutation","selected-command","explicit platform repair command; selected local platform-tool child; argv, terminal streams, private candidate filesystem mutation; effect-build calls provider. Family: one-shot or scoped provider command with native argv/project/process semantics","provider pin/license: Node 26.7.0 @ b4f23d3619c98bed09af93a21192f6080197a8c6; MIT; evidence class/support promise: platform-specific public tool; no portable Node-owned repair API; effect-build-owned adapter/prototype license: MIT where applicable, otherwise not applicable","caller selects tool and private candidate; effect-build owns later validation/publication; operation invariant: platform repair tool owns metadata mutation; effect-build retains candidate/publication ownership","private mutated candidate and explicit repair policy","one-shot scoped child","mutated private candidate only; operation invariant: mutated private candidate only","platform toolchain required on artifact host","platform format/tool/version specific","candidate repair after a named mutation only","adds one explicit post-mutation platform stage","Reuse Effect Scope for owned handles/children, ChildProcess for selected processes, FileSystem/Path for explicit mutation, Stream only for a real typed event source, Layer for selection and dependency provision, and preserve Cause interruption.","viable only when a target requires repair","high","Node SEA docs and node_sea_bin.cc @ b4f23d3"
"node-sea","NODE-CANDIDATE-REPAIR","repair platform metadata after SEA mutation","official-language-library","none supported; not available as a supported provider surface; none; effect-build calls provider. Family: official Go or Rust library API outside the TypeScript host","provider pin/license: Node 26.7.0 @ b4f23d3619c98bed09af93a21192f6080197a8c6; MIT; evidence class/support promise: no supported official Node SEA library API found at v26.7.0; public C++ embedder is a distinct runtime product; effect-build-owned adapter/prototype license: MIT where applicable, otherwise not applicable","would require effect-build to own an unsupported engine/ABI or substitute semantics; operation invariant: platform repair tool owns metadata mutation; effect-build retains candidate/publication ownership","no supported faithful request/result boundary","unproven","unproven; operation invariant: mutated private candidate only","would require new native/source distribution","unsupported coupling","cannot assemble/inject SEA through an official language library","would require Node internal linkage or another injector","Reuse Effect Scope for owned handles/children, ChildProcess for selected processes, FileSystem/Path for explicit mutation, Stream only for a real typed event source, Layer for selection and dependency provision, and preserve Cause interruption.","bounded negative / reject for this operation","high","Node SEA docs and node_sea_bin.cc @ b4f23d3"
"node-sea","NODE-CANDIDATE-REPAIR","repair platform metadata after SEA mutation","native-bridge","postject.inject Promise API; same Node isolate plus bundled LIEF/Emscripten Wasm; direct JS/Wasm calls and filesystem paths; effect-build calls provider. Family: supported or owned C/C++/N-API/FFI bridge","provider pin/license: Node 26.7.0 @ b4f23d3619c98bed09af93a21192f6080197a8c6; MIT; evidence class/support promise: supported external nodejs/postject 1.0.0-alpha.6, MIT; LIEF Apache-2.0; prerelease/no declarations; effect-build-owned adapter/prototype license: MIT where applicable, otherwise not applicable","package selects injector/LIEF independently; caller selects base/blob/resource/fuse; operation invariant: platform repair tool owns metadata mutation; effect-build retains candidate/publication ownership","Buffer blob and options; structured Error only, no AbortSignal","one-shot Promise; interruption cannot stop Wasm or later write","whole executable rebuilt and mutated in place; copies across JS/C++/Wasm; operation invariant: mutated private candidate only","Node package/Wasm; independently certify every format/Node/LIEF combination","alpha API and Node SEA resource/fuse; postject LIEF 0.13 differs from Node 26.7 LIEF 0.17","does not generate direct SEA/blob and is not a C ABI for Node SEA","adds injector/version/LIEF/mutation axis","Reuse Effect Scope for owned handles/children, ChildProcess for selected processes, FileSystem/Path for explicit mutation, Stream only for a real typed event source, Layer for selection and dependency provision, and preserve Cause interruption.","bounded negative / reject for this operation","medium-high","Node SEA docs and node_sea_bin.cc @ b4f23d3"
"node-sea","NODE-CANDIDATE-REPAIR","repair platform metadata after SEA mutation","embedded-engine","none supported; not available as a supported provider surface; none; effect-build calls provider. Family: linked or vendored upstream compiler/runtime core","provider pin/license: Node 26.7.0 @ b4f23d3619c98bed09af93a21192f6080197a8c6; MIT; evidence class/support promise: Node C++ embedder/snapshot APIs are public but do not produce SEA; node::sea assembly symbols are internal under NODE_WANT_INTERNALS; effect-build-owned adapter/prototype license: MIT where applicable, otherwise not applicable","would require effect-build to own an unsupported engine/ABI or substitute semantics; operation invariant: platform repair tool owns metadata mutation; effect-build retains candidate/publication ownership","no supported faithful request/result boundary","unproven","unproven; operation invariant: mutated private candidate only","would require new native/source distribution","unsupported coupling","generic embedded Node or snapshot lacks NODE_SEA_BLOB/fuse/node:sea semantics","building/distributing Node,V8,libuv,OpenSSL,ICU,LIEF per target and exact ABI/source lockstep","Reuse Effect Scope for owned handles/children, ChildProcess for selected processes, FileSystem/Path for explicit mutation, Stream only for a real typed event source, Layer for selection and dependency provision, and preserve Cause interruption.","bounded negative / reject for this operation","high","Node SEA docs and node_sea_bin.cc @ b4f23d3"
"node-sea","NODE-CANDIDATE-REPAIR","repair platform metadata after SEA mutation","runtime-hosted-sidecar","framed injection request; selected Node child calls pinned postject API; owned RPC plus filesystem; effect-build calls provider. Family: provider-native public API behind an effect-build-owned framed protocol","provider pin/license: Node 26.7.0 @ b4f23d3619c98bed09af93a21192f6080197a8c6; MIT; evidence class/support promise: bounded effect-build adapter over third-party alpha API; effect-build-owned adapter/prototype license: MIT where applicable, otherwise not applicable","effect-build selects Node/postject/protocol; request selects private candidate/blob; operation invariant: platform repair tool owns metadata mutation; effect-build retains candidate/publication ownership","serializable paths/bytes/options; machine failure envelope","one-shot process can be killed for fault isolation; crash during write yields outcome unknown on private candidate","private candidate mutation followed by caller validation/publication; operation invariant: mutated private candidate only","Node+postject server per platform","Node/postject/capability handshake","wrapping node --build-sea is merely CLI RPC and a daemon has no reusable engine","protocol/cold Node+Wasm/copy/crash states","Reuse Effect Scope for owned handles/children, ChildProcess for selected processes, FileSystem/Path for explicit mutation, Stream only for a real typed event source, Layer for selection and dependency provision, and preserve Cause interruption.","bounded negative / reject for this operation","medium","Node SEA docs and node_sea_bin.cc @ b4f23d3"
"node-sea","NODE-CANDIDATE-REPAIR","repair platform metadata after SEA mutation","persistent-session","none supported; not available as a supported provider surface; none; effect-build calls provider. Family: versioned daemon/service session with lifetime-bound handles","provider pin/license: Node 26.7.0 @ b4f23d3619c98bed09af93a21192f6080197a8c6; MIT; evidence class/support promise: postject creates its Wasm module per call and Node SEA exposes no reusable assembly context; effect-build-owned adapter/prototype license: MIT where applicable, otherwise not applicable","would require effect-build to own an unsupported engine/ABI or substitute semantics; operation invariant: platform repair tool owns metadata mutation; effect-build retains candidate/publication ownership","no supported faithful request/result boundary","unproven","unproven; operation invariant: mutated private candidate only","would require new native/source distribution","unsupported coupling","no reusable provider state to amortize; direct builder is one-shot","adds stale handles/backpressure/restart/idle memory without semantic gain","Reuse Effect Scope for owned handles/children, ChildProcess for selected processes, FileSystem/Path for explicit mutation, Stream only for a real typed event source, Layer for selection and dependency provision, and preserve Cause interruption.","bounded negative / reject for this operation","high","Node SEA docs and node_sea_bin.cc @ b4f23d3"
"node-sea","NODE-CANDIDATE-REPAIR","repair platform metadata after SEA mutation","wasm-worker","postject JS API backed by Wasm; Node process Emscripten/LIEF Wasm; JS buffers/filesystem into Wasm; effect-build calls provider. Family: supported WebAssembly, WASI, or provider worker boundary","provider pin/license: Node 26.7.0 @ b4f23d3619c98bed09af93a21192f6080197a8c6; MIT; evidence class/support promise: supported only as part of postject alpha.6 Node package; no browser/WASI standalone builder found; effect-build-owned adapter/prototype license: MIT where applicable, otherwise not applicable","postject package internally selects Wasm/LIEF; effect-build cannot select it independently; operation invariant: platform repair tool owns metadata mutation; effect-build retains candidate/publication ownership","blob/base buffers copied; Node fs/path/Buffer required","one-shot module/no cancel","in-place file mutation; operation invariant: mutated private candidate only","Node-only supported wrapper, 256MiB initial/4GiB max Wasm memory configuration","alpha package and exact SEA resource contract","not an independently callable browser/WASI/worker or direct SEA engine","large memory/copy and mutation costs","Reuse Effect Scope for owned handles/children, ChildProcess for selected processes, FileSystem/Path for explicit mutation, Stream only for a real typed event source, Layer for selection and dependency provision, and preserve Cause interruption.","bounded negative / reject for this operation","high","Node SEA docs and node_sea_bin.cc @ b4f23d3"
"node-sea","NODE-CANDIDATE-REPAIR","repair platform metadata after SEA mutation","inverted-plugin","none supported; not available as a supported provider surface; none; effect-build calls provider. Family: provider owns execution and calls effect-build-controlled hooks/modules","provider pin/license: Node 26.7.0 @ b4f23d3619c98bed09af93a21192f6080197a8c6; MIT; evidence class/support promise: no Node SEA build-time plugin/hook/callback surface found at v26.7.0; effect-build-owned adapter/prototype license: MIT where applicable, otherwise not applicable","would require effect-build to own an unsupported engine/ABI or substitute semantics; operation invariant: platform repair tool owns metadata mutation; effect-build retains candidate/publication ownership","no supported faithful request/result boundary","unproven","unproven; operation invariant: mutated private candidate only","would require new native/source distribution","unsupported coupling","runtime module loading occurs after artifact startup and is not assembly","invented hooks would require a custom builder/fork","Reuse Effect Scope for owned handles/children, ChildProcess for selected processes, FileSystem/Path for explicit mutation, Stream only for a real typed event source, Layer for selection and dependency provision, and preserve Cause interruption.","bounded negative / reject for this operation","high","Node SEA docs and node_sea_bin.cc @ b4f23d3"
"node-sea","NODE-CANDIDATE-REPAIR","repair platform metadata after SEA mutation","declarative-artifact","official sea-config plus preparation blob/final resource; selected Node or postject consumes config/blob; final runtime consumes NODE_SEA_BLOB; filesystem JSON and binary resource handoff; effect-build calls provider. Family: stable config, manifest, project, or intermediate artifact handoff","provider pin/license: Node 26.7.0 @ b4f23d3619c98bed09af93a21192f6080197a8c6; MIT; evidence class/support promise: documented Stability-1.1 config/blob/runtime layout; blob encoding itself is not versioned portable schema; effect-build-owned adapter/prototype license: MIT where applicable, otherwise not applicable","config explicitly binds main/base/output/options/assets; resource name/fuse bind legacy injection and runtime; operation invariant: platform repair tool owns metadata mutation; effect-build retains candidate/publication ownership","retains native fields; unknown config fields currently ignored","one-shot config/private blob; durable final executable/resource","private blob and durable runtime resource; final publication remains caller-owned; operation invariant: mutated private candidate only","ordinary config/blob plus exact Node/base; platform signing after mutation","exact Node version/target/fuse; snapshot/cache host restrictions","config/artifact alone is not the build, injector, or runtime engine; preparation blob is not a cross-version ABI","reduces argv field explosion but requires exact identity/validation","Reuse Effect Scope for owned handles/children, ChildProcess for selected processes, FileSystem/Path for explicit mutation, Stream only for a real typed event source, Layer for selection and dependency provision, and preserve Cause interruption.","bounded negative / reject for this operation","high","Node SEA docs and node_sea_bin.cc @ b4f23d3"
"node-sea","NODE-CANDIDATE-REPAIR","repair platform metadata after SEA mutation","isolated-worker","none supported; not available as a supported provider surface; none; effect-build calls provider. Family: local/remote isolated worker used specifically for host or fault isolation","provider pin/license: Node 26.7.0 @ b4f23d3619c98bed09af93a21192f6080197a8c6; MIT; evidence class/support promise: remote/local isolation is useful only for target-native signing/launch or a postject sidecar already covered; effect-build-owned adapter/prototype license: MIT where applicable, otherwise not applicable","would require effect-build to own an unsupported engine/ABI or substitute semantics; operation invariant: platform repair tool owns metadata mutation; effect-build retains candidate/publication ownership","no supported faithful request/result boundary","unproven","unproven; operation invariant: mutated private candidate only","would require new native/source distribution","unsupported coupling","direct Node child already provides fault isolation; remote infrastructure is out of scope","workspace/credentials/signing/outcome protocol burden","Reuse Effect Scope for owned handles/children, ChildProcess for selected processes, FileSystem/Path for explicit mutation, Stream only for a real typed event source, Layer for selection and dependency provision, and preserve Cause interruption.","bounded negative / reject for this operation","high","Node SEA docs and node_sea_bin.cc @ b4f23d3"
"node-sea","NODE-CANDIDATE-REPAIR","repair platform metadata after SEA mutation","upstream-contribution","future structured SEA builder/blob API; Node-owned library/process; typed function or documented machine protocol; effect-build calls provider. Family: missing supported protocol/library/cancellation/event surface proposed upstream","provider pin/license: Node 26.7.0 @ b4f23d3619c98bed09af93a21192f6080197a8c6; MIT; evidence class/support promise: hypothetical; current internal BuildSingleExecutable is unsupported; effect-build-owned adapter/prototype license: MIT where applicable, otherwise not applicable","should expose builder/base/LIEF/target capabilities; operation invariant: platform repair tool owns metadata mutation; effect-build retains candidate/publication ownership","all config fields with schema validation and typed errors","cancellation or bytes-returning ownership would remove outcome-unknown writes","prefer injectBytes/buildBytes or explicit private outfile; operation invariant: mutated private candidate only","official Node releases/libnode if supported","versioned schema/API/ABI","not usable now","moves internal coupling upstream","Reuse Effect Scope for owned handles/children, ChildProcess for selected processes, FileSystem/Path for explicit mutation, Stream only for a real typed event source, Layer for selection and dependency provision, and preserve Cause interruption.","bounded negative / reject for this operation","high","Node SEA docs and node_sea_bin.cc @ b4f23d3"
"node-sea","NODE-SIGN","sign a mutated SEA candidate","direct-host-api","node:sea runtime functions; inside produced SEA artifact at runtime; direct built-in calls; effect-build calls provider. Family: official function, callback, or scoped handle in the provider's supported host","provider pin/license: Node 26.7.0 @ b4f23d3619c98bed09af93a21192f6080197a8c6; MIT; evidence class/support promise: documented public experimental Node 26.7.0 runtime API, Stability 1.1, MIT; effect-build-owned adapter/prototype license: MIT where applicable, otherwise not applicable","built artifact/base determines runtime; operation invariant: caller/platform selects signing identity and credentials","asset keys/bytes/borrowed raw asset memory","artifact process lifetime","copies/blobs or borrowed executable memory; operation invariant: signed private candidate, then caller validation/publication","inside exact SEA runtime","Node SEA runtime contract","no supported JS assembly function exists","no build adapter impact","Reuse Effect Scope for owned handles/children, ChildProcess for selected processes, FileSystem/Path for explicit mutation, Stream only for a real typed event source, Layer for selection and dependency provision, and preserve Cause interruption.","bounded negative / reject for this operation","high","Node SEA docs signing guidance @ b4f23d3"
"node-sea","NODE-SIGN","sign a mutated SEA candidate","selected-command","explicit signer command; selected local signing child; argv, credential/keychain authority, terminal streams, private candidate mutation; effect-build calls provider. Family: one-shot or scoped provider command with native argv/project/process semantics","provider pin/license: Node 26.7.0 @ b4f23d3619c98bed09af93a21192f6080197a8c6; MIT; evidence class/support promise: documented platform signing tools; outside Node SEA API; effect-build-owned adapter/prototype license: MIT where applicable, otherwise not applicable","caller selects signer, identity, credentials, and candidate; operation invariant: caller/platform selects signing identity and credentials","private mutated executable plus signing policy/identity","one-shot scoped child; credential prompts must not be inferred","signed private candidate followed by validation/publication; operation invariant: signed private candidate, then caller validation/publication","target-platform signer and credentials required","platform signature format and toolchain","post-mutation signing only","separate security-sensitive platform stage","Reuse Effect Scope for owned handles/children, ChildProcess for selected processes, FileSystem/Path for explicit mutation, Stream only for a real typed event source, Layer for selection and dependency provision, and preserve Cause interruption.","viable when distribution policy requires signing","high","Node SEA docs signing guidance @ b4f23d3"
"node-sea","NODE-SIGN","sign a mutated SEA candidate","official-language-library","none supported; not available as a supported provider surface; none; effect-build calls provider. Family: official Go or Rust library API outside the TypeScript host","provider pin/license: Node 26.7.0 @ b4f23d3619c98bed09af93a21192f6080197a8c6; MIT; evidence class/support promise: no supported official Node SEA library API found at v26.7.0; public C++ embedder is a distinct runtime product; effect-build-owned adapter/prototype license: MIT where applicable, otherwise not applicable","would require effect-build to own an unsupported engine/ABI or substitute semantics; operation invariant: caller/platform selects signing identity and credentials","no supported faithful request/result boundary","unproven","unproven; operation invariant: signed private candidate, then caller validation/publication","would require new native/source distribution","unsupported coupling","cannot assemble/inject SEA through an official language library","would require Node internal linkage or another injector","Reuse Effect Scope for owned handles/children, ChildProcess for selected processes, FileSystem/Path for explicit mutation, Stream only for a real typed event source, Layer for selection and dependency provision, and preserve Cause interruption.","bounded negative / reject for this operation","high","Node SEA docs signing guidance @ b4f23d3"
"node-sea","NODE-SIGN","sign a mutated SEA candidate","native-bridge","postject.inject Promise API; same Node isolate plus bundled LIEF/Emscripten Wasm; direct JS/Wasm calls and filesystem paths; effect-build calls provider. Family: supported or owned C/C++/N-API/FFI bridge","provider pin/license: Node 26.7.0 @ b4f23d3619c98bed09af93a21192f6080197a8c6; MIT; evidence class/support promise: supported external nodejs/postject 1.0.0-alpha.6, MIT; LIEF Apache-2.0; prerelease/no declarations; effect-build-owned adapter/prototype license: MIT where applicable, otherwise not applicable","package selects injector/LIEF independently; caller selects base/blob/resource/fuse; operation invariant: caller/platform selects signing identity and credentials","Buffer blob and options; structured Error only, no AbortSignal","one-shot Promise; interruption cannot stop Wasm or later write","whole executable rebuilt and mutated in place; copies across JS/C++/Wasm; operation invariant: signed private candidate, then caller validation/publication","Node package/Wasm; independently certify every format/Node/LIEF combination","alpha API and Node SEA resource/fuse; postject LIEF 0.13 differs from Node 26.7 LIEF 0.17","does not generate direct SEA/blob and is not a C ABI for Node SEA","adds injector/version/LIEF/mutation axis","Reuse Effect Scope for owned handles/children, ChildProcess for selected processes, FileSystem/Path for explicit mutation, Stream only for a real typed event source, Layer for selection and dependency provision, and preserve Cause interruption.","bounded negative / reject for this operation","medium-high","Node SEA docs signing guidance @ b4f23d3"
"node-sea","NODE-SIGN","sign a mutated SEA candidate","embedded-engine","none supported; not available as a supported provider surface; none; effect-build calls provider. Family: linked or vendored upstream compiler/runtime core","provider pin/license: Node 26.7.0 @ b4f23d3619c98bed09af93a21192f6080197a8c6; MIT; evidence class/support promise: Node C++ embedder/snapshot APIs are public but do not produce SEA; node::sea assembly symbols are internal under NODE_WANT_INTERNALS; effect-build-owned adapter/prototype license: MIT where applicable, otherwise not applicable","would require effect-build to own an unsupported engine/ABI or substitute semantics; operation invariant: caller/platform selects signing identity and credentials","no supported faithful request/result boundary","unproven","unproven; operation invariant: signed private candidate, then caller validation/publication","would require new native/source distribution","unsupported coupling","generic embedded Node or snapshot lacks NODE_SEA_BLOB/fuse/node:sea semantics","building/distributing Node,V8,libuv,OpenSSL,ICU,LIEF per target and exact ABI/source lockstep","Reuse Effect Scope for owned handles/children, ChildProcess for selected processes, FileSystem/Path for explicit mutation, Stream only for a real typed event source, Layer for selection and dependency provision, and preserve Cause interruption.","bounded negative / reject for this operation","high","Node SEA docs signing guidance @ b4f23d3"
"node-sea","NODE-SIGN","sign a mutated SEA candidate","runtime-hosted-sidecar","framed injection request; selected Node child calls pinned postject API; owned RPC plus filesystem; effect-build calls provider. Family: provider-native public API behind an effect-build-owned framed protocol","provider pin/license: Node 26.7.0 @ b4f23d3619c98bed09af93a21192f6080197a8c6; MIT; evidence class/support promise: bounded effect-build adapter over third-party alpha API; effect-build-owned adapter/prototype license: MIT where applicable, otherwise not applicable","effect-build selects Node/postject/protocol; request selects private candidate/blob; operation invariant: caller/platform selects signing identity and credentials","serializable paths/bytes/options; machine failure envelope","one-shot process can be killed for fault isolation; crash during write yields outcome unknown on private candidate","private candidate mutation followed by caller validation/publication; operation invariant: signed private candidate, then caller validation/publication","Node+postject server per platform","Node/postject/capability handshake","wrapping node --build-sea is merely CLI RPC and a daemon has no reusable engine","protocol/cold Node+Wasm/copy/crash states","Reuse Effect Scope for owned handles/children, ChildProcess for selected processes, FileSystem/Path for explicit mutation, Stream only for a real typed event source, Layer for selection and dependency provision, and preserve Cause interruption.","bounded negative / reject for this operation","medium","Node SEA docs signing guidance @ b4f23d3"
"node-sea","NODE-SIGN","sign a mutated SEA candidate","persistent-session","none supported; not available as a supported provider surface; none; effect-build calls provider. Family: versioned daemon/service session with lifetime-bound handles","provider pin/license: Node 26.7.0 @ b4f23d3619c98bed09af93a21192f6080197a8c6; MIT; evidence class/support promise: postject creates its Wasm module per call and Node SEA exposes no reusable assembly context; effect-build-owned adapter/prototype license: MIT where applicable, otherwise not applicable","would require effect-build to own an unsupported engine/ABI or substitute semantics; operation invariant: caller/platform selects signing identity and credentials","no supported faithful request/result boundary","unproven","unproven; operation invariant: signed private candidate, then caller validation/publication","would require new native/source distribution","unsupported coupling","no reusable provider state to amortize; direct builder is one-shot","adds stale handles/backpressure/restart/idle memory without semantic gain","Reuse Effect Scope for owned handles/children, ChildProcess for selected processes, FileSystem/Path for explicit mutation, Stream only for a real typed event source, Layer for selection and dependency provision, and preserve Cause interruption.","bounded negative / reject for this operation","high","Node SEA docs signing guidance @ b4f23d3"
"node-sea","NODE-SIGN","sign a mutated SEA candidate","wasm-worker","postject JS API backed by Wasm; Node process Emscripten/LIEF Wasm; JS buffers/filesystem into Wasm; effect-build calls provider. Family: supported WebAssembly, WASI, or provider worker boundary","provider pin/license: Node 26.7.0 @ b4f23d3619c98bed09af93a21192f6080197a8c6; MIT; evidence class/support promise: supported only as part of postject alpha.6 Node package; no browser/WASI standalone builder found; effect-build-owned adapter/prototype license: MIT where applicable, otherwise not applicable","postject package internally selects Wasm/LIEF; effect-build cannot select it independently; operation invariant: caller/platform selects signing identity and credentials","blob/base buffers copied; Node fs/path/Buffer required","one-shot module/no cancel","in-place file mutation; operation invariant: signed private candidate, then caller validation/publication","Node-only supported wrapper, 256MiB initial/4GiB max Wasm memory configuration","alpha package and exact SEA resource contract","not an independently callable browser/WASI/worker or direct SEA engine","large memory/copy and mutation costs","Reuse Effect Scope for owned handles/children, ChildProcess for selected processes, FileSystem/Path for explicit mutation, Stream only for a real typed event source, Layer for selection and dependency provision, and preserve Cause interruption.","bounded negative / reject for this operation","high","Node SEA docs signing guidance @ b4f23d3"
"node-sea","NODE-SIGN","sign a mutated SEA candidate","inverted-plugin","none supported; not available as a supported provider surface; none; effect-build calls provider. Family: provider owns execution and calls effect-build-controlled hooks/modules","provider pin/license: Node 26.7.0 @ b4f23d3619c98bed09af93a21192f6080197a8c6; MIT; evidence class/support promise: no Node SEA build-time plugin/hook/callback surface found at v26.7.0; effect-build-owned adapter/prototype license: MIT where applicable, otherwise not applicable","would require effect-build to own an unsupported engine/ABI or substitute semantics; operation invariant: caller/platform selects signing identity and credentials","no supported faithful request/result boundary","unproven","unproven; operation invariant: signed private candidate, then caller validation/publication","would require new native/source distribution","unsupported coupling","runtime module loading occurs after artifact startup and is not assembly","invented hooks would require a custom builder/fork","Reuse Effect Scope for owned handles/children, ChildProcess for selected processes, FileSystem/Path for explicit mutation, Stream only for a real typed event source, Layer for selection and dependency provision, and preserve Cause interruption.","bounded negative / reject for this operation","high","Node SEA docs signing guidance @ b4f23d3"
"node-sea","NODE-SIGN","sign a mutated SEA candidate","declarative-artifact","official sea-config plus preparation blob/final resource; selected Node or postject consumes config/blob; final runtime consumes NODE_SEA_BLOB; filesystem JSON and binary resource handoff; effect-build calls provider. Family: stable config, manifest, project, or intermediate artifact handoff","provider pin/license: Node 26.7.0 @ b4f23d3619c98bed09af93a21192f6080197a8c6; MIT; evidence class/support promise: documented Stability-1.1 config/blob/runtime layout; blob encoding itself is not versioned portable schema; effect-build-owned adapter/prototype license: MIT where applicable, otherwise not applicable","config explicitly binds main/base/output/options/assets; resource name/fuse bind legacy injection and runtime; operation invariant: caller/platform selects signing identity and credentials","retains native fields; unknown config fields currently ignored","one-shot config/private blob; durable final executable/resource","private blob and durable runtime resource; final publication remains caller-owned; operation invariant: signed private candidate, then caller validation/publication","ordinary config/blob plus exact Node/base; platform signing after mutation","exact Node version/target/fuse; snapshot/cache host restrictions","config/artifact alone is not the build, injector, or runtime engine; preparation blob is not a cross-version ABI","reduces argv field explosion but requires exact identity/validation","Reuse Effect Scope for owned handles/children, ChildProcess for selected processes, FileSystem/Path for explicit mutation, Stream only for a real typed event source, Layer for selection and dependency provision, and preserve Cause interruption.","bounded negative / reject for this operation","high","Node SEA docs signing guidance @ b4f23d3"
"node-sea","NODE-SIGN","sign a mutated SEA candidate","isolated-worker","none supported; not available as a supported provider surface; none; effect-build calls provider. Family: local/remote isolated worker used specifically for host or fault isolation","provider pin/license: Node 26.7.0 @ b4f23d3619c98bed09af93a21192f6080197a8c6; MIT; evidence class/support promise: remote/local isolation is useful only for target-native signing/launch or a postject sidecar already covered; effect-build-owned adapter/prototype license: MIT where applicable, otherwise not applicable","would require effect-build to own an unsupported engine/ABI or substitute semantics; operation invariant: caller/platform selects signing identity and credentials","no supported faithful request/result boundary","unproven","unproven; operation invariant: signed private candidate, then caller validation/publication","would require new native/source distribution","unsupported coupling","direct Node child already provides fault isolation; remote infrastructure is out of scope","workspace/credentials/signing/outcome protocol burden","Reuse Effect Scope for owned handles/children, ChildProcess for selected processes, FileSystem/Path for explicit mutation, Stream only for a real typed event source, Layer for selection and dependency provision, and preserve Cause interruption.","bounded negative / reject for this operation","high","Node SEA docs signing guidance @ b4f23d3"
"node-sea","NODE-SIGN","sign a mutated SEA candidate","upstream-contribution","future structured SEA builder/blob API; Node-owned library/process; typed function or documented machine protocol; effect-build calls provider. Family: missing supported protocol/library/cancellation/event surface proposed upstream","provider pin/license: Node 26.7.0 @ b4f23d3619c98bed09af93a21192f6080197a8c6; MIT; evidence class/support promise: hypothetical; current internal BuildSingleExecutable is unsupported; effect-build-owned adapter/prototype license: MIT where applicable, otherwise not applicable","should expose builder/base/LIEF/target capabilities; operation invariant: caller/platform selects signing identity and credentials","all config fields with schema validation and typed errors","cancellation or bytes-returning ownership would remove outcome-unknown writes","prefer injectBytes/buildBytes or explicit private outfile; operation invariant: signed private candidate, then caller validation/publication","official Node releases/libnode if supported","versioned schema/API/ABI","not usable now","moves internal coupling upstream","Reuse Effect Scope for owned handles/children, ChildProcess for selected processes, FileSystem/Path for explicit mutation, Stream only for a real typed event source, Layer for selection and dependency provision, and preserve Cause interruption.","bounded negative / reject for this operation","high","Node SEA docs signing guidance @ b4f23d3"
"node-sea","NODE-MAIN-ASSETS","main/assets ingestion","direct-host-api","node:sea runtime functions; inside produced SEA artifact at runtime; direct built-in calls; effect-build calls provider. Family: official function, callback, or scoped handle in the provider's supported host","provider pin/license: Node 26.7.0 @ b4f23d3619c98bed09af93a21192f6080197a8c6; MIT; evidence class/support promise: documented public experimental Node 26.7.0 runtime API, Stability 1.1, MIT; effect-build-owned adapter/prototype license: MIT where applicable, otherwise not applicable","built artifact/base determines runtime","asset keys/bytes/borrowed raw asset memory","artifact process lifetime","copies/blobs or borrowed executable memory","inside exact SEA runtime","Node SEA runtime contract","no supported JS assembly function exists","no build adapter impact","Reuse Effect Scope for owned handles/children, ChildProcess for selected processes, FileSystem/Path for explicit mutation, Stream only for a real typed event source, Layer for selection and dependency provision, and preserve Cause interruption.","bounded negative / reject for this operation","high","Node SEA docs and node_sea.cc:723-792 @ b4f23d3"
"node-sea","NODE-MAIN-ASSETS","main/assets ingestion","selected-command","SEA config plus command; selected exact Node child running native LIEF builder/blob generator; argv, JSON config, terminal streams, filesystem; effect-build calls provider. Family: one-shot or scoped provider command with native argv/project/process semantics","provider pin/license: Node 26.7.0 @ b4f23d3619c98bed09af93a21192f6080197a8c6; MIT; evidence class/support promise: documented public experimental Node 26.7.0 SEA surface, Stability 1.1, MIT; effect-build-owned adapter/prototype license: MIT where applicable, otherwise not applicable","explicit selected builder/base/cwd/config/target; current effect-build intentionally uses same selected path for builder and base","native main/assets/snapshot/cache/args fields; terminal failures are not typed","one-shot scoped child; provider directly truncates/writes private candidate","private blob or executable; effect-build validates and atomically publishes final candidate","exact Node binary with LIEF per target; post-mutation signing may be required","exact builder/base version, target and snapshot/cache restrictions","preferred direct and legacy-blob mechanism","smallest supported direct route; Effect staging removes Node writer's unsafe destination mutation","Reuse Effect Scope for owned handles/children, ChildProcess for selected processes, FileSystem/Path for explicit mutation, Stream only for a real typed event source, Layer for selection and dependency provision, and preserve Cause interruption.","viable now","high","Node SEA docs and node_sea.cc:723-792 @ b4f23d3"
"node-sea","NODE-MAIN-ASSETS","main/assets ingestion","official-language-library","none supported; not available as a supported provider surface; none; effect-build calls provider. Family: official Go or Rust library API outside the TypeScript host","provider pin/license: Node 26.7.0 @ b4f23d3619c98bed09af93a21192f6080197a8c6; MIT; evidence class/support promise: no supported official Node SEA library API found at v26.7.0; public C++ embedder is a distinct runtime product; effect-build-owned adapter/prototype license: MIT where applicable, otherwise not applicable","would require effect-build to own an unsupported engine/ABI or substitute semantics","no supported faithful request/result boundary","unproven","unproven","would require new native/source distribution","unsupported coupling","cannot assemble/inject SEA through an official language library","would require Node internal linkage or another injector","Reuse Effect Scope for owned handles/children, ChildProcess for selected processes, FileSystem/Path for explicit mutation, Stream only for a real typed event source, Layer for selection and dependency provision, and preserve Cause interruption.","bounded negative / reject for this operation","high","Node SEA docs and node_sea.cc:723-792 @ b4f23d3"
"node-sea","NODE-MAIN-ASSETS","main/assets ingestion","native-bridge","postject.inject Promise API; same Node isolate plus bundled LIEF/Emscripten Wasm; direct JS/Wasm calls and filesystem paths; effect-build calls provider. Family: supported or owned C/C++/N-API/FFI bridge","provider pin/license: Node 26.7.0 @ b4f23d3619c98bed09af93a21192f6080197a8c6; MIT; evidence class/support promise: supported external nodejs/postject 1.0.0-alpha.6, MIT; LIEF Apache-2.0; prerelease/no declarations; effect-build-owned adapter/prototype license: MIT where applicable, otherwise not applicable","package selects injector/LIEF independently; caller selects base/blob/resource/fuse","Buffer blob and options; structured Error only, no AbortSignal","one-shot Promise; interruption cannot stop Wasm or later write","whole executable rebuilt and mutated in place; copies across JS/C++/Wasm","Node package/Wasm; independently certify every format/Node/LIEF combination","alpha API and Node SEA resource/fuse; postject LIEF 0.13 differs from Node 26.7 LIEF 0.17","does not generate direct SEA/blob and is not a C ABI for Node SEA","adds injector/version/LIEF/mutation axis","Reuse Effect Scope for owned handles/children, ChildProcess for selected processes, FileSystem/Path for explicit mutation, Stream only for a real typed event source, Layer for selection and dependency provision, and preserve Cause interruption.","bounded negative / reject for this operation","medium-high","Node SEA docs and node_sea.cc:723-792 @ b4f23d3"
"node-sea","NODE-MAIN-ASSETS","main/assets ingestion","embedded-engine","none supported; not available as a supported provider surface; none; effect-build calls provider. Family: linked or vendored upstream compiler/runtime core","provider pin/license: Node 26.7.0 @ b4f23d3619c98bed09af93a21192f6080197a8c6; MIT; evidence class/support promise: Node C++ embedder/snapshot APIs are public but do not produce SEA; node::sea assembly symbols are internal under NODE_WANT_INTERNALS; effect-build-owned adapter/prototype license: MIT where applicable, otherwise not applicable","would require effect-build to own an unsupported engine/ABI or substitute semantics","no supported faithful request/result boundary","unproven","unproven","would require new native/source distribution","unsupported coupling","generic embedded Node or snapshot lacks NODE_SEA_BLOB/fuse/node:sea semantics","building/distributing Node,V8,libuv,OpenSSL,ICU,LIEF per target and exact ABI/source lockstep","Reuse Effect Scope for owned handles/children, ChildProcess for selected processes, FileSystem/Path for explicit mutation, Stream only for a real typed event source, Layer for selection and dependency provision, and preserve Cause interruption.","bounded negative / reject for this operation","high","Node SEA docs and node_sea.cc:723-792 @ b4f23d3"
"node-sea","NODE-MAIN-ASSETS","main/assets ingestion","runtime-hosted-sidecar","framed injection request; selected Node child calls pinned postject API; owned RPC plus filesystem; effect-build calls provider. Family: provider-native public API behind an effect-build-owned framed protocol","provider pin/license: Node 26.7.0 @ b4f23d3619c98bed09af93a21192f6080197a8c6; MIT; evidence class/support promise: bounded effect-build adapter over third-party alpha API; effect-build-owned adapter/prototype license: MIT where applicable, otherwise not applicable","effect-build selects Node/postject/protocol; request selects private candidate/blob","serializable paths/bytes/options; machine failure envelope","one-shot process can be killed for fault isolation; crash during write yields outcome unknown on private candidate","private candidate mutation followed by caller validation/publication","Node+postject server per platform","Node/postject/capability handshake","wrapping node --build-sea is merely CLI RPC and a daemon has no reusable engine","protocol/cold Node+Wasm/copy/crash states","Reuse Effect Scope for owned handles/children, ChildProcess for selected processes, FileSystem/Path for explicit mutation, Stream only for a real typed event source, Layer for selection and dependency provision, and preserve Cause interruption.","bounded negative / reject for this operation","medium","Node SEA docs and node_sea.cc:723-792 @ b4f23d3"
"node-sea","NODE-MAIN-ASSETS","main/assets ingestion","persistent-session","none supported; not available as a supported provider surface; none; effect-build calls provider. Family: versioned daemon/service session with lifetime-bound handles","provider pin/license: Node 26.7.0 @ b4f23d3619c98bed09af93a21192f6080197a8c6; MIT; evidence class/support promise: postject creates its Wasm module per call and Node SEA exposes no reusable assembly context; effect-build-owned adapter/prototype license: MIT where applicable, otherwise not applicable","would require effect-build to own an unsupported engine/ABI or substitute semantics","no supported faithful request/result boundary","unproven","unproven","would require new native/source distribution","unsupported coupling","no reusable provider state to amortize; direct builder is one-shot","adds stale handles/backpressure/restart/idle memory without semantic gain","Reuse Effect Scope for owned handles/children, ChildProcess for selected processes, FileSystem/Path for explicit mutation, Stream only for a real typed event source, Layer for selection and dependency provision, and preserve Cause interruption.","bounded negative / reject for this operation","high","Node SEA docs and node_sea.cc:723-792 @ b4f23d3"
"node-sea","NODE-MAIN-ASSETS","main/assets ingestion","wasm-worker","postject JS API backed by Wasm; Node process Emscripten/LIEF Wasm; JS buffers/filesystem into Wasm; effect-build calls provider. Family: supported WebAssembly, WASI, or provider worker boundary","provider pin/license: Node 26.7.0 @ b4f23d3619c98bed09af93a21192f6080197a8c6; MIT; evidence class/support promise: supported only as part of postject alpha.6 Node package; no browser/WASI standalone builder found; effect-build-owned adapter/prototype license: MIT where applicable, otherwise not applicable","postject package internally selects Wasm/LIEF; effect-build cannot select it independently","blob/base buffers copied; Node fs/path/Buffer required","one-shot module/no cancel","in-place file mutation","Node-only supported wrapper, 256MiB initial/4GiB max Wasm memory configuration","alpha package and exact SEA resource contract","not an independently callable browser/WASI/worker or direct SEA engine","large memory/copy and mutation costs","Reuse Effect Scope for owned handles/children, ChildProcess for selected processes, FileSystem/Path for explicit mutation, Stream only for a real typed event source, Layer for selection and dependency provision, and preserve Cause interruption.","bounded negative / reject for this operation","high","Node SEA docs and node_sea.cc:723-792 @ b4f23d3"
"node-sea","NODE-MAIN-ASSETS","main/assets ingestion","inverted-plugin","none supported; not available as a supported provider surface; none; effect-build calls provider. Family: provider owns execution and calls effect-build-controlled hooks/modules","provider pin/license: Node 26.7.0 @ b4f23d3619c98bed09af93a21192f6080197a8c6; MIT; evidence class/support promise: no Node SEA build-time plugin/hook/callback surface found at v26.7.0; effect-build-owned adapter/prototype license: MIT where applicable, otherwise not applicable","would require effect-build to own an unsupported engine/ABI or substitute semantics","no supported faithful request/result boundary","unproven","unproven","would require new native/source distribution","unsupported coupling","runtime module loading occurs after artifact startup and is not assembly","invented hooks would require a custom builder/fork","Reuse Effect Scope for owned handles/children, ChildProcess for selected processes, FileSystem/Path for explicit mutation, Stream only for a real typed event source, Layer for selection and dependency provision, and preserve Cause interruption.","bounded negative / reject for this operation","high","Node SEA docs and node_sea.cc:723-792 @ b4f23d3"
"node-sea","NODE-MAIN-ASSETS","main/assets ingestion","declarative-artifact","official sea-config plus preparation blob/final resource; selected Node or postject consumes config/blob; final runtime consumes NODE_SEA_BLOB; filesystem JSON and binary resource handoff; effect-build calls provider. Family: stable config, manifest, project, or intermediate artifact handoff","provider pin/license: Node 26.7.0 @ b4f23d3619c98bed09af93a21192f6080197a8c6; MIT; evidence class/support promise: documented Stability-1.1 config/blob/runtime layout; blob encoding itself is not versioned portable schema; effect-build-owned adapter/prototype license: MIT where applicable, otherwise not applicable","config explicitly binds main/base/output/options/assets; resource name/fuse bind legacy injection and runtime","retains native fields; unknown config fields currently ignored","one-shot config/private blob; durable final executable/resource","private blob and durable runtime resource; final publication remains caller-owned","ordinary config/blob plus exact Node/base; platform signing after mutation","exact Node version/target/fuse; snapshot/cache host restrictions","required declarative adjunct to selected Node, postject injection, and the final node:sea runtime","reduces argv field explosion but requires exact identity/validation","Reuse Effect Scope for owned handles/children, ChildProcess for selected processes, FileSystem/Path for explicit mutation, Stream only for a real typed event source, Layer for selection and dependency provision, and preserve Cause interruption.","viable now as an adjunct to the selected primary route; adjunct only, not a standalone route","high","Node SEA docs and node_sea.cc:723-792 @ b4f23d3"
"node-sea","NODE-MAIN-ASSETS","main/assets ingestion","isolated-worker","none supported; not available as a supported provider surface; none; effect-build calls provider. Family: local/remote isolated worker used specifically for host or fault isolation","provider pin/license: Node 26.7.0 @ b4f23d3619c98bed09af93a21192f6080197a8c6; MIT; evidence class/support promise: remote/local isolation is useful only for target-native signing/launch or a postject sidecar already covered; effect-build-owned adapter/prototype license: MIT where applicable, otherwise not applicable","would require effect-build to own an unsupported engine/ABI or substitute semantics","no supported faithful request/result boundary","unproven","unproven","would require new native/source distribution","unsupported coupling","direct Node child already provides fault isolation; remote infrastructure is out of scope","workspace/credentials/signing/outcome protocol burden","Reuse Effect Scope for owned handles/children, ChildProcess for selected processes, FileSystem/Path for explicit mutation, Stream only for a real typed event source, Layer for selection and dependency provision, and preserve Cause interruption.","bounded negative / reject for this operation","high","Node SEA docs and node_sea.cc:723-792 @ b4f23d3"
"node-sea","NODE-MAIN-ASSETS","main/assets ingestion","upstream-contribution","future structured SEA builder/blob API; Node-owned library/process; typed function or documented machine protocol; effect-build calls provider. Family: missing supported protocol/library/cancellation/event surface proposed upstream","provider pin/license: Node 26.7.0 @ b4f23d3619c98bed09af93a21192f6080197a8c6; MIT; evidence class/support promise: hypothetical; current internal BuildSingleExecutable is unsupported; effect-build-owned adapter/prototype license: MIT where applicable, otherwise not applicable","should expose builder/base/LIEF/target capabilities","all config fields with schema validation and typed errors","cancellation or bytes-returning ownership would remove outcome-unknown writes","prefer injectBytes/buildBytes or explicit private outfile","official Node releases/libnode if supported","versioned schema/API/ABI","would reopen direct programmatic assembly","moves internal coupling upstream","Reuse Effect Scope for owned handles/children, ChildProcess for selected processes, FileSystem/Path for explicit mutation, Stream only for a real typed event source, Layer for selection and dependency provision, and preserve Cause interruption.","upstream-dependent","high","Node SEA docs and node_sea.cc:723-792 @ b4f23d3"
"node-sea","NODE-SNAPSHOT-CACHE-ARGS","code cache, snapshot, exec arguments","direct-host-api","node:sea runtime functions; inside produced SEA artifact at runtime; direct built-in calls; effect-build calls provider. Family: official function, callback, or scoped handle in the provider's supported host","provider pin/license: Node 26.7.0 @ b4f23d3619c98bed09af93a21192f6080197a8c6; MIT; evidence class/support promise: documented public experimental Node 26.7.0 runtime API, Stability 1.1, MIT; effect-build-owned adapter/prototype license: MIT where applicable, otherwise not applicable","built artifact/base determines runtime","asset keys/bytes/borrowed raw asset memory","artifact process lifetime","copies/blobs or borrowed executable memory","inside exact SEA runtime","Node SEA runtime contract","no supported JS assembly function exists","no build adapter impact","Reuse Effect Scope for owned handles/children, ChildProcess for selected processes, FileSystem/Path for explicit mutation, Stream only for a real typed event source, Layer for selection and dependency provision, and preserve Cause interruption.","bounded negative / reject for this operation","high","Node SEA docs:21-137 and node_sea.cc @ b4f23d3"
"node-sea","NODE-SNAPSHOT-CACHE-ARGS","code cache, snapshot, exec arguments","selected-command","SEA config plus command; selected exact Node child running native LIEF builder/blob generator; argv, JSON config, terminal streams, filesystem; effect-build calls provider. Family: one-shot or scoped provider command with native argv/project/process semantics","provider pin/license: Node 26.7.0 @ b4f23d3619c98bed09af93a21192f6080197a8c6; MIT; evidence class/support promise: documented public experimental Node 26.7.0 SEA surface, Stability 1.1, MIT; effect-build-owned adapter/prototype license: MIT where applicable, otherwise not applicable","explicit selected builder/base/cwd/config/target; current effect-build intentionally uses same selected path for builder and base","native main/assets/snapshot/cache/args fields; terminal failures are not typed","one-shot scoped child; provider directly truncates/writes private candidate","private blob or executable; effect-build validates and atomically publishes final candidate","exact Node binary with LIEF per target; post-mutation signing may be required","exact builder/base version, target and snapshot/cache restrictions","preferred direct and legacy-blob mechanism","smallest supported direct route; Effect staging removes Node writer's unsafe destination mutation","Reuse Effect Scope for owned handles/children, ChildProcess for selected processes, FileSystem/Path for explicit mutation, Stream only for a real typed event source, Layer for selection and dependency provision, and preserve Cause interruption.","viable now","high","Node SEA docs:21-137 and node_sea.cc @ b4f23d3"
"node-sea","NODE-SNAPSHOT-CACHE-ARGS","code cache, snapshot, exec arguments","official-language-library","none supported; not available as a supported provider surface; none; effect-build calls provider. Family: official Go or Rust library API outside the TypeScript host","provider pin/license: Node 26.7.0 @ b4f23d3619c98bed09af93a21192f6080197a8c6; MIT; evidence class/support promise: no supported official Node SEA library API found at v26.7.0; public C++ embedder is a distinct runtime product; effect-build-owned adapter/prototype license: MIT where applicable, otherwise not applicable","would require effect-build to own an unsupported engine/ABI or substitute semantics","no supported faithful request/result boundary","unproven","unproven","would require new native/source distribution","unsupported coupling","cannot assemble/inject SEA through an official language library","would require Node internal linkage or another injector","Reuse Effect Scope for owned handles/children, ChildProcess for selected processes, FileSystem/Path for explicit mutation, Stream only for a real typed event source, Layer for selection and dependency provision, and preserve Cause interruption.","bounded negative / reject for this operation","high","Node SEA docs:21-137 and node_sea.cc @ b4f23d3"
"node-sea","NODE-SNAPSHOT-CACHE-ARGS","code cache, snapshot, exec arguments","native-bridge","postject.inject Promise API; same Node isolate plus bundled LIEF/Emscripten Wasm; direct JS/Wasm calls and filesystem paths; effect-build calls provider. Family: supported or owned C/C++/N-API/FFI bridge","provider pin/license: Node 26.7.0 @ b4f23d3619c98bed09af93a21192f6080197a8c6; MIT; evidence class/support promise: supported external nodejs/postject 1.0.0-alpha.6, MIT; LIEF Apache-2.0; prerelease/no declarations; effect-build-owned adapter/prototype license: MIT where applicable, otherwise not applicable","package selects injector/LIEF independently; caller selects base/blob/resource/fuse","Buffer blob and options; structured Error only, no AbortSignal","one-shot Promise; interruption cannot stop Wasm or later write","whole executable rebuilt and mutated in place; copies across JS/C++/Wasm","Node package/Wasm; independently certify every format/Node/LIEF combination","alpha API and Node SEA resource/fuse; postject LIEF 0.13 differs from Node 26.7 LIEF 0.17","does not generate direct SEA/blob and is not a C ABI for Node SEA","adds injector/version/LIEF/mutation axis","Reuse Effect Scope for owned handles/children, ChildProcess for selected processes, FileSystem/Path for explicit mutation, Stream only for a real typed event source, Layer for selection and dependency provision, and preserve Cause interruption.","bounded negative / reject for this operation","medium-high","Node SEA docs:21-137 and node_sea.cc @ b4f23d3"
"node-sea","NODE-SNAPSHOT-CACHE-ARGS","code cache, snapshot, exec arguments","embedded-engine","none supported; not available as a supported provider surface; none; effect-build calls provider. Family: linked or vendored upstream compiler/runtime core","provider pin/license: Node 26.7.0 @ b4f23d3619c98bed09af93a21192f6080197a8c6; MIT; evidence class/support promise: Node C++ embedder/snapshot APIs are public but do not produce SEA; node::sea assembly symbols are internal under NODE_WANT_INTERNALS; effect-build-owned adapter/prototype license: MIT where applicable, otherwise not applicable","would require effect-build to own an unsupported engine/ABI or substitute semantics","no supported faithful request/result boundary","unproven","unproven","would require new native/source distribution","unsupported coupling","generic embedded Node or snapshot lacks NODE_SEA_BLOB/fuse/node:sea semantics","building/distributing Node,V8,libuv,OpenSSL,ICU,LIEF per target and exact ABI/source lockstep","Reuse Effect Scope for owned handles/children, ChildProcess for selected processes, FileSystem/Path for explicit mutation, Stream only for a real typed event source, Layer for selection and dependency provision, and preserve Cause interruption.","bounded negative / reject for this operation","high","Node SEA docs:21-137 and node_sea.cc @ b4f23d3"
"node-sea","NODE-SNAPSHOT-CACHE-ARGS","code cache, snapshot, exec arguments","runtime-hosted-sidecar","framed injection request; selected Node child calls pinned postject API; owned RPC plus filesystem; effect-build calls provider. Family: provider-native public API behind an effect-build-owned framed protocol","provider pin/license: Node 26.7.0 @ b4f23d3619c98bed09af93a21192f6080197a8c6; MIT; evidence class/support promise: bounded effect-build adapter over third-party alpha API; effect-build-owned adapter/prototype license: MIT where applicable, otherwise not applicable","effect-build selects Node/postject/protocol; request selects private candidate/blob","serializable paths/bytes/options; machine failure envelope","one-shot process can be killed for fault isolation; crash during write yields outcome unknown on private candidate","private candidate mutation followed by caller validation/publication","Node+postject server per platform","Node/postject/capability handshake","wrapping node --build-sea is merely CLI RPC and a daemon has no reusable engine","protocol/cold Node+Wasm/copy/crash states","Reuse Effect Scope for owned handles/children, ChildProcess for selected processes, FileSystem/Path for explicit mutation, Stream only for a real typed event source, Layer for selection and dependency provision, and preserve Cause interruption.","bounded negative / reject for this operation","medium","Node SEA docs:21-137 and node_sea.cc @ b4f23d3"
"node-sea","NODE-SNAPSHOT-CACHE-ARGS","code cache, snapshot, exec arguments","persistent-session","none supported; not available as a supported provider surface; none; effect-build calls provider. Family: versioned daemon/service session with lifetime-bound handles","provider pin/license: Node 26.7.0 @ b4f23d3619c98bed09af93a21192f6080197a8c6; MIT; evidence class/support promise: postject creates its Wasm module per call and Node SEA exposes no reusable assembly context; effect-build-owned adapter/prototype license: MIT where applicable, otherwise not applicable","would require effect-build to own an unsupported engine/ABI or substitute semantics","no supported faithful request/result boundary","unproven","unproven","would require new native/source distribution","unsupported coupling","no reusable provider state to amortize; direct builder is one-shot","adds stale handles/backpressure/restart/idle memory without semantic gain","Reuse Effect Scope for owned handles/children, ChildProcess for selected processes, FileSystem/Path for explicit mutation, Stream only for a real typed event source, Layer for selection and dependency provision, and preserve Cause interruption.","bounded negative / reject for this operation","high","Node SEA docs:21-137 and node_sea.cc @ b4f23d3"
"node-sea","NODE-SNAPSHOT-CACHE-ARGS","code cache, snapshot, exec arguments","wasm-worker","postject JS API backed by Wasm; Node process Emscripten/LIEF Wasm; JS buffers/filesystem into Wasm; effect-build calls provider. Family: supported WebAssembly, WASI, or provider worker boundary","provider pin/license: Node 26.7.0 @ b4f23d3619c98bed09af93a21192f6080197a8c6; MIT; evidence class/support promise: supported only as part of postject alpha.6 Node package; no browser/WASI standalone builder found; effect-build-owned adapter/prototype license: MIT where applicable, otherwise not applicable","postject package internally selects Wasm/LIEF; effect-build cannot select it independently","blob/base buffers copied; Node fs/path/Buffer required","one-shot module/no cancel","in-place file mutation","Node-only supported wrapper, 256MiB initial/4GiB max Wasm memory configuration","alpha package and exact SEA resource contract","not an independently callable browser/WASI/worker or direct SEA engine","large memory/copy and mutation costs","Reuse Effect Scope for owned handles/children, ChildProcess for selected processes, FileSystem/Path for explicit mutation, Stream only for a real typed event source, Layer for selection and dependency provision, and preserve Cause interruption.","bounded negative / reject for this operation","high","Node SEA docs:21-137 and node_sea.cc @ b4f23d3"
"node-sea","NODE-SNAPSHOT-CACHE-ARGS","code cache, snapshot, exec arguments","inverted-plugin","none supported; not available as a supported provider surface; none; effect-build calls provider. Family: provider owns execution and calls effect-build-controlled hooks/modules","provider pin/license: Node 26.7.0 @ b4f23d3619c98bed09af93a21192f6080197a8c6; MIT; evidence class/support promise: no Node SEA build-time plugin/hook/callback surface found at v26.7.0; effect-build-owned adapter/prototype license: MIT where applicable, otherwise not applicable","would require effect-build to own an unsupported engine/ABI or substitute semantics","no supported faithful request/result boundary","unproven","unproven","would require new native/source distribution","unsupported coupling","runtime module loading occurs after artifact startup and is not assembly","invented hooks would require a custom builder/fork","Reuse Effect Scope for owned handles/children, ChildProcess for selected processes, FileSystem/Path for explicit mutation, Stream only for a real typed event source, Layer for selection and dependency provision, and preserve Cause interruption.","bounded negative / reject for this operation","high","Node SEA docs:21-137 and node_sea.cc @ b4f23d3"
"node-sea","NODE-SNAPSHOT-CACHE-ARGS","code cache, snapshot, exec arguments","declarative-artifact","official sea-config plus preparation blob/final resource; selected Node or postject consumes config/blob; final runtime consumes NODE_SEA_BLOB; filesystem JSON and binary resource handoff; effect-build calls provider. Family: stable config, manifest, project, or intermediate artifact handoff","provider pin/license: Node 26.7.0 @ b4f23d3619c98bed09af93a21192f6080197a8c6; MIT; evidence class/support promise: documented Stability-1.1 config/blob/runtime layout; blob encoding itself is not versioned portable schema; effect-build-owned adapter/prototype license: MIT where applicable, otherwise not applicable","config explicitly binds main/base/output/options/assets; resource name/fuse bind legacy injection and runtime","retains native fields; unknown config fields currently ignored","one-shot config/private blob; durable final executable/resource","private blob and durable runtime resource; final publication remains caller-owned","ordinary config/blob plus exact Node/base; platform signing after mutation","exact Node version/target/fuse; snapshot/cache host restrictions","required declarative adjunct to selected Node, postject injection, and the final node:sea runtime","reduces argv field explosion but requires exact identity/validation","Reuse Effect Scope for owned handles/children, ChildProcess for selected processes, FileSystem/Path for explicit mutation, Stream only for a real typed event source, Layer for selection and dependency provision, and preserve Cause interruption.","viable now as an adjunct to the selected primary route; adjunct only, not a standalone route","high","Node SEA docs:21-137 and node_sea.cc @ b4f23d3"
"node-sea","NODE-SNAPSHOT-CACHE-ARGS","code cache, snapshot, exec arguments","isolated-worker","none supported; not available as a supported provider surface; none; effect-build calls provider. Family: local/remote isolated worker used specifically for host or fault isolation","provider pin/license: Node 26.7.0 @ b4f23d3619c98bed09af93a21192f6080197a8c6; MIT; evidence class/support promise: remote/local isolation is useful only for target-native signing/launch or a postject sidecar already covered; effect-build-owned adapter/prototype license: MIT where applicable, otherwise not applicable","would require effect-build to own an unsupported engine/ABI or substitute semantics","no supported faithful request/result boundary","unproven","unproven","would require new native/source distribution","unsupported coupling","direct Node child already provides fault isolation; remote infrastructure is out of scope","workspace/credentials/signing/outcome protocol burden","Reuse Effect Scope for owned handles/children, ChildProcess for selected processes, FileSystem/Path for explicit mutation, Stream only for a real typed event source, Layer for selection and dependency provision, and preserve Cause interruption.","bounded negative / reject for this operation","high","Node SEA docs:21-137 and node_sea.cc @ b4f23d3"
"node-sea","NODE-SNAPSHOT-CACHE-ARGS","code cache, snapshot, exec arguments","upstream-contribution","future structured SEA builder/blob API; Node-owned library/process; typed function or documented machine protocol; effect-build calls provider. Family: missing supported protocol/library/cancellation/event surface proposed upstream","provider pin/license: Node 26.7.0 @ b4f23d3619c98bed09af93a21192f6080197a8c6; MIT; evidence class/support promise: hypothetical; current internal BuildSingleExecutable is unsupported; effect-build-owned adapter/prototype license: MIT where applicable, otherwise not applicable","should expose builder/base/LIEF/target capabilities","all config fields with schema validation and typed errors","cancellation or bytes-returning ownership would remove outcome-unknown writes","prefer injectBytes/buildBytes or explicit private outfile","official Node releases/libnode if supported","versioned schema/API/ABI","would reopen direct programmatic assembly","moves internal coupling upstream","Reuse Effect Scope for owned handles/children, ChildProcess for selected processes, FileSystem/Path for explicit mutation, Stream only for a real typed event source, Layer for selection and dependency provision, and preserve Cause interruption.","upstream-dependent","high","Node SEA docs:21-137 and node_sea.cc @ b4f23d3"
"node-sea","NODE-RUNTIME-SEA","runtime node:sea asset/identity API","direct-host-api","node:sea runtime functions; inside produced SEA artifact at runtime; direct built-in calls; effect-build calls provider. Family: official function, callback, or scoped handle in the provider's supported host","provider pin/license: Node 26.7.0 @ b4f23d3619c98bed09af93a21192f6080197a8c6; MIT; evidence class/support promise: documented public experimental Node 26.7.0 runtime API, Stability 1.1, MIT; effect-build-owned adapter/prototype license: MIT where applicable, otherwise not applicable","built artifact/base determines runtime","asset keys/bytes/borrowed raw asset memory","artifact process lifetime","copies/blobs or borrowed executable memory","inside exact SEA runtime","Node SEA runtime contract","runtime inspection/assets only","no build adapter impact","Reuse Effect Scope for owned handles/children, ChildProcess for selected processes, FileSystem/Path for explicit mutation, Stream only for a real typed event source, Layer for selection and dependency provision, and preserve Cause interruption.","viable runtime contract","high","Node SEA docs:294-493 @ b4f23d3"
"node-sea","NODE-RUNTIME-SEA","runtime node:sea asset/identity API","selected-command","SEA config plus command; selected exact Node child running native LIEF builder/blob generator; argv, JSON config, terminal streams, filesystem; effect-build calls provider. Family: one-shot or scoped provider command with native argv/project/process semantics","provider pin/license: Node 26.7.0 @ b4f23d3619c98bed09af93a21192f6080197a8c6; MIT; evidence class/support promise: documented public experimental Node 26.7.0 SEA surface, Stability 1.1, MIT; effect-build-owned adapter/prototype license: MIT where applicable, otherwise not applicable","explicit selected builder/base/cwd/config/target; current effect-build intentionally uses same selected path for builder and base","native main/assets/snapshot/cache/args fields; terminal failures are not typed","one-shot scoped child; provider directly truncates/writes private candidate","private blob or executable; effect-build validates and atomically publishes final candidate","exact Node binary with LIEF per target; post-mutation signing may be required","exact builder/base version, target and snapshot/cache restrictions","does not expose programmatic typed assembly or callbacks","smallest supported direct route; Effect staging removes Node writer's unsafe destination mutation","Reuse Effect Scope for owned handles/children, ChildProcess for selected processes, FileSystem/Path for explicit mutation, Stream only for a real typed event source, Layer for selection and dependency provision, and preserve Cause interruption.","bounded negative / reject for this operation","high","Node SEA docs:294-493 @ b4f23d3"
"node-sea","NODE-RUNTIME-SEA","runtime node:sea asset/identity API","official-language-library","none supported; not available as a supported provider surface; none; effect-build calls provider. Family: official Go or Rust library API outside the TypeScript host","provider pin/license: Node 26.7.0 @ b4f23d3619c98bed09af93a21192f6080197a8c6; MIT; evidence class/support promise: no supported official Node SEA library API found at v26.7.0; public C++ embedder is a distinct runtime product; effect-build-owned adapter/prototype license: MIT where applicable, otherwise not applicable","would require effect-build to own an unsupported engine/ABI or substitute semantics","no supported faithful request/result boundary","unproven","unproven","would require new native/source distribution","unsupported coupling","cannot assemble/inject SEA through an official language library","would require Node internal linkage or another injector","Reuse Effect Scope for owned handles/children, ChildProcess for selected processes, FileSystem/Path for explicit mutation, Stream only for a real typed event source, Layer for selection and dependency provision, and preserve Cause interruption.","bounded negative / reject for this operation","high","Node SEA docs:294-493 @ b4f23d3"
"node-sea","NODE-RUNTIME-SEA","runtime node:sea asset/identity API","native-bridge","postject.inject Promise API; same Node isolate plus bundled LIEF/Emscripten Wasm; direct JS/Wasm calls and filesystem paths; effect-build calls provider. Family: supported or owned C/C++/N-API/FFI bridge","provider pin/license: Node 26.7.0 @ b4f23d3619c98bed09af93a21192f6080197a8c6; MIT; evidence class/support promise: supported external nodejs/postject 1.0.0-alpha.6, MIT; LIEF Apache-2.0; prerelease/no declarations; effect-build-owned adapter/prototype license: MIT where applicable, otherwise not applicable","package selects injector/LIEF independently; caller selects base/blob/resource/fuse","Buffer blob and options; structured Error only, no AbortSignal","one-shot Promise; interruption cannot stop Wasm or later write","whole executable rebuilt and mutated in place; copies across JS/C++/Wasm","Node package/Wasm; independently certify every format/Node/LIEF combination","alpha API and Node SEA resource/fuse; postject LIEF 0.13 differs from Node 26.7 LIEF 0.17","does not generate direct SEA/blob and is not a C ABI for Node SEA","adds injector/version/LIEF/mutation axis","Reuse Effect Scope for owned handles/children, ChildProcess for selected processes, FileSystem/Path for explicit mutation, Stream only for a real typed event source, Layer for selection and dependency provision, and preserve Cause interruption.","bounded negative / reject for this operation","medium-high","Node SEA docs:294-493 @ b4f23d3"
"node-sea","NODE-RUNTIME-SEA","runtime node:sea asset/identity API","embedded-engine","none supported; not available as a supported provider surface; none; effect-build calls provider. Family: linked or vendored upstream compiler/runtime core","provider pin/license: Node 26.7.0 @ b4f23d3619c98bed09af93a21192f6080197a8c6; MIT; evidence class/support promise: Node C++ embedder/snapshot APIs are public but do not produce SEA; node::sea assembly symbols are internal under NODE_WANT_INTERNALS; effect-build-owned adapter/prototype license: MIT where applicable, otherwise not applicable","would require effect-build to own an unsupported engine/ABI or substitute semantics","no supported faithful request/result boundary","unproven","unproven","would require new native/source distribution","unsupported coupling","generic embedded Node or snapshot lacks NODE_SEA_BLOB/fuse/node:sea semantics","building/distributing Node,V8,libuv,OpenSSL,ICU,LIEF per target and exact ABI/source lockstep","Reuse Effect Scope for owned handles/children, ChildProcess for selected processes, FileSystem/Path for explicit mutation, Stream only for a real typed event source, Layer for selection and dependency provision, and preserve Cause interruption.","bounded negative / reject for this operation","high","Node SEA docs:294-493 @ b4f23d3"
"node-sea","NODE-RUNTIME-SEA","runtime node:sea asset/identity API","runtime-hosted-sidecar","framed injection request; selected Node child calls pinned postject API; owned RPC plus filesystem; effect-build calls provider. Family: provider-native public API behind an effect-build-owned framed protocol","provider pin/license: Node 26.7.0 @ b4f23d3619c98bed09af93a21192f6080197a8c6; MIT; evidence class/support promise: bounded effect-build adapter over third-party alpha API; effect-build-owned adapter/prototype license: MIT where applicable, otherwise not applicable","effect-build selects Node/postject/protocol; request selects private candidate/blob","serializable paths/bytes/options; machine failure envelope","one-shot process can be killed for fault isolation; crash during write yields outcome unknown on private candidate","private candidate mutation followed by caller validation/publication","Node+postject server per platform","Node/postject/capability handshake","wrapping node --build-sea is merely CLI RPC and a daemon has no reusable engine","protocol/cold Node+Wasm/copy/crash states","Reuse Effect Scope for owned handles/children, ChildProcess for selected processes, FileSystem/Path for explicit mutation, Stream only for a real typed event source, Layer for selection and dependency provision, and preserve Cause interruption.","bounded negative / reject for this operation","medium","Node SEA docs:294-493 @ b4f23d3"
"node-sea","NODE-RUNTIME-SEA","runtime node:sea asset/identity API","persistent-session","none supported; not available as a supported provider surface; none; effect-build calls provider. Family: versioned daemon/service session with lifetime-bound handles","provider pin/license: Node 26.7.0 @ b4f23d3619c98bed09af93a21192f6080197a8c6; MIT; evidence class/support promise: postject creates its Wasm module per call and Node SEA exposes no reusable assembly context; effect-build-owned adapter/prototype license: MIT where applicable, otherwise not applicable","would require effect-build to own an unsupported engine/ABI or substitute semantics","no supported faithful request/result boundary","unproven","unproven","would require new native/source distribution","unsupported coupling","no reusable provider state to amortize; direct builder is one-shot","adds stale handles/backpressure/restart/idle memory without semantic gain","Reuse Effect Scope for owned handles/children, ChildProcess for selected processes, FileSystem/Path for explicit mutation, Stream only for a real typed event source, Layer for selection and dependency provision, and preserve Cause interruption.","bounded negative / reject for this operation","high","Node SEA docs:294-493 @ b4f23d3"
"node-sea","NODE-RUNTIME-SEA","runtime node:sea asset/identity API","wasm-worker","postject JS API backed by Wasm; Node process Emscripten/LIEF Wasm; JS buffers/filesystem into Wasm; effect-build calls provider. Family: supported WebAssembly, WASI, or provider worker boundary","provider pin/license: Node 26.7.0 @ b4f23d3619c98bed09af93a21192f6080197a8c6; MIT; evidence class/support promise: supported only as part of postject alpha.6 Node package; no browser/WASI standalone builder found; effect-build-owned adapter/prototype license: MIT where applicable, otherwise not applicable","postject package internally selects Wasm/LIEF; effect-build cannot select it independently","blob/base buffers copied; Node fs/path/Buffer required","one-shot module/no cancel","in-place file mutation","Node-only supported wrapper, 256MiB initial/4GiB max Wasm memory configuration","alpha package and exact SEA resource contract","not an independently callable browser/WASI/worker or direct SEA engine","large memory/copy and mutation costs","Reuse Effect Scope for owned handles/children, ChildProcess for selected processes, FileSystem/Path for explicit mutation, Stream only for a real typed event source, Layer for selection and dependency provision, and preserve Cause interruption.","bounded negative / reject for this operation","high","Node SEA docs:294-493 @ b4f23d3"
"node-sea","NODE-RUNTIME-SEA","runtime node:sea asset/identity API","inverted-plugin","none supported; not available as a supported provider surface; none; effect-build calls provider. Family: provider owns execution and calls effect-build-controlled hooks/modules","provider pin/license: Node 26.7.0 @ b4f23d3619c98bed09af93a21192f6080197a8c6; MIT; evidence class/support promise: no Node SEA build-time plugin/hook/callback surface found at v26.7.0; effect-build-owned adapter/prototype license: MIT where applicable, otherwise not applicable","would require effect-build to own an unsupported engine/ABI or substitute semantics","no supported faithful request/result boundary","unproven","unproven","would require new native/source distribution","unsupported coupling","runtime module loading occurs after artifact startup and is not assembly","invented hooks would require a custom builder/fork","Reuse Effect Scope for owned handles/children, ChildProcess for selected processes, FileSystem/Path for explicit mutation, Stream only for a real typed event source, Layer for selection and dependency provision, and preserve Cause interruption.","bounded negative / reject for this operation","high","Node SEA docs:294-493 @ b4f23d3"
"node-sea","NODE-RUNTIME-SEA","runtime node:sea asset/identity API","declarative-artifact","official sea-config plus preparation blob/final resource; selected Node or postject consumes config/blob; final runtime consumes NODE_SEA_BLOB; filesystem JSON and binary resource handoff; effect-build calls provider. Family: stable config, manifest, project, or intermediate artifact handoff","provider pin/license: Node 26.7.0 @ b4f23d3619c98bed09af93a21192f6080197a8c6; MIT; evidence class/support promise: documented Stability-1.1 config/blob/runtime layout; blob encoding itself is not versioned portable schema; effect-build-owned adapter/prototype license: MIT where applicable, otherwise not applicable","config explicitly binds main/base/output/options/assets; resource name/fuse bind legacy injection and runtime","retains native fields; unknown config fields currently ignored","one-shot config/private blob; durable final executable/resource","private blob and durable runtime resource; final publication remains caller-owned","ordinary config/blob plus exact Node/base; platform signing after mutation","exact Node version/target/fuse; snapshot/cache host restrictions","required declarative adjunct to selected Node, postject injection, and the final node:sea runtime","reduces argv field explosion but requires exact identity/validation","Reuse Effect Scope for owned handles/children, ChildProcess for selected processes, FileSystem/Path for explicit mutation, Stream only for a real typed event source, Layer for selection and dependency provision, and preserve Cause interruption.","viable now as an adjunct to the selected primary route; adjunct only, not a standalone route","high","Node SEA docs:294-493 @ b4f23d3"
"node-sea","NODE-RUNTIME-SEA","runtime node:sea asset/identity API","isolated-worker","none supported; not available as a supported provider surface; none; effect-build calls provider. Family: local/remote isolated worker used specifically for host or fault isolation","provider pin/license: Node 26.7.0 @ b4f23d3619c98bed09af93a21192f6080197a8c6; MIT; evidence class/support promise: remote/local isolation is useful only for target-native signing/launch or a postject sidecar already covered; effect-build-owned adapter/prototype license: MIT where applicable, otherwise not applicable","would require effect-build to own an unsupported engine/ABI or substitute semantics","no supported faithful request/result boundary","unproven","unproven","would require new native/source distribution","unsupported coupling","direct Node child already provides fault isolation; remote infrastructure is out of scope","workspace/credentials/signing/outcome protocol burden","Reuse Effect Scope for owned handles/children, ChildProcess for selected processes, FileSystem/Path for explicit mutation, Stream only for a real typed event source, Layer for selection and dependency provision, and preserve Cause interruption.","bounded negative / reject for this operation","high","Node SEA docs:294-493 @ b4f23d3"
"node-sea","NODE-RUNTIME-SEA","runtime node:sea asset/identity API","upstream-contribution","future structured SEA builder/blob API; Node-owned library/process; typed function or documented machine protocol; effect-build calls provider. Family: missing supported protocol/library/cancellation/event surface proposed upstream","provider pin/license: Node 26.7.0 @ b4f23d3619c98bed09af93a21192f6080197a8c6; MIT; evidence class/support promise: hypothetical; current internal BuildSingleExecutable is unsupported; effect-build-owned adapter/prototype license: MIT where applicable, otherwise not applicable","should expose builder/base/LIEF/target capabilities","all config fields with schema validation and typed errors","cancellation or bytes-returning ownership would remove outcome-unknown writes","prefer injectBytes/buildBytes or explicit private outfile","official Node releases/libnode if supported","versioned schema/API/ABI","not usable now","moves internal coupling upstream","Reuse Effect Scope for owned handles/children, ChildProcess for selected processes, FileSystem/Path for explicit mutation, Stream only for a real typed event source, Layer for selection and dependency provision, and preserve Cause interruption.","bounded negative / reject for this operation","high","Node SEA docs:294-493 @ b4f23d3"
"node-sea","NODE-EMBEDDER-SNAPSHOT","C++ embedder and generic snapshot products","direct-host-api","node:sea runtime functions; inside produced SEA artifact at runtime; direct built-in calls; effect-build calls provider. Family: official function, callback, or scoped handle in the provider's supported host","provider pin/license: Node 26.7.0 @ b4f23d3619c98bed09af93a21192f6080197a8c6; MIT; evidence class/support promise: documented public experimental Node 26.7.0 runtime API, Stability 1.1, MIT; effect-build-owned adapter/prototype license: MIT where applicable, otherwise not applicable","built artifact/base determines runtime","asset keys/bytes/borrowed raw asset memory","artifact process lifetime","copies/blobs or borrowed executable memory","inside exact SEA runtime","Node SEA runtime contract","no supported JS assembly function exists","no build adapter impact","Reuse Effect Scope for owned handles/children, ChildProcess for selected processes, FileSystem/Path for explicit mutation, Stream only for a real typed event source, Layer for selection and dependency provision, and preserve Cause interruption.","bounded negative / reject for this operation","high","Node embedding docs and node.h:460-484,946-994 @ b4f23d3"
"node-sea","NODE-EMBEDDER-SNAPSHOT","C++ embedder and generic snapshot products","selected-command","SEA config plus command; selected exact Node child running native LIEF builder/blob generator; argv, JSON config, terminal streams, filesystem; effect-build calls provider. Family: one-shot or scoped provider command with native argv/project/process semantics","provider pin/license: Node 26.7.0 @ b4f23d3619c98bed09af93a21192f6080197a8c6; MIT; evidence class/support promise: documented public experimental Node 26.7.0 SEA surface, Stability 1.1, MIT; effect-build-owned adapter/prototype license: MIT where applicable, otherwise not applicable","explicit selected builder/base/cwd/config/target; current effect-build intentionally uses same selected path for builder and base","native main/assets/snapshot/cache/args fields; terminal failures are not typed","one-shot scoped child; provider directly truncates/writes private candidate","private blob or executable; effect-build validates and atomically publishes final candidate","exact Node binary with LIEF per target; post-mutation signing may be required","exact builder/base version, target and snapshot/cache restrictions","does not expose programmatic typed assembly or callbacks","smallest supported direct route; Effect staging removes Node writer's unsafe destination mutation","Reuse Effect Scope for owned handles/children, ChildProcess for selected processes, FileSystem/Path for explicit mutation, Stream only for a real typed event source, Layer for selection and dependency provision, and preserve Cause interruption.","bounded negative / reject for this operation","high","Node embedding docs and node.h:460-484,946-994 @ b4f23d3"
"node-sea","NODE-EMBEDDER-SNAPSHOT","C++ embedder and generic snapshot products","official-language-library","none supported; not available as a supported provider surface; none; effect-build calls provider. Family: official Go or Rust library API outside the TypeScript host","provider pin/license: Node 26.7.0 @ b4f23d3619c98bed09af93a21192f6080197a8c6; MIT; evidence class/support promise: no supported official Node SEA library API found at v26.7.0; public C++ embedder is a distinct runtime product; effect-build-owned adapter/prototype license: MIT where applicable, otherwise not applicable","would require effect-build to own an unsupported engine/ABI or substitute semantics","no supported faithful request/result boundary","unproven","unproven","would require new native/source distribution","unsupported coupling","cannot assemble/inject SEA through an official language library","would require Node internal linkage or another injector","Reuse Effect Scope for owned handles/children, ChildProcess for selected processes, FileSystem/Path for explicit mutation, Stream only for a real typed event source, Layer for selection and dependency provision, and preserve Cause interruption.","bounded negative / reject for this operation","high","Node embedding docs and node.h:460-484,946-994 @ b4f23d3"
"node-sea","NODE-EMBEDDER-SNAPSHOT","C++ embedder and generic snapshot products","native-bridge","postject.inject Promise API; same Node isolate plus bundled LIEF/Emscripten Wasm; direct JS/Wasm calls and filesystem paths; effect-build calls provider. Family: supported or owned C/C++/N-API/FFI bridge","provider pin/license: Node 26.7.0 @ b4f23d3619c98bed09af93a21192f6080197a8c6; MIT; evidence class/support promise: supported external nodejs/postject 1.0.0-alpha.6, MIT; LIEF Apache-2.0; prerelease/no declarations; effect-build-owned adapter/prototype license: MIT where applicable, otherwise not applicable","package selects injector/LIEF independently; caller selects base/blob/resource/fuse","Buffer blob and options; structured Error only, no AbortSignal","one-shot Promise; interruption cannot stop Wasm or later write","whole executable rebuilt and mutated in place; copies across JS/C++/Wasm","Node package/Wasm; independently certify every format/Node/LIEF combination","alpha API and Node SEA resource/fuse; postject LIEF 0.13 differs from Node 26.7 LIEF 0.17","does not generate direct SEA/blob and is not a C ABI for Node SEA","adds injector/version/LIEF/mutation axis","Reuse Effect Scope for owned handles/children, ChildProcess for selected processes, FileSystem/Path for explicit mutation, Stream only for a real typed event source, Layer for selection and dependency provision, and preserve Cause interruption.","bounded negative / reject for this operation","medium-high","Node embedding docs and node.h:460-484,946-994 @ b4f23d3"
"node-sea","NODE-EMBEDDER-SNAPSHOT","C++ embedder and generic snapshot products","embedded-engine","none supported; not available as a supported provider surface; none; effect-build calls provider. Family: linked or vendored upstream compiler/runtime core","provider pin/license: Node 26.7.0 @ b4f23d3619c98bed09af93a21192f6080197a8c6; MIT; evidence class/support promise: Node C++ embedder/snapshot APIs are public but do not produce SEA; node::sea assembly symbols are internal under NODE_WANT_INTERNALS; effect-build-owned adapter/prototype license: MIT where applicable, otherwise not applicable","would require effect-build to own an unsupported engine/ABI or substitute semantics","no supported faithful request/result boundary","unproven","unproven","would require new native/source distribution","unsupported coupling","generic embedded Node or snapshot lacks NODE_SEA_BLOB/fuse/node:sea semantics","building/distributing Node,V8,libuv,OpenSSL,ICU,LIEF per target and exact ABI/source lockstep","Reuse Effect Scope for owned handles/children, ChildProcess for selected processes, FileSystem/Path for explicit mutation, Stream only for a real typed event source, Layer for selection and dependency provision, and preserve Cause interruption.","bounded negative / reject for this operation","high","Node embedding docs and node.h:460-484,946-994 @ b4f23d3"
"node-sea","NODE-EMBEDDER-SNAPSHOT","C++ embedder and generic snapshot products","runtime-hosted-sidecar","framed injection request; selected Node child calls pinned postject API; owned RPC plus filesystem; effect-build calls provider. Family: provider-native public API behind an effect-build-owned framed protocol","provider pin/license: Node 26.7.0 @ b4f23d3619c98bed09af93a21192f6080197a8c6; MIT; evidence class/support promise: bounded effect-build adapter over third-party alpha API; effect-build-owned adapter/prototype license: MIT where applicable, otherwise not applicable","effect-build selects Node/postject/protocol; request selects private candidate/blob","serializable paths/bytes/options; machine failure envelope","one-shot process can be killed for fault isolation; crash during write yields outcome unknown on private candidate","private candidate mutation followed by caller validation/publication","Node+postject server per platform","Node/postject/capability handshake","wrapping node --build-sea is merely CLI RPC and a daemon has no reusable engine","protocol/cold Node+Wasm/copy/crash states","Reuse Effect Scope for owned handles/children, ChildProcess for selected processes, FileSystem/Path for explicit mutation, Stream only for a real typed event source, Layer for selection and dependency provision, and preserve Cause interruption.","bounded negative / reject for this operation","medium","Node embedding docs and node.h:460-484,946-994 @ b4f23d3"
"node-sea","NODE-EMBEDDER-SNAPSHOT","C++ embedder and generic snapshot products","persistent-session","none supported; not available as a supported provider surface; none; effect-build calls provider. Family: versioned daemon/service session with lifetime-bound handles","provider pin/license: Node 26.7.0 @ b4f23d3619c98bed09af93a21192f6080197a8c6; MIT; evidence class/support promise: postject creates its Wasm module per call and Node SEA exposes no reusable assembly context; effect-build-owned adapter/prototype license: MIT where applicable, otherwise not applicable","would require effect-build to own an unsupported engine/ABI or substitute semantics","no supported faithful request/result boundary","unproven","unproven","would require new native/source distribution","unsupported coupling","no reusable provider state to amortize; direct builder is one-shot","adds stale handles/backpressure/restart/idle memory without semantic gain","Reuse Effect Scope for owned handles/children, ChildProcess for selected processes, FileSystem/Path for explicit mutation, Stream only for a real typed event source, Layer for selection and dependency provision, and preserve Cause interruption.","bounded negative / reject for this operation","high","Node embedding docs and node.h:460-484,946-994 @ b4f23d3"
"node-sea","NODE-EMBEDDER-SNAPSHOT","C++ embedder and generic snapshot products","wasm-worker","postject JS API backed by Wasm; Node process Emscripten/LIEF Wasm; JS buffers/filesystem into Wasm; effect-build calls provider. Family: supported WebAssembly, WASI, or provider worker boundary","provider pin/license: Node 26.7.0 @ b4f23d3619c98bed09af93a21192f6080197a8c6; MIT; evidence class/support promise: supported only as part of postject alpha.6 Node package; no browser/WASI standalone builder found; effect-build-owned adapter/prototype license: MIT where applicable, otherwise not applicable","postject package internally selects Wasm/LIEF; effect-build cannot select it independently","blob/base buffers copied; Node fs/path/Buffer required","one-shot module/no cancel","in-place file mutation","Node-only supported wrapper, 256MiB initial/4GiB max Wasm memory configuration","alpha package and exact SEA resource contract","not an independently callable browser/WASI/worker or direct SEA engine","large memory/copy and mutation costs","Reuse Effect Scope for owned handles/children, ChildProcess for selected processes, FileSystem/Path for explicit mutation, Stream only for a real typed event source, Layer for selection and dependency provision, and preserve Cause interruption.","bounded negative / reject for this operation","high","Node embedding docs and node.h:460-484,946-994 @ b4f23d3"
"node-sea","NODE-EMBEDDER-SNAPSHOT","C++ embedder and generic snapshot products","inverted-plugin","none supported; not available as a supported provider surface; none; effect-build calls provider. Family: provider owns execution and calls effect-build-controlled hooks/modules","provider pin/license: Node 26.7.0 @ b4f23d3619c98bed09af93a21192f6080197a8c6; MIT; evidence class/support promise: no Node SEA build-time plugin/hook/callback surface found at v26.7.0; effect-build-owned adapter/prototype license: MIT where applicable, otherwise not applicable","would require effect-build to own an unsupported engine/ABI or substitute semantics","no supported faithful request/result boundary","unproven","unproven","would require new native/source distribution","unsupported coupling","runtime module loading occurs after artifact startup and is not assembly","invented hooks would require a custom builder/fork","Reuse Effect Scope for owned handles/children, ChildProcess for selected processes, FileSystem/Path for explicit mutation, Stream only for a real typed event source, Layer for selection and dependency provision, and preserve Cause interruption.","bounded negative / reject for this operation","high","Node embedding docs and node.h:460-484,946-994 @ b4f23d3"
"node-sea","NODE-EMBEDDER-SNAPSHOT","C++ embedder and generic snapshot products","declarative-artifact","official sea-config plus preparation blob/final resource; selected Node or postject consumes config/blob; final runtime consumes NODE_SEA_BLOB; filesystem JSON and binary resource handoff; effect-build calls provider. Family: stable config, manifest, project, or intermediate artifact handoff","provider pin/license: Node 26.7.0 @ b4f23d3619c98bed09af93a21192f6080197a8c6; MIT; evidence class/support promise: documented Stability-1.1 config/blob/runtime layout; blob encoding itself is not versioned portable schema; effect-build-owned adapter/prototype license: MIT where applicable, otherwise not applicable","config explicitly binds main/base/output/options/assets; resource name/fuse bind legacy injection and runtime","retains native fields; unknown config fields currently ignored","one-shot config/private blob; durable final executable/resource","private blob and durable runtime resource; final publication remains caller-owned","ordinary config/blob plus exact Node/base; platform signing after mutation","exact Node version/target/fuse; snapshot/cache host restrictions","config/artifact alone is not the build, injector, or runtime engine; preparation blob is not a cross-version ABI","reduces argv field explosion but requires exact identity/validation","Reuse Effect Scope for owned handles/children, ChildProcess for selected processes, FileSystem/Path for explicit mutation, Stream only for a real typed event source, Layer for selection and dependency provision, and preserve Cause interruption.","bounded negative / reject for this operation","high","Node embedding docs and node.h:460-484,946-994 @ b4f23d3"
"node-sea","NODE-EMBEDDER-SNAPSHOT","C++ embedder and generic snapshot products","isolated-worker","none supported; not available as a supported provider surface; none; effect-build calls provider. Family: local/remote isolated worker used specifically for host or fault isolation","provider pin/license: Node 26.7.0 @ b4f23d3619c98bed09af93a21192f6080197a8c6; MIT; evidence class/support promise: remote/local isolation is useful only for target-native signing/launch or a postject sidecar already covered; effect-build-owned adapter/prototype license: MIT where applicable, otherwise not applicable","would require effect-build to own an unsupported engine/ABI or substitute semantics","no supported faithful request/result boundary","unproven","unproven","would require new native/source distribution","unsupported coupling","direct Node child already provides fault isolation; remote infrastructure is out of scope","workspace/credentials/signing/outcome protocol burden","Reuse Effect Scope for owned handles/children, ChildProcess for selected processes, FileSystem/Path for explicit mutation, Stream only for a real typed event source, Layer for selection and dependency provision, and preserve Cause interruption.","bounded negative / reject for this operation","high","Node embedding docs and node.h:460-484,946-994 @ b4f23d3"
"node-sea","NODE-EMBEDDER-SNAPSHOT","C++ embedder and generic snapshot products","upstream-contribution","future structured SEA builder/blob API; Node-owned library/process; typed function or documented machine protocol; effect-build calls provider. Family: missing supported protocol/library/cancellation/event surface proposed upstream","provider pin/license: Node 26.7.0 @ b4f23d3619c98bed09af93a21192f6080197a8c6; MIT; evidence class/support promise: hypothetical; current internal BuildSingleExecutable is unsupported; effect-build-owned adapter/prototype license: MIT where applicable, otherwise not applicable","should expose builder/base/LIEF/target capabilities","all config fields with schema validation and typed errors","cancellation or bytes-returning ownership would remove outcome-unknown writes","prefer injectBytes/buildBytes or explicit private outfile","official Node releases/libnode if supported","versioned schema/API/ABI","not usable now","moves internal coupling upstream","Reuse Effect Scope for owned handles/children, ChildProcess for selected processes, FileSystem/Path for explicit mutation, Stream only for a real typed event source, Layer for selection and dependency provision, and preserve Cause interruption.","bounded negative / reject for this operation","high","Node embedding docs and node.h:460-484,946-994 @ b4f23d3"
"rolldown","ROLL-BUILD-MEMORY","generate in-memory output","direct-host-api","public JavaScript functions, build/watch handles and plugin callbacks; host process -> package N-API addon -> Rust/Tokio threads; JS/N-API callbacks and native-backed objects; effect-build calls provider. Family: official function, callback, or scoped handle in the provider's supported host","provider pin/license: Rolldown 1.2.4 @ 483c64833c0fb0d1b75f1339accf781c0a09b335; MIT; evidence class/support promise: documented public Rolldown 1.2.4 JS API; build/watch experimental; MIT; entire provider deferred by freeze; effect-build-owned adapter/prototype license: MIT where applicable, otherwise not applicable","package/native addon/host graph selects engine; caller owns config/plugins","rich closures, virtual inputs, structured diagnostics and lazy external native memory","build handle exposes generate/write/close but full builds are fresh; watch/dev experimental; close in-flight law currently fails freeze","native-backed lazy in-memory outputs or provider-direct files","Node engine declared; platform N-API packages/WASI fallback","package/addon/host relation; override path can evade exact version enforcement","truthful upstream mechanism after admission gates","low wrapper shape but native faults/external-memory/close races require ownership law","Reuse Effect Scope for owned handles/children, ChildProcess for selected processes, FileSystem/Path for explicit mutation, Stream only for a real typed event source, Layer for selection and dependency provision, and preserve Cause interruption.","upstream viable; effect-build deferred","high","rolldown-build.ts:23-147 and classic_bundler.rs:1-48 @ 483c648"
"rolldown","ROLL-BUILD-MEMORY","generate in-memory output","selected-command","Node shebang CLI/config module; selected Node -> rolldown JS -> N-API addon/Rust threads; argv, executable JS/TS config, terminal streams/filesystem; effect-build calls provider. Family: one-shot or scoped provider command with native argv/project/process semantics","provider pin/license: Rolldown 1.2.4 @ 483c64833c0fb0d1b75f1339accf781c0a09b335; MIT; evidence class/support promise: documented public Rolldown 1.2.4 CLI, MIT; provider deferred; effect-build-owned adapter/prototype license: MIT where applicable, otherwise not applicable","PATH selects Node and script/package graph rather than standalone Rust binary","native config modules may load plugins; terminal output loses structured JS results and handle methods","one-shot or raw watcher process","stdout/direct files","Node plus JS package plus native addon","relational Node/package/addon identity","cannot return the exact in-memory output objects or expose the combined watch/dev engine handle operation","more identity axes than a standalone CLI","Reuse Effect Scope for owned handles/children, ChildProcess for selected processes, FileSystem/Path for explicit mutation, Stream only for a real typed event source, Layer for selection and dependency provision, and preserve Cause interruption.","bounded negative / reject for this operation","high","rolldown-build.ts:23-147 and classic_bundler.rs:1-48 @ 483c648"
"rolldown","ROLL-BUILD-MEMORY","generate in-memory output","official-language-library","published Rust rolldown crate; caller Rust process; direct Rust calls/traits; effect-build calls provider. Family: official Go or Rust library API outside the TypeScript host","provider pin/license: Rolldown 1.2.4 @ 483c64833c0fb0d1b75f1339accf781c0a09b335; MIT; evidence class/support promise: official public crate 1.2.4, MIT, but upstream explicitly promises no SemVer/docs/team support; effect-build-owned adapter/prototype license: MIT where applicable, otherwise not applicable","Cargo graph selects exact engine","Rust-native options/results; Rust plugin traits do not preserve JavaScript closures","Rust engine-specific","native Rust values/direct files","Rust toolchain/binary per target","exact-source coupling despite published crate","mechanically exposes build/write engine operations to a Rust consumer","very high source maintenance and platform build burden","Reuse Effect Scope for owned handles/children, ChildProcess for selected processes, FileSystem/Path for explicit mutation, Stream only for a real typed event source, Layer for selection and dependency provision, and preserve Cause interruption.","research-only","high","rolldown-build.ts:23-147 and classic_bundler.rs:1-48 @ 483c648"
"rolldown","ROLL-BUILD-MEMORY","generate in-memory output","native-bridge","package JavaScript API; same-process package-owned N-API addon and Tokio runtime; N-API plus callbacks/lazy external memory; effect-build calls provider. Family: supported or owned C/C++/N-API/FFI bridge","provider pin/license: Rolldown 1.2.4 @ 483c64833c0fb0d1b75f1339accf781c0a09b335; MIT; evidence class/support promise: source-visible package binding shipped by Rolldown, not a general supported ABI; effect-build-owned adapter/prototype license: MIT where applicable, otherwise not applicable","package binding loader selects platform addon/WASI","full JS adapter semantics including callbacks","native runtime holder/build/output memory","lazy native-backed output or direct files","platform .node optional packages","N-API host plus package/addon version relation","implementation below the public JS API","upstream absorbs bridge; effect-build must still certify memory/lifecycle","Reuse Effect Scope for owned handles/children, ChildProcess for selected processes, FileSystem/Path for explicit mutation, Stream only for a real typed event source, Layer for selection and dependency provision, and preserve Cause interruption.","implementation detail only; use through public JS API after admission; implementation relation only, not a selectable route","high","rolldown-build.ts:23-147 and classic_bundler.rs:1-48 @ 483c648"
"rolldown","ROLL-BUILD-MEMORY","generate in-memory output","embedded-engine","none supported; not available as a supported provider surface; none; effect-build calls provider. Family: linked or vendored upstream compiler/runtime core","provider pin/license: Rolldown 1.2.4 @ 483c64833c0fb0d1b75f1339accf781c0a09b335; MIT; evidence class/support promise: Rolldown Rust crate is published but explicitly unsupported for SemVer/docs/team support; binding crate is publish=false; effect-build-owned adapter/prototype license: MIT where applicable, otherwise not applicable","would require effect-build to own an unsupported engine/ABI or substitute semantics","no supported faithful request/result boundary","unproven","unproven","would require new native/source distribution","unsupported coupling","embedding would bind effect-build to fast-moving Rust internals","native toolchain/platform/source lockstep and plugin ABI maintenance","Reuse Effect Scope for owned handles/children, ChildProcess for selected processes, FileSystem/Path for explicit mutation, Stream only for a real typed event source, Layer for selection and dependency provision, and preserve Cause interruption.","bounded negative / reject for this operation","high","rolldown-build.ts:23-147 and classic_bundler.rs:1-48 @ 483c648"
"rolldown","ROLL-BUILD-MEMORY","generate in-memory output","runtime-hosted-sidecar","framed serializable request/result; Node/Rust sidecar loads Rolldown; owned RPC; output bytes eagerly copied; effect-build calls provider. Family: provider-native public API behind an effect-build-owned framed protocol","provider pin/license: Rolldown 1.2.4 @ 483c64833c0fb0d1b75f1339accf781c0a09b335; MIT; evidence class/support promise: hypothetical effect-build adapter; provider remains deferred; effect-build-owned adapter/prototype license: MIT where applicable, otherwise not applicable","sidecar selects package/addon/Rust engine","serializable options/results only; plugin closures require code loading or bidirectional RPC","one-shot/session; crash invalidates handles; native outputs must be materialized/released","copied bytes or sidecar filesystem mutation","Node+N-API or Rust binaries across platforms","protocol plus package/addon/host handshake","fault isolation for plugin-free operations","very high protocol/distribution/memory/callback state","Reuse Effect Scope for owned handles/children, ChildProcess for selected processes, FileSystem/Path for explicit mutation, Stream only for a real typed event source, Layer for selection and dependency provision, and preserve Cause interruption.","research-only/reject for current freeze","high","rolldown-build.ts:23-147 and classic_bundler.rs:1-48 @ 483c648"
"rolldown","ROLL-BUILD-MEMORY","generate in-memory output","persistent-session","none supported; not available as a supported provider surface; none; effect-build calls provider. Family: versioned daemon/service session with lifetime-bound handles","provider pin/license: Rolldown 1.2.4 @ 483c64833c0fb0d1b75f1339accf781c0a09b335; MIT; evidence class/support promise: RolldownBuild repeats full builds; current close can resolve before in-flight generate; no cancellation; effect-build-owned adapter/prototype license: MIT where applicable, otherwise not applicable","would require effect-build to own an unsupported engine/ABI or substitute semantics","no supported faithful request/result boundary","unproven","unproven","would require new native/source distribution","unsupported coupling","session protocol would add opaque IDs without proven incremental state and worsen close/crash ownership","stale handles, callback RPC, output release, backpressure, restart and in-flight join","Reuse Effect Scope for owned handles/children, ChildProcess for selected processes, FileSystem/Path for explicit mutation, Stream only for a real typed event source, Layer for selection and dependency provision, and preserve Cause interruption.","bounded negative / reject for this operation","high","rolldown-build.ts:23-147 and classic_bundler.rs:1-48 @ 483c648"
"rolldown","ROLL-BUILD-MEMORY","generate in-memory output","wasm-worker","package loader branch, if a compatible host selects it; source-visible WASI/N-API-RS fallback; runtime behavior not retained as checked evidence; JS/WASI bridge shape visible in source; callback and output parity unproven; effect-build calls provider. Family: supported WebAssembly, WASI, or provider worker boundary","provider pin/license: Rolldown 1.2.4 @ 483c64833c0fb0d1b75f1339accf781c0a09b335; MIT; evidence class/support promise: source-visible fallback at Rolldown 1.2.4; experimental Node WASI behavior; MIT; provider deferred; no retained reproducible runtime probe; effect-build-owned adapter/prototype license: MIT where applicable, otherwise not applicable","environment/package loader can select WASI/native fallback","runtime inputs, JavaScript plugin callbacks, and parity are unproven","runtime handle, callback, and native-memory laws are unproven on this branch","runtime output ownership/copy behavior is unproven","WASI package plus compatible host support would be required","package/WASI/host capability relation is source-visible but uncertified","does not close admission/lifecycle gates and has no retained proof of build or plugin parity","additional fallback/capability/performance states","Reuse Effect Scope for owned handles/children, ChildProcess for selected processes, FileSystem/Path for explicit mutation, Stream only for a real typed event source, Layer for selection and dependency provision, and preserve Cause interruption.","bounded negative / reject for this operation","low","rolldown-build.ts:23-147 and classic_bundler.rs:1-48 @ 483c648"
"rolldown","ROLL-BUILD-MEMORY","generate in-memory output","inverted-plugin","JavaScript plugin hooks; Rust engine calls host JS through N-API; direct async callbacks with PluginContext/output mutation; effect-build calls provider. Family: provider owns execution and calls effect-build-controlled hooks/modules","provider pin/license: Rolldown 1.2.4 @ 483c64833c0fb0d1b75f1339accf781c0a09b335; MIT; evidence class/support promise: documented public plugin API at 1.2.4; effect-build-owned adapter/prototype license: MIT where applicable, otherwise not applicable","engine owns schedule; host owns closure state/code","full non-serializable closures/virtual inputs/mutation","hooks include closeBundle; tied to build/watcher","plugin can mutate output and manage external resources","plugin modules in host process","public JS plugin API","callbacks are adjuncts and do not initiate build/write, own wrapper external-memory lifecycle, or create watch/dev handles","reentrancy/concurrency/resource cleanup, but upstream owns mapping","Reuse Effect Scope for owned handles/children, ChildProcess for selected processes, FileSystem/Path for explicit mutation, Stream only for a real typed event source, Layer for selection and dependency provision, and preserve Cause interruption.","bounded negative / reject for this operation","high","rolldown-build.ts:23-147 and classic_bundler.rs:1-48 @ 483c648"
"rolldown","ROLL-BUILD-MEMORY","generate in-memory output","declarative-artifact","none supported; not available as a supported provider surface; none; effect-build calls provider. Family: stable config, manifest, project, or intermediate artifact handoff","provider pin/license: Rolldown 1.2.4 @ 483c64833c0fb0d1b75f1339accf781c0a09b335; MIT; evidence class/support promise: Rolldown config files are executable JS/TS and may export functions/plugins; no stable data-only build manifest/IR found; effect-build-owned adapter/prototype license: MIT where applicable, otherwise not applicable","would require effect-build to own an unsupported engine/ABI or substitute semantics","no supported faithful request/result boundary","unproven","unproven","would require new native/source distribution","unsupported coupling","storing argv/config path keeps CLI/package semantics and cannot represent closures","parallel schema would lose native configuration","Reuse Effect Scope for owned handles/children, ChildProcess for selected processes, FileSystem/Path for explicit mutation, Stream only for a real typed event source, Layer for selection and dependency provision, and preserve Cause interruption.","bounded negative / reject for this operation","high","rolldown-build.ts:23-147 and classic_bundler.rs:1-48 @ 483c648"
"rolldown","ROLL-BUILD-MEMORY","generate in-memory output","isolated-worker","none supported; not available as a supported provider surface; none; effect-build calls provider. Family: local/remote isolated worker used specifically for host or fault isolation","provider pin/license: Rolldown 1.2.4 @ 483c64833c0fb0d1b75f1339accf781c0a09b335; MIT; evidence class/support promise: a worker/remote host could isolate N-API faults but no current admitted operation justifies the transport; effect-build-owned adapter/prototype license: MIT where applicable, otherwise not applicable","would require effect-build to own an unsupported engine/ABI or substitute semantics","no supported faithful request/result boundary","unproven","unproven","would require new native/source distribution","unsupported coupling","does not close lifecycle/package/callback/memory gates","workspace/code-mobility/protocol/crash states","Reuse Effect Scope for owned handles/children, ChildProcess for selected processes, FileSystem/Path for explicit mutation, Stream only for a real typed event source, Layer for selection and dependency provision, and preserve Cause interruption.","bounded negative / reject for this operation","high","rolldown-build.ts:23-147 and classic_bundler.rs:1-48 @ 483c648"
"rolldown","ROLL-BUILD-MEMORY","generate in-memory output","upstream-contribution","future stable Rust/ABI or cancellable joined handle; Rolldown-owned; supported API/ABI; effect-build calls provider. Family: missing supported protocol/library/cancellation/event surface proposed upstream","provider pin/license: Rolldown 1.2.4 @ 483c64833c0fb0d1b75f1339accf781c0a09b335; MIT; evidence class/support promise: hypothetical; effect-build-owned adapter/prototype license: MIT where applicable, otherwise not applicable","must expose package/native/host capability identity","retain plugin/output ownership explicitly","cancel plus close-joins-in-flight law required","stable eager/borrowed memory semantics required","upstream platform artifacts","SemVer/support promise","would reopen deferred mechanisms after all package gates","upstream absorbs fast-moving binding contract","Reuse Effect Scope for owned handles/children, ChildProcess for selected processes, FileSystem/Path for explicit mutation, Stream only for a real typed event source, Layer for selection and dependency provision, and preserve Cause interruption.","upstream-dependent","high","rolldown-build.ts:23-147 and classic_bundler.rs:1-48 @ 483c648"
"rolldown","ROLL-WRITE","provider-direct multi-output write","direct-host-api","public JavaScript functions, build/watch handles and plugin callbacks; host process -> package N-API addon -> Rust/Tokio threads; JS/N-API callbacks and native-backed objects; effect-build calls provider. Family: official function, callback, or scoped handle in the provider's supported host","provider pin/license: Rolldown 1.2.4 @ 483c64833c0fb0d1b75f1339accf781c0a09b335; MIT; evidence class/support promise: documented public Rolldown 1.2.4 JS API; build/watch experimental; MIT; entire provider deferred by freeze; effect-build-owned adapter/prototype license: MIT where applicable, otherwise not applicable","package/native addon/host graph selects engine; caller owns config/plugins","rich closures, virtual inputs, structured diagnostics and lazy external native memory","build handle exposes generate/write/close but full builds are fresh; watch/dev experimental; close in-flight law currently fails freeze","native-backed lazy in-memory outputs or provider-direct files","Node engine declared; platform N-API packages/WASI fallback","package/addon/host relation; override path can evade exact version enforcement","truthful upstream mechanism after admission gates","low wrapper shape but native faults/external-memory/close races require ownership law","Reuse Effect Scope for owned handles/children, ChildProcess for selected processes, FileSystem/Path for explicit mutation, Stream only for a real typed event source, Layer for selection and dependency provision, and preserve Cause interruption.","upstream viable; effect-build deferred","high","binding_bundler.rs and CLI bundle.ts @ 483c648"
"rolldown","ROLL-WRITE","provider-direct multi-output write","selected-command","Node shebang CLI/config module; selected Node -> rolldown JS -> N-API addon/Rust threads; argv, executable JS/TS config, terminal streams/filesystem; effect-build calls provider. Family: one-shot or scoped provider command with native argv/project/process semantics","provider pin/license: Rolldown 1.2.4 @ 483c64833c0fb0d1b75f1339accf781c0a09b335; MIT; evidence class/support promise: documented public Rolldown 1.2.4 CLI, MIT; provider deferred; effect-build-owned adapter/prototype license: MIT where applicable, otherwise not applicable","PATH selects Node and script/package graph rather than standalone Rust binary","native config modules may load plugins; terminal output loses structured JS results and handle methods","one-shot or raw watcher process","stdout/direct files","Node plus JS package plus native addon","relational Node/package/addon identity","provider-direct write semantics after admission","more identity axes than a standalone CLI","Reuse Effect Scope for owned handles/children, ChildProcess for selected processes, FileSystem/Path for explicit mutation, Stream only for a real typed event source, Layer for selection and dependency provision, and preserve Cause interruption.","research-only while provider deferred","high","binding_bundler.rs and CLI bundle.ts @ 483c648"
"rolldown","ROLL-WRITE","provider-direct multi-output write","official-language-library","published Rust rolldown crate; caller Rust process; direct Rust calls/traits; effect-build calls provider. Family: official Go or Rust library API outside the TypeScript host","provider pin/license: Rolldown 1.2.4 @ 483c64833c0fb0d1b75f1339accf781c0a09b335; MIT; evidence class/support promise: official public crate 1.2.4, MIT, but upstream explicitly promises no SemVer/docs/team support; effect-build-owned adapter/prototype license: MIT where applicable, otherwise not applicable","Cargo graph selects exact engine","Rust-native options/results; Rust plugin traits do not preserve JavaScript closures","Rust engine-specific","native Rust values/direct files","Rust toolchain/binary per target","exact-source coupling despite published crate","mechanically exposes build/write engine operations to a Rust consumer","very high source maintenance and platform build burden","Reuse Effect Scope for owned handles/children, ChildProcess for selected processes, FileSystem/Path for explicit mutation, Stream only for a real typed event source, Layer for selection and dependency provision, and preserve Cause interruption.","research-only","high","binding_bundler.rs and CLI bundle.ts @ 483c648"
"rolldown","ROLL-WRITE","provider-direct multi-output write","native-bridge","package JavaScript API; same-process package-owned N-API addon and Tokio runtime; N-API plus callbacks/lazy external memory; effect-build calls provider. Family: supported or owned C/C++/N-API/FFI bridge","provider pin/license: Rolldown 1.2.4 @ 483c64833c0fb0d1b75f1339accf781c0a09b335; MIT; evidence class/support promise: source-visible package binding shipped by Rolldown, not a general supported ABI; effect-build-owned adapter/prototype license: MIT where applicable, otherwise not applicable","package binding loader selects platform addon/WASI","full JS adapter semantics including callbacks","native runtime holder/build/output memory","lazy native-backed output or direct files","platform .node optional packages","N-API host plus package/addon version relation","implementation below the public JS API","upstream absorbs bridge; effect-build must still certify memory/lifecycle","Reuse Effect Scope for owned handles/children, ChildProcess for selected processes, FileSystem/Path for explicit mutation, Stream only for a real typed event source, Layer for selection and dependency provision, and preserve Cause interruption.","implementation detail only; use through public JS API after admission; implementation relation only, not a selectable route","high","binding_bundler.rs and CLI bundle.ts @ 483c648"
"rolldown","ROLL-WRITE","provider-direct multi-output write","embedded-engine","none supported; not available as a supported provider surface; none; effect-build calls provider. Family: linked or vendored upstream compiler/runtime core","provider pin/license: Rolldown 1.2.4 @ 483c64833c0fb0d1b75f1339accf781c0a09b335; MIT; evidence class/support promise: Rolldown Rust crate is published but explicitly unsupported for SemVer/docs/team support; binding crate is publish=false; effect-build-owned adapter/prototype license: MIT where applicable, otherwise not applicable","would require effect-build to own an unsupported engine/ABI or substitute semantics","no supported faithful request/result boundary","unproven","unproven","would require new native/source distribution","unsupported coupling","embedding would bind effect-build to fast-moving Rust internals","native toolchain/platform/source lockstep and plugin ABI maintenance","Reuse Effect Scope for owned handles/children, ChildProcess for selected processes, FileSystem/Path for explicit mutation, Stream only for a real typed event source, Layer for selection and dependency provision, and preserve Cause interruption.","bounded negative / reject for this operation","high","binding_bundler.rs and CLI bundle.ts @ 483c648"
"rolldown","ROLL-WRITE","provider-direct multi-output write","runtime-hosted-sidecar","framed serializable request/result; Node/Rust sidecar loads Rolldown; owned RPC; output bytes eagerly copied; effect-build calls provider. Family: provider-native public API behind an effect-build-owned framed protocol","provider pin/license: Rolldown 1.2.4 @ 483c64833c0fb0d1b75f1339accf781c0a09b335; MIT; evidence class/support promise: hypothetical effect-build adapter; provider remains deferred; effect-build-owned adapter/prototype license: MIT where applicable, otherwise not applicable","sidecar selects package/addon/Rust engine","serializable options/results only; plugin closures require code loading or bidirectional RPC","one-shot/session; crash invalidates handles; native outputs must be materialized/released","copied bytes or sidecar filesystem mutation","Node+N-API or Rust binaries across platforms","protocol plus package/addon/host handshake","fault isolation for plugin-free operations","very high protocol/distribution/memory/callback state","Reuse Effect Scope for owned handles/children, ChildProcess for selected processes, FileSystem/Path for explicit mutation, Stream only for a real typed event source, Layer for selection and dependency provision, and preserve Cause interruption.","research-only/reject for current freeze","high","binding_bundler.rs and CLI bundle.ts @ 483c648"
"rolldown","ROLL-WRITE","provider-direct multi-output write","persistent-session","none supported; not available as a supported provider surface; none; effect-build calls provider. Family: versioned daemon/service session with lifetime-bound handles","provider pin/license: Rolldown 1.2.4 @ 483c64833c0fb0d1b75f1339accf781c0a09b335; MIT; evidence class/support promise: RolldownBuild repeats full builds; current close can resolve before in-flight generate; no cancellation; effect-build-owned adapter/prototype license: MIT where applicable, otherwise not applicable","would require effect-build to own an unsupported engine/ABI or substitute semantics","no supported faithful request/result boundary","unproven","unproven","would require new native/source distribution","unsupported coupling","session protocol would add opaque IDs without proven incremental state and worsen close/crash ownership","stale handles, callback RPC, output release, backpressure, restart and in-flight join","Reuse Effect Scope for owned handles/children, ChildProcess for selected processes, FileSystem/Path for explicit mutation, Stream only for a real typed event source, Layer for selection and dependency provision, and preserve Cause interruption.","bounded negative / reject for this operation","high","binding_bundler.rs and CLI bundle.ts @ 483c648"
"rolldown","ROLL-WRITE","provider-direct multi-output write","wasm-worker","package loader branch, if a compatible host selects it; source-visible WASI/N-API-RS fallback; runtime behavior not retained as checked evidence; JS/WASI bridge shape visible in source; callback and output parity unproven; effect-build calls provider. Family: supported WebAssembly, WASI, or provider worker boundary","provider pin/license: Rolldown 1.2.4 @ 483c64833c0fb0d1b75f1339accf781c0a09b335; MIT; evidence class/support promise: source-visible fallback at Rolldown 1.2.4; experimental Node WASI behavior; MIT; provider deferred; no retained reproducible runtime probe; effect-build-owned adapter/prototype license: MIT where applicable, otherwise not applicable","environment/package loader can select WASI/native fallback","runtime inputs, JavaScript plugin callbacks, and parity are unproven","runtime handle, callback, and native-memory laws are unproven on this branch","runtime output ownership/copy behavior is unproven","WASI package plus compatible host support would be required","package/WASI/host capability relation is source-visible but uncertified","does not close admission/lifecycle gates and has no retained proof of build or plugin parity","additional fallback/capability/performance states","Reuse Effect Scope for owned handles/children, ChildProcess for selected processes, FileSystem/Path for explicit mutation, Stream only for a real typed event source, Layer for selection and dependency provision, and preserve Cause interruption.","bounded negative / reject for this operation","low","binding_bundler.rs and CLI bundle.ts @ 483c648"
"rolldown","ROLL-WRITE","provider-direct multi-output write","inverted-plugin","JavaScript plugin hooks; Rust engine calls host JS through N-API; direct async callbacks with PluginContext/output mutation; effect-build calls provider. Family: provider owns execution and calls effect-build-controlled hooks/modules","provider pin/license: Rolldown 1.2.4 @ 483c64833c0fb0d1b75f1339accf781c0a09b335; MIT; evidence class/support promise: documented public plugin API at 1.2.4; effect-build-owned adapter/prototype license: MIT where applicable, otherwise not applicable","engine owns schedule; host owns closure state/code","full non-serializable closures/virtual inputs/mutation","hooks include closeBundle; tied to build/watcher","plugin can mutate output and manage external resources","plugin modules in host process","public JS plugin API","callbacks are adjuncts and do not initiate build/write, own wrapper external-memory lifecycle, or create watch/dev handles","reentrancy/concurrency/resource cleanup, but upstream owns mapping","Reuse Effect Scope for owned handles/children, ChildProcess for selected processes, FileSystem/Path for explicit mutation, Stream only for a real typed event source, Layer for selection and dependency provision, and preserve Cause interruption.","bounded negative / reject for this operation","high","binding_bundler.rs and CLI bundle.ts @ 483c648"
"rolldown","ROLL-WRITE","provider-direct multi-output write","declarative-artifact","none supported; not available as a supported provider surface; none; effect-build calls provider. Family: stable config, manifest, project, or intermediate artifact handoff","provider pin/license: Rolldown 1.2.4 @ 483c64833c0fb0d1b75f1339accf781c0a09b335; MIT; evidence class/support promise: Rolldown config files are executable JS/TS and may export functions/plugins; no stable data-only build manifest/IR found; effect-build-owned adapter/prototype license: MIT where applicable, otherwise not applicable","would require effect-build to own an unsupported engine/ABI or substitute semantics","no supported faithful request/result boundary","unproven","unproven","would require new native/source distribution","unsupported coupling","storing argv/config path keeps CLI/package semantics and cannot represent closures","parallel schema would lose native configuration","Reuse Effect Scope for owned handles/children, ChildProcess for selected processes, FileSystem/Path for explicit mutation, Stream only for a real typed event source, Layer for selection and dependency provision, and preserve Cause interruption.","bounded negative / reject for this operation","high","binding_bundler.rs and CLI bundle.ts @ 483c648"
"rolldown","ROLL-WRITE","provider-direct multi-output write","isolated-worker","none supported; not available as a supported provider surface; none; effect-build calls provider. Family: local/remote isolated worker used specifically for host or fault isolation","provider pin/license: Rolldown 1.2.4 @ 483c64833c0fb0d1b75f1339accf781c0a09b335; MIT; evidence class/support promise: a worker/remote host could isolate N-API faults but no current admitted operation justifies the transport; effect-build-owned adapter/prototype license: MIT where applicable, otherwise not applicable","would require effect-build to own an unsupported engine/ABI or substitute semantics","no supported faithful request/result boundary","unproven","unproven","would require new native/source distribution","unsupported coupling","does not close lifecycle/package/callback/memory gates","workspace/code-mobility/protocol/crash states","Reuse Effect Scope for owned handles/children, ChildProcess for selected processes, FileSystem/Path for explicit mutation, Stream only for a real typed event source, Layer for selection and dependency provision, and preserve Cause interruption.","bounded negative / reject for this operation","high","binding_bundler.rs and CLI bundle.ts @ 483c648"
"rolldown","ROLL-WRITE","provider-direct multi-output write","upstream-contribution","future stable Rust/ABI or cancellable joined handle; Rolldown-owned; supported API/ABI; effect-build calls provider. Family: missing supported protocol/library/cancellation/event surface proposed upstream","provider pin/license: Rolldown 1.2.4 @ 483c64833c0fb0d1b75f1339accf781c0a09b335; MIT; evidence class/support promise: hypothetical; effect-build-owned adapter/prototype license: MIT where applicable, otherwise not applicable","must expose package/native/host capability identity","retain plugin/output ownership explicitly","cancel plus close-joins-in-flight law required","stable eager/borrowed memory semantics required","upstream platform artifacts","SemVer/support promise","would reopen deferred mechanisms after all package gates","upstream absorbs fast-moving binding contract","Reuse Effect Scope for owned handles/children, ChildProcess for selected processes, FileSystem/Path for explicit mutation, Stream only for a real typed event source, Layer for selection and dependency provision, and preserve Cause interruption.","upstream-dependent","high","binding_bundler.rs and CLI bundle.ts @ 483c648"
"rolldown","ROLL-PLUGINS","plugins and virtual inputs","direct-host-api","public JavaScript functions, build/watch handles and plugin callbacks; host process -> package N-API addon -> Rust/Tokio threads; JS/N-API callbacks and native-backed objects; effect-build calls provider. Family: official function, callback, or scoped handle in the provider's supported host","provider pin/license: Rolldown 1.2.4 @ 483c64833c0fb0d1b75f1339accf781c0a09b335; MIT; evidence class/support promise: documented public Rolldown 1.2.4 JS API; build/watch experimental; MIT; entire provider deferred by freeze; effect-build-owned adapter/prototype license: MIT where applicable, otherwise not applicable","package/native addon/host graph selects engine; caller owns config/plugins","rich closures, virtual inputs, structured diagnostics and lazy external native memory","build handle exposes generate/write/close but full builds are fresh; watch/dev experimental; close in-flight law currently fails freeze","native-backed lazy in-memory outputs or provider-direct files","Node engine declared; platform N-API packages/WASI fallback","package/addon/host relation; override path can evade exact version enforcement","truthful upstream mechanism after admission gates","low wrapper shape but native faults/external-memory/close races require ownership law","Reuse Effect Scope for owned handles/children, ChildProcess for selected processes, FileSystem/Path for explicit mutation, Stream only for a real typed event source, Layer for selection and dependency provision, and preserve Cause interruption.","upstream viable; effect-build deferred","high","plugin API and bindingify-plugin.ts @ 483c648"
"rolldown","ROLL-PLUGINS","plugins and virtual inputs","selected-command","Node shebang CLI/config module; selected Node -> rolldown JS -> N-API addon/Rust threads; argv, executable JS/TS config, terminal streams/filesystem; effect-build calls provider. Family: one-shot or scoped provider command with native argv/project/process semantics","provider pin/license: Rolldown 1.2.4 @ 483c64833c0fb0d1b75f1339accf781c0a09b335; MIT; evidence class/support promise: documented public Rolldown 1.2.4 CLI, MIT; provider deferred; effect-build-owned adapter/prototype license: MIT where applicable, otherwise not applicable","PATH selects Node and script/package graph rather than standalone Rust binary","native config modules may load plugins; terminal output loses structured JS results and handle methods","one-shot or raw watcher process","stdout/direct files","Node plus JS package plus native addon","relational Node/package/addon identity","cannot return the exact in-memory output objects or expose the combined watch/dev engine handle operation","more identity axes than a standalone CLI","Reuse Effect Scope for owned handles/children, ChildProcess for selected processes, FileSystem/Path for explicit mutation, Stream only for a real typed event source, Layer for selection and dependency provision, and preserve Cause interruption.","bounded negative / reject for this operation","high","plugin API and bindingify-plugin.ts @ 483c648"
"rolldown","ROLL-PLUGINS","plugins and virtual inputs","official-language-library","published Rust rolldown crate; caller Rust process; direct Rust calls/traits; effect-build calls provider. Family: official Go or Rust library API outside the TypeScript host","provider pin/license: Rolldown 1.2.4 @ 483c64833c0fb0d1b75f1339accf781c0a09b335; MIT; evidence class/support promise: official public crate 1.2.4, MIT, but upstream explicitly promises no SemVer/docs/team support; effect-build-owned adapter/prototype license: MIT where applicable, otherwise not applicable","Cargo graph selects exact engine","Rust-native options/results; Rust plugin traits do not preserve JavaScript closures","Rust engine-specific","native Rust values/direct files","Rust toolchain/binary per target","exact-source coupling despite published crate","does not preserve the inventoried JS plugin, wrapper external-memory/close, or package DevEngine/watch operations and is not a supportable stable effect-build boundary","very high source maintenance and platform build burden","Reuse Effect Scope for owned handles/children, ChildProcess for selected processes, FileSystem/Path for explicit mutation, Stream only for a real typed event source, Layer for selection and dependency provision, and preserve Cause interruption.","bounded negative / reject for this operation","high","plugin API and bindingify-plugin.ts @ 483c648"
"rolldown","ROLL-PLUGINS","plugins and virtual inputs","native-bridge","package JavaScript API; same-process package-owned N-API addon and Tokio runtime; N-API plus callbacks/lazy external memory; effect-build calls provider. Family: supported or owned C/C++/N-API/FFI bridge","provider pin/license: Rolldown 1.2.4 @ 483c64833c0fb0d1b75f1339accf781c0a09b335; MIT; evidence class/support promise: source-visible package binding shipped by Rolldown, not a general supported ABI; effect-build-owned adapter/prototype license: MIT where applicable, otherwise not applicable","package binding loader selects platform addon/WASI","full JS adapter semantics including callbacks","native runtime holder/build/output memory","lazy native-backed output or direct files","platform .node optional packages","N-API host plus package/addon version relation","implementation below the public JS API","upstream absorbs bridge; effect-build must still certify memory/lifecycle","Reuse Effect Scope for owned handles/children, ChildProcess for selected processes, FileSystem/Path for explicit mutation, Stream only for a real typed event source, Layer for selection and dependency provision, and preserve Cause interruption.","implementation detail only; use through public JS API after admission; implementation relation only, not a selectable route","high","plugin API and bindingify-plugin.ts @ 483c648"
"rolldown","ROLL-PLUGINS","plugins and virtual inputs","embedded-engine","none supported; not available as a supported provider surface; none; effect-build calls provider. Family: linked or vendored upstream compiler/runtime core","provider pin/license: Rolldown 1.2.4 @ 483c64833c0fb0d1b75f1339accf781c0a09b335; MIT; evidence class/support promise: Rolldown Rust crate is published but explicitly unsupported for SemVer/docs/team support; binding crate is publish=false; effect-build-owned adapter/prototype license: MIT where applicable, otherwise not applicable","would require effect-build to own an unsupported engine/ABI or substitute semantics","no supported faithful request/result boundary","unproven","unproven","would require new native/source distribution","unsupported coupling","embedding would bind effect-build to fast-moving Rust internals","native toolchain/platform/source lockstep and plugin ABI maintenance","Reuse Effect Scope for owned handles/children, ChildProcess for selected processes, FileSystem/Path for explicit mutation, Stream only for a real typed event source, Layer for selection and dependency provision, and preserve Cause interruption.","bounded negative / reject for this operation","high","plugin API and bindingify-plugin.ts @ 483c648"
"rolldown","ROLL-PLUGINS","plugins and virtual inputs","runtime-hosted-sidecar","framed serializable request/result; Node/Rust sidecar loads Rolldown; owned RPC; output bytes eagerly copied; effect-build calls provider. Family: provider-native public API behind an effect-build-owned framed protocol","provider pin/license: Rolldown 1.2.4 @ 483c64833c0fb0d1b75f1339accf781c0a09b335; MIT; evidence class/support promise: hypothetical effect-build adapter; provider remains deferred; effect-build-owned adapter/prototype license: MIT where applicable, otherwise not applicable","sidecar selects package/addon/Rust engine","serializable options/results only; plugin closures require code loading or bidirectional RPC","one-shot/session; crash invalidates handles; native outputs must be materialized/released","copied bytes or sidecar filesystem mutation","Node+N-API or Rust binaries across platforms","protocol plus package/addon/host handshake","does not solve package admission, callbacks, external memory or close race","very high protocol/distribution/memory/callback state","Reuse Effect Scope for owned handles/children, ChildProcess for selected processes, FileSystem/Path for explicit mutation, Stream only for a real typed event source, Layer for selection and dependency provision, and preserve Cause interruption.","bounded negative / reject for this operation","high","plugin API and bindingify-plugin.ts @ 483c648"
"rolldown","ROLL-PLUGINS","plugins and virtual inputs","persistent-session","none supported; not available as a supported provider surface; none; effect-build calls provider. Family: versioned daemon/service session with lifetime-bound handles","provider pin/license: Rolldown 1.2.4 @ 483c64833c0fb0d1b75f1339accf781c0a09b335; MIT; evidence class/support promise: RolldownBuild repeats full builds; current close can resolve before in-flight generate; no cancellation; effect-build-owned adapter/prototype license: MIT where applicable, otherwise not applicable","would require effect-build to own an unsupported engine/ABI or substitute semantics","no supported faithful request/result boundary","unproven","unproven","would require new native/source distribution","unsupported coupling","session protocol would add opaque IDs without proven incremental state and worsen close/crash ownership","stale handles, callback RPC, output release, backpressure, restart and in-flight join","Reuse Effect Scope for owned handles/children, ChildProcess for selected processes, FileSystem/Path for explicit mutation, Stream only for a real typed event source, Layer for selection and dependency provision, and preserve Cause interruption.","bounded negative / reject for this operation","high","plugin API and bindingify-plugin.ts @ 483c648"
"rolldown","ROLL-PLUGINS","plugins and virtual inputs","wasm-worker","package loader branch, if a compatible host selects it; source-visible WASI/N-API-RS fallback; runtime behavior not retained as checked evidence; JS/WASI bridge shape visible in source; callback and output parity unproven; effect-build calls provider. Family: supported WebAssembly, WASI, or provider worker boundary","provider pin/license: Rolldown 1.2.4 @ 483c64833c0fb0d1b75f1339accf781c0a09b335; MIT; evidence class/support promise: source-visible fallback at Rolldown 1.2.4; experimental Node WASI behavior; MIT; provider deferred; no retained reproducible runtime probe; effect-build-owned adapter/prototype license: MIT where applicable, otherwise not applicable","environment/package loader can select WASI/native fallback","runtime inputs, JavaScript plugin callbacks, and parity are unproven","runtime handle, callback, and native-memory laws are unproven on this branch","runtime output ownership/copy behavior is unproven","WASI package plus compatible host support would be required","package/WASI/host capability relation is source-visible but uncertified","does not close admission/lifecycle gates and has no retained proof of build or plugin parity","additional fallback/capability/performance states","Reuse Effect Scope for owned handles/children, ChildProcess for selected processes, FileSystem/Path for explicit mutation, Stream only for a real typed event source, Layer for selection and dependency provision, and preserve Cause interruption.","bounded negative / reject for this operation","low","plugin API and bindingify-plugin.ts @ 483c648"
"rolldown","ROLL-PLUGINS","plugins and virtual inputs","inverted-plugin","JavaScript plugin hooks; Rust engine calls host JS through N-API; direct async callbacks with PluginContext/output mutation; effect-build calls provider. Family: provider owns execution and calls effect-build-controlled hooks/modules","provider pin/license: Rolldown 1.2.4 @ 483c64833c0fb0d1b75f1339accf781c0a09b335; MIT; evidence class/support promise: documented public plugin API at 1.2.4; effect-build-owned adapter/prototype license: MIT where applicable, otherwise not applicable","engine owns schedule; host owns closure state/code","full non-serializable closures/virtual inputs/mutation","hooks include closeBundle; tied to build/watcher","plugin can mutate output and manage external resources","plugin modules in host process","public JS plugin API","only faithful boundary for the exact plugin operation","reentrancy/concurrency/resource cleanup, but upstream owns mapping","Reuse Effect Scope for owned handles/children, ChildProcess for selected processes, FileSystem/Path for explicit mutation, Stream only for a real typed event source, Layer for selection and dependency provision, and preserve Cause interruption.","upstream viable for plugins; effect-build deferred","high","plugin API and bindingify-plugin.ts @ 483c648"
"rolldown","ROLL-PLUGINS","plugins and virtual inputs","declarative-artifact","none supported; not available as a supported provider surface; none; effect-build calls provider. Family: stable config, manifest, project, or intermediate artifact handoff","provider pin/license: Rolldown 1.2.4 @ 483c64833c0fb0d1b75f1339accf781c0a09b335; MIT; evidence class/support promise: Rolldown config files are executable JS/TS and may export functions/plugins; no stable data-only build manifest/IR found; effect-build-owned adapter/prototype license: MIT where applicable, otherwise not applicable","would require effect-build to own an unsupported engine/ABI or substitute semantics","no supported faithful request/result boundary","unproven","unproven","would require new native/source distribution","unsupported coupling","storing argv/config path keeps CLI/package semantics and cannot represent closures","parallel schema would lose native configuration","Reuse Effect Scope for owned handles/children, ChildProcess for selected processes, FileSystem/Path for explicit mutation, Stream only for a real typed event source, Layer for selection and dependency provision, and preserve Cause interruption.","bounded negative / reject for this operation","high","plugin API and bindingify-plugin.ts @ 483c648"
"rolldown","ROLL-PLUGINS","plugins and virtual inputs","isolated-worker","none supported; not available as a supported provider surface; none; effect-build calls provider. Family: local/remote isolated worker used specifically for host or fault isolation","provider pin/license: Rolldown 1.2.4 @ 483c64833c0fb0d1b75f1339accf781c0a09b335; MIT; evidence class/support promise: a worker/remote host could isolate N-API faults but no current admitted operation justifies the transport; effect-build-owned adapter/prototype license: MIT where applicable, otherwise not applicable","would require effect-build to own an unsupported engine/ABI or substitute semantics","no supported faithful request/result boundary","unproven","unproven","would require new native/source distribution","unsupported coupling","does not close lifecycle/package/callback/memory gates","workspace/code-mobility/protocol/crash states","Reuse Effect Scope for owned handles/children, ChildProcess for selected processes, FileSystem/Path for explicit mutation, Stream only for a real typed event source, Layer for selection and dependency provision, and preserve Cause interruption.","bounded negative / reject for this operation","high","plugin API and bindingify-plugin.ts @ 483c648"
"rolldown","ROLL-PLUGINS","plugins and virtual inputs","upstream-contribution","future stable Rust/ABI or cancellable joined handle; Rolldown-owned; supported API/ABI; effect-build calls provider. Family: missing supported protocol/library/cancellation/event surface proposed upstream","provider pin/license: Rolldown 1.2.4 @ 483c64833c0fb0d1b75f1339accf781c0a09b335; MIT; evidence class/support promise: hypothetical; effect-build-owned adapter/prototype license: MIT where applicable, otherwise not applicable","must expose package/native/host capability identity","retain plugin/output ownership explicitly","cancel plus close-joins-in-flight law required","stable eager/borrowed memory semantics required","upstream platform artifacts","SemVer/support promise","would reopen deferred mechanisms after all package gates","upstream absorbs fast-moving binding contract","Reuse Effect Scope for owned handles/children, ChildProcess for selected processes, FileSystem/Path for explicit mutation, Stream only for a real typed event source, Layer for selection and dependency provision, and preserve Cause interruption.","upstream-dependent","high","plugin API and bindingify-plugin.ts @ 483c648"
"rolldown","ROLL-LIFECYCLE","generate/write/close and native external-memory ownership","direct-host-api","public JavaScript functions, build/watch handles and plugin callbacks; host process -> package N-API addon -> Rust/Tokio threads; JS/N-API callbacks and native-backed objects; effect-build calls provider. Family: official function, callback, or scoped handle in the provider's supported host","provider pin/license: Rolldown 1.2.4 @ 483c64833c0fb0d1b75f1339accf781c0a09b335; MIT; evidence class/support promise: documented public Rolldown 1.2.4 JS API; build/watch experimental; MIT; entire provider deferred by freeze; effect-build-owned adapter/prototype license: MIT where applicable, otherwise not applicable","package/native addon/host graph selects engine; caller owns config/plugins","rich closures, virtual inputs, structured diagnostics and lazy external native memory","build handle exposes generate/write/close but full builds are fresh; watch/dev experimental; close in-flight law currently fails freeze","native-backed lazy in-memory outputs or provider-direct files","Node engine declared; platform N-API packages/WASI fallback","package/addon/host relation; override path can evade exact version enforcement","truthful upstream mechanism after admission gates","low wrapper shape but native faults/external-memory/close races require ownership law","Reuse Effect Scope for owned handles/children, ChildProcess for selected processes, FileSystem/Path for explicit mutation, Stream only for a real typed event source, Layer for selection and dependency provision, and preserve Cause interruption.","upstream viable; effect-build deferred","high","external-memory-handle.ts and freeze R6 verdict"
"rolldown","ROLL-LIFECYCLE","generate/write/close and native external-memory ownership","selected-command","Node shebang CLI/config module; selected Node -> rolldown JS -> N-API addon/Rust threads; argv, executable JS/TS config, terminal streams/filesystem; effect-build calls provider. Family: one-shot or scoped provider command with native argv/project/process semantics","provider pin/license: Rolldown 1.2.4 @ 483c64833c0fb0d1b75f1339accf781c0a09b335; MIT; evidence class/support promise: documented public Rolldown 1.2.4 CLI, MIT; provider deferred; effect-build-owned adapter/prototype license: MIT where applicable, otherwise not applicable","PATH selects Node and script/package graph rather than standalone Rust binary","native config modules may load plugins; terminal output loses structured JS results and handle methods","one-shot or raw watcher process","stdout/direct files","Node plus JS package plus native addon","relational Node/package/addon identity","cannot return the exact in-memory output objects or expose the combined watch/dev engine handle operation","more identity axes than a standalone CLI","Reuse Effect Scope for owned handles/children, ChildProcess for selected processes, FileSystem/Path for explicit mutation, Stream only for a real typed event source, Layer for selection and dependency provision, and preserve Cause interruption.","bounded negative / reject for this operation","high","external-memory-handle.ts and freeze R6 verdict"
"rolldown","ROLL-LIFECYCLE","generate/write/close and native external-memory ownership","official-language-library","published Rust rolldown crate; caller Rust process; direct Rust calls/traits; effect-build calls provider. Family: official Go or Rust library API outside the TypeScript host","provider pin/license: Rolldown 1.2.4 @ 483c64833c0fb0d1b75f1339accf781c0a09b335; MIT; evidence class/support promise: official public crate 1.2.4, MIT, but upstream explicitly promises no SemVer/docs/team support; effect-build-owned adapter/prototype license: MIT where applicable, otherwise not applicable","Cargo graph selects exact engine","Rust-native options/results; Rust plugin traits do not preserve JavaScript closures","Rust engine-specific","native Rust values/direct files","Rust toolchain/binary per target","exact-source coupling despite published crate","does not preserve the inventoried JS plugin, wrapper external-memory/close, or package DevEngine/watch operations and is not a supportable stable effect-build boundary","very high source maintenance and platform build burden","Reuse Effect Scope for owned handles/children, ChildProcess for selected processes, FileSystem/Path for explicit mutation, Stream only for a real typed event source, Layer for selection and dependency provision, and preserve Cause interruption.","bounded negative / reject for this operation","high","external-memory-handle.ts and freeze R6 verdict"
"rolldown","ROLL-LIFECYCLE","generate/write/close and native external-memory ownership","native-bridge","package JavaScript API; same-process package-owned N-API addon and Tokio runtime; N-API plus callbacks/lazy external memory; effect-build calls provider. Family: supported or owned C/C++/N-API/FFI bridge","provider pin/license: Rolldown 1.2.4 @ 483c64833c0fb0d1b75f1339accf781c0a09b335; MIT; evidence class/support promise: source-visible package binding shipped by Rolldown, not a general supported ABI; effect-build-owned adapter/prototype license: MIT where applicable, otherwise not applicable","package binding loader selects platform addon/WASI","full JS adapter semantics including callbacks","native runtime holder/build/output memory","lazy native-backed output or direct files","platform .node optional packages","N-API host plus package/addon version relation","implementation below the public JS API","upstream absorbs bridge; effect-build must still certify memory/lifecycle","Reuse Effect Scope for owned handles/children, ChildProcess for selected processes, FileSystem/Path for explicit mutation, Stream only for a real typed event source, Layer for selection and dependency provision, and preserve Cause interruption.","implementation detail only; use through public JS API after admission; implementation relation only, not a selectable route","high","external-memory-handle.ts and freeze R6 verdict"
"rolldown","ROLL-LIFECYCLE","generate/write/close and native external-memory ownership","embedded-engine","none supported; not available as a supported provider surface; none; effect-build calls provider. Family: linked or vendored upstream compiler/runtime core","provider pin/license: Rolldown 1.2.4 @ 483c64833c0fb0d1b75f1339accf781c0a09b335; MIT; evidence class/support promise: Rolldown Rust crate is published but explicitly unsupported for SemVer/docs/team support; binding crate is publish=false; effect-build-owned adapter/prototype license: MIT where applicable, otherwise not applicable","would require effect-build to own an unsupported engine/ABI or substitute semantics","no supported faithful request/result boundary","unproven","unproven","would require new native/source distribution","unsupported coupling","embedding would bind effect-build to fast-moving Rust internals","native toolchain/platform/source lockstep and plugin ABI maintenance","Reuse Effect Scope for owned handles/children, ChildProcess for selected processes, FileSystem/Path for explicit mutation, Stream only for a real typed event source, Layer for selection and dependency provision, and preserve Cause interruption.","bounded negative / reject for this operation","high","external-memory-handle.ts and freeze R6 verdict"
"rolldown","ROLL-LIFECYCLE","generate/write/close and native external-memory ownership","runtime-hosted-sidecar","framed serializable request/result; Node/Rust sidecar loads Rolldown; owned RPC; output bytes eagerly copied; effect-build calls provider. Family: provider-native public API behind an effect-build-owned framed protocol","provider pin/license: Rolldown 1.2.4 @ 483c64833c0fb0d1b75f1339accf781c0a09b335; MIT; evidence class/support promise: hypothetical effect-build adapter; provider remains deferred; effect-build-owned adapter/prototype license: MIT where applicable, otherwise not applicable","sidecar selects package/addon/Rust engine","serializable options/results only; plugin closures require code loading or bidirectional RPC","one-shot/session; crash invalidates handles; native outputs must be materialized/released","copied bytes or sidecar filesystem mutation","Node+N-API or Rust binaries across platforms","protocol plus package/addon/host handshake","does not solve package admission, callbacks, external memory or close race","very high protocol/distribution/memory/callback state","Reuse Effect Scope for owned handles/children, ChildProcess for selected processes, FileSystem/Path for explicit mutation, Stream only for a real typed event source, Layer for selection and dependency provision, and preserve Cause interruption.","bounded negative / reject for this operation","high","external-memory-handle.ts and freeze R6 verdict"
"rolldown","ROLL-LIFECYCLE","generate/write/close and native external-memory ownership","persistent-session","none supported; not available as a supported provider surface; none; effect-build calls provider. Family: versioned daemon/service session with lifetime-bound handles","provider pin/license: Rolldown 1.2.4 @ 483c64833c0fb0d1b75f1339accf781c0a09b335; MIT; evidence class/support promise: RolldownBuild repeats full builds; current close can resolve before in-flight generate; no cancellation; effect-build-owned adapter/prototype license: MIT where applicable, otherwise not applicable","would require effect-build to own an unsupported engine/ABI or substitute semantics","no supported faithful request/result boundary","unproven","unproven","would require new native/source distribution","unsupported coupling","session protocol would add opaque IDs without proven incremental state and worsen close/crash ownership","stale handles, callback RPC, output release, backpressure, restart and in-flight join","Reuse Effect Scope for owned handles/children, ChildProcess for selected processes, FileSystem/Path for explicit mutation, Stream only for a real typed event source, Layer for selection and dependency provision, and preserve Cause interruption.","bounded negative / reject for this operation","high","external-memory-handle.ts and freeze R6 verdict"
"rolldown","ROLL-LIFECYCLE","generate/write/close and native external-memory ownership","wasm-worker","package loader branch, if a compatible host selects it; source-visible WASI/N-API-RS fallback; runtime behavior not retained as checked evidence; JS/WASI bridge shape visible in source; callback and output parity unproven; effect-build calls provider. Family: supported WebAssembly, WASI, or provider worker boundary","provider pin/license: Rolldown 1.2.4 @ 483c64833c0fb0d1b75f1339accf781c0a09b335; MIT; evidence class/support promise: source-visible fallback at Rolldown 1.2.4; experimental Node WASI behavior; MIT; provider deferred; no retained reproducible runtime probe; effect-build-owned adapter/prototype license: MIT where applicable, otherwise not applicable","environment/package loader can select WASI/native fallback","runtime inputs, JavaScript plugin callbacks, and parity are unproven","runtime handle, callback, and native-memory laws are unproven on this branch","runtime output ownership/copy behavior is unproven","WASI package plus compatible host support would be required","package/WASI/host capability relation is source-visible but uncertified","does not close admission/lifecycle gates and has no retained proof of build or plugin parity","additional fallback/capability/performance states","Reuse Effect Scope for owned handles/children, ChildProcess for selected processes, FileSystem/Path for explicit mutation, Stream only for a real typed event source, Layer for selection and dependency provision, and preserve Cause interruption.","bounded negative / reject for this operation","low","external-memory-handle.ts and freeze R6 verdict"
"rolldown","ROLL-LIFECYCLE","generate/write/close and native external-memory ownership","inverted-plugin","JavaScript plugin hooks; Rust engine calls host JS through N-API; direct async callbacks with PluginContext/output mutation; effect-build calls provider. Family: provider owns execution and calls effect-build-controlled hooks/modules","provider pin/license: Rolldown 1.2.4 @ 483c64833c0fb0d1b75f1339accf781c0a09b335; MIT; evidence class/support promise: documented public plugin API at 1.2.4; effect-build-owned adapter/prototype license: MIT where applicable, otherwise not applicable","engine owns schedule; host owns closure state/code","full non-serializable closures/virtual inputs/mutation","hooks include closeBundle; tied to build/watcher","plugin can mutate output and manage external resources","plugin modules in host process","public JS plugin API","callbacks are adjuncts and do not initiate build/write, own wrapper external-memory lifecycle, or create watch/dev handles","reentrancy/concurrency/resource cleanup, but upstream owns mapping","Reuse Effect Scope for owned handles/children, ChildProcess for selected processes, FileSystem/Path for explicit mutation, Stream only for a real typed event source, Layer for selection and dependency provision, and preserve Cause interruption.","bounded negative / reject for this operation","high","external-memory-handle.ts and freeze R6 verdict"
"rolldown","ROLL-LIFECYCLE","generate/write/close and native external-memory ownership","declarative-artifact","none supported; not available as a supported provider surface; none; effect-build calls provider. Family: stable config, manifest, project, or intermediate artifact handoff","provider pin/license: Rolldown 1.2.4 @ 483c64833c0fb0d1b75f1339accf781c0a09b335; MIT; evidence class/support promise: Rolldown config files are executable JS/TS and may export functions/plugins; no stable data-only build manifest/IR found; effect-build-owned adapter/prototype license: MIT where applicable, otherwise not applicable","would require effect-build to own an unsupported engine/ABI or substitute semantics","no supported faithful request/result boundary","unproven","unproven","would require new native/source distribution","unsupported coupling","storing argv/config path keeps CLI/package semantics and cannot represent closures","parallel schema would lose native configuration","Reuse Effect Scope for owned handles/children, ChildProcess for selected processes, FileSystem/Path for explicit mutation, Stream only for a real typed event source, Layer for selection and dependency provision, and preserve Cause interruption.","bounded negative / reject for this operation","high","external-memory-handle.ts and freeze R6 verdict"
"rolldown","ROLL-LIFECYCLE","generate/write/close and native external-memory ownership","isolated-worker","none supported; not available as a supported provider surface; none; effect-build calls provider. Family: local/remote isolated worker used specifically for host or fault isolation","provider pin/license: Rolldown 1.2.4 @ 483c64833c0fb0d1b75f1339accf781c0a09b335; MIT; evidence class/support promise: a worker/remote host could isolate N-API faults but no current admitted operation justifies the transport; effect-build-owned adapter/prototype license: MIT where applicable, otherwise not applicable","would require effect-build to own an unsupported engine/ABI or substitute semantics","no supported faithful request/result boundary","unproven","unproven","would require new native/source distribution","unsupported coupling","does not close lifecycle/package/callback/memory gates","workspace/code-mobility/protocol/crash states","Reuse Effect Scope for owned handles/children, ChildProcess for selected processes, FileSystem/Path for explicit mutation, Stream only for a real typed event source, Layer for selection and dependency provision, and preserve Cause interruption.","bounded negative / reject for this operation","high","external-memory-handle.ts and freeze R6 verdict"
"rolldown","ROLL-LIFECYCLE","generate/write/close and native external-memory ownership","upstream-contribution","future stable Rust/ABI or cancellable joined handle; Rolldown-owned; supported API/ABI; effect-build calls provider. Family: missing supported protocol/library/cancellation/event surface proposed upstream","provider pin/license: Rolldown 1.2.4 @ 483c64833c0fb0d1b75f1339accf781c0a09b335; MIT; evidence class/support promise: hypothetical; effect-build-owned adapter/prototype license: MIT where applicable, otherwise not applicable","must expose package/native/host capability identity","retain plugin/output ownership explicitly","cancel plus close-joins-in-flight law required","stable eager/borrowed memory semantics required","upstream platform artifacts","SemVer/support promise","would reopen deferred mechanisms after all package gates","upstream absorbs fast-moving binding contract","Reuse Effect Scope for owned handles/children, ChildProcess for selected processes, FileSystem/Path for explicit mutation, Stream only for a real typed event source, Layer for selection and dependency provision, and preserve Cause interruption.","upstream-dependent","high","external-memory-handle.ts and freeze R6 verdict"
"rolldown","ROLL-WATCH-DEV","watch/dev/incremental engine","direct-host-api","public JavaScript functions, build/watch handles and plugin callbacks; host process -> package N-API addon -> Rust/Tokio threads; JS/N-API callbacks and native-backed objects; effect-build calls provider. Family: official function, callback, or scoped handle in the provider's supported host","provider pin/license: Rolldown 1.2.4 @ 483c64833c0fb0d1b75f1339accf781c0a09b335; MIT; evidence class/support promise: documented public Rolldown 1.2.4 JS API; build/watch experimental; MIT; entire provider deferred by freeze; effect-build-owned adapter/prototype license: MIT where applicable, otherwise not applicable","package/native addon/host graph selects engine; caller owns config/plugins","rich closures, virtual inputs, structured diagnostics and lazy external native memory","build handle exposes generate/write/close but full builds are fresh; watch/dev experimental; close in-flight law currently fails freeze","native-backed lazy in-memory outputs or provider-direct files","Node engine declared; platform N-API packages/WASI fallback","package/addon/host relation; override path can evade exact version enforcement","truthful upstream mechanism after admission gates","low wrapper shape but native faults/external-memory/close races require ownership law","Reuse Effect Scope for owned handles/children, ChildProcess for selected processes, FileSystem/Path for explicit mutation, Stream only for a real typed event source, Layer for selection and dependency provision, and preserve Cause interruption.","upstream viable; effect-build deferred","high","packages/rolldown/src/api/dev/dev-engine.ts:21-129,151-178 @ 483c648"
"rolldown","ROLL-WATCH-DEV","watch/dev/incremental engine","selected-command","Node shebang CLI/config module; selected Node -> rolldown JS -> N-API addon/Rust threads; argv, executable JS/TS config, terminal streams/filesystem; effect-build calls provider. Family: one-shot or scoped provider command with native argv/project/process semantics","provider pin/license: Rolldown 1.2.4 @ 483c64833c0fb0d1b75f1339accf781c0a09b335; MIT; evidence class/support promise: documented public Rolldown 1.2.4 CLI, MIT; provider deferred; effect-build-owned adapter/prototype license: MIT where applicable, otherwise not applicable","PATH selects Node and script/package graph rather than standalone Rust binary","native config modules may load plugins; terminal output loses structured JS results and handle methods","one-shot or raw watcher process","stdout/direct files","Node plus JS package plus native addon","relational Node/package/addon identity","cannot return the exact in-memory output objects or expose the combined watch/dev engine handle operation","more identity axes than a standalone CLI","Reuse Effect Scope for owned handles/children, ChildProcess for selected processes, FileSystem/Path for explicit mutation, Stream only for a real typed event source, Layer for selection and dependency provision, and preserve Cause interruption.","bounded negative / reject for this operation","high","packages/rolldown/src/api/dev/dev-engine.ts:21-129,151-178 @ 483c648"
"rolldown","ROLL-WATCH-DEV","watch/dev/incremental engine","official-language-library","published Rust rolldown crate; caller Rust process; direct Rust calls/traits; effect-build calls provider. Family: official Go or Rust library API outside the TypeScript host","provider pin/license: Rolldown 1.2.4 @ 483c64833c0fb0d1b75f1339accf781c0a09b335; MIT; evidence class/support promise: official public crate 1.2.4, MIT, but upstream explicitly promises no SemVer/docs/team support; effect-build-owned adapter/prototype license: MIT where applicable, otherwise not applicable","Cargo graph selects exact engine","Rust-native options/results; Rust plugin traits do not preserve JavaScript closures","Rust engine-specific","native Rust values/direct files","Rust toolchain/binary per target","exact-source coupling despite published crate","does not preserve the inventoried JS plugin, wrapper external-memory/close, or package DevEngine/watch operations and is not a supportable stable effect-build boundary","very high source maintenance and platform build burden","Reuse Effect Scope for owned handles/children, ChildProcess for selected processes, FileSystem/Path for explicit mutation, Stream only for a real typed event source, Layer for selection and dependency provision, and preserve Cause interruption.","bounded negative / reject for this operation","high","packages/rolldown/src/api/dev/dev-engine.ts:21-129,151-178 @ 483c648"
"rolldown","ROLL-WATCH-DEV","watch/dev/incremental engine","native-bridge","package JavaScript API; same-process package-owned N-API addon and Tokio runtime; N-API plus callbacks/lazy external memory; effect-build calls provider. Family: supported or owned C/C++/N-API/FFI bridge","provider pin/license: Rolldown 1.2.4 @ 483c64833c0fb0d1b75f1339accf781c0a09b335; MIT; evidence class/support promise: source-visible package binding shipped by Rolldown, not a general supported ABI; effect-build-owned adapter/prototype license: MIT where applicable, otherwise not applicable","package binding loader selects platform addon/WASI","full JS adapter semantics including callbacks","native runtime holder/build/output memory","lazy native-backed output or direct files","platform .node optional packages","N-API host plus package/addon version relation","implementation below the public JS API","upstream absorbs bridge; effect-build must still certify memory/lifecycle","Reuse Effect Scope for owned handles/children, ChildProcess for selected processes, FileSystem/Path for explicit mutation, Stream only for a real typed event source, Layer for selection and dependency provision, and preserve Cause interruption.","implementation detail only; use through public JS API after admission; implementation relation only, not a selectable route","high","packages/rolldown/src/api/dev/dev-engine.ts:21-129,151-178 @ 483c648"
"rolldown","ROLL-WATCH-DEV","watch/dev/incremental engine","embedded-engine","none supported; not available as a supported provider surface; none; effect-build calls provider. Family: linked or vendored upstream compiler/runtime core","provider pin/license: Rolldown 1.2.4 @ 483c64833c0fb0d1b75f1339accf781c0a09b335; MIT; evidence class/support promise: Rolldown Rust crate is published but explicitly unsupported for SemVer/docs/team support; binding crate is publish=false; effect-build-owned adapter/prototype license: MIT where applicable, otherwise not applicable","would require effect-build to own an unsupported engine/ABI or substitute semantics","no supported faithful request/result boundary","unproven","unproven","would require new native/source distribution","unsupported coupling","embedding would bind effect-build to fast-moving Rust internals","native toolchain/platform/source lockstep and plugin ABI maintenance","Reuse Effect Scope for owned handles/children, ChildProcess for selected processes, FileSystem/Path for explicit mutation, Stream only for a real typed event source, Layer for selection and dependency provision, and preserve Cause interruption.","bounded negative / reject for this operation","high","packages/rolldown/src/api/dev/dev-engine.ts:21-129,151-178 @ 483c648"
"rolldown","ROLL-WATCH-DEV","watch/dev/incremental engine","runtime-hosted-sidecar","framed serializable request/result; Node/Rust sidecar loads Rolldown; owned RPC; output bytes eagerly copied; effect-build calls provider. Family: provider-native public API behind an effect-build-owned framed protocol","provider pin/license: Rolldown 1.2.4 @ 483c64833c0fb0d1b75f1339accf781c0a09b335; MIT; evidence class/support promise: hypothetical effect-build adapter; provider remains deferred; effect-build-owned adapter/prototype license: MIT where applicable, otherwise not applicable","sidecar selects package/addon/Rust engine","serializable options/results only; plugin closures require code loading or bidirectional RPC","one-shot/session; crash invalidates handles; native outputs must be materialized/released","copied bytes or sidecar filesystem mutation","Node+N-API or Rust binaries across platforms","protocol plus package/addon/host handshake","does not solve package admission, callbacks, external memory or close race","very high protocol/distribution/memory/callback state","Reuse Effect Scope for owned handles/children, ChildProcess for selected processes, FileSystem/Path for explicit mutation, Stream only for a real typed event source, Layer for selection and dependency provision, and preserve Cause interruption.","bounded negative / reject for this operation","high","packages/rolldown/src/api/dev/dev-engine.ts:21-129,151-178 @ 483c648"
"rolldown","ROLL-WATCH-DEV","watch/dev/incremental engine","persistent-session","none supported; not available as a supported provider surface; none; effect-build calls provider. Family: versioned daemon/service session with lifetime-bound handles","provider pin/license: Rolldown 1.2.4 @ 483c64833c0fb0d1b75f1339accf781c0a09b335; MIT; evidence class/support promise: RolldownBuild repeats full builds; current close can resolve before in-flight generate; no cancellation; effect-build-owned adapter/prototype license: MIT where applicable, otherwise not applicable","would require effect-build to own an unsupported engine/ABI or substitute semantics","no supported faithful request/result boundary","unproven","unproven","would require new native/source distribution","unsupported coupling","session protocol would add opaque IDs without proven incremental state and worsen close/crash ownership","stale handles, callback RPC, output release, backpressure, restart and in-flight join","Reuse Effect Scope for owned handles/children, ChildProcess for selected processes, FileSystem/Path for explicit mutation, Stream only for a real typed event source, Layer for selection and dependency provision, and preserve Cause interruption.","bounded negative / reject for this operation","high","packages/rolldown/src/api/dev/dev-engine.ts:21-129,151-178 @ 483c648"
"rolldown","ROLL-WATCH-DEV","watch/dev/incremental engine","wasm-worker","package loader branch, if a compatible host selects it; source-visible WASI/N-API-RS fallback; runtime behavior not retained as checked evidence; JS/WASI bridge shape visible in source; callback and output parity unproven; effect-build calls provider. Family: supported WebAssembly, WASI, or provider worker boundary","provider pin/license: Rolldown 1.2.4 @ 483c64833c0fb0d1b75f1339accf781c0a09b335; MIT; evidence class/support promise: source-visible fallback at Rolldown 1.2.4; experimental Node WASI behavior; MIT; provider deferred; no retained reproducible runtime probe; effect-build-owned adapter/prototype license: MIT where applicable, otherwise not applicable","environment/package loader can select WASI/native fallback","runtime inputs, JavaScript plugin callbacks, and parity are unproven","runtime handle, callback, and native-memory laws are unproven on this branch","runtime output ownership/copy behavior is unproven","WASI package plus compatible host support would be required","package/WASI/host capability relation is source-visible but uncertified","does not close admission/lifecycle gates and has no retained proof of build or plugin parity","additional fallback/capability/performance states","Reuse Effect Scope for owned handles/children, ChildProcess for selected processes, FileSystem/Path for explicit mutation, Stream only for a real typed event source, Layer for selection and dependency provision, and preserve Cause interruption.","bounded negative / reject for this operation","low","packages/rolldown/src/api/dev/dev-engine.ts:21-129,151-178 @ 483c648"
"rolldown","ROLL-WATCH-DEV","watch/dev/incremental engine","inverted-plugin","JavaScript plugin hooks; Rust engine calls host JS through N-API; direct async callbacks with PluginContext/output mutation; effect-build calls provider. Family: provider owns execution and calls effect-build-controlled hooks/modules","provider pin/license: Rolldown 1.2.4 @ 483c64833c0fb0d1b75f1339accf781c0a09b335; MIT; evidence class/support promise: documented public plugin API at 1.2.4; effect-build-owned adapter/prototype license: MIT where applicable, otherwise not applicable","engine owns schedule; host owns closure state/code","full non-serializable closures/virtual inputs/mutation","hooks include closeBundle; tied to build/watcher","plugin can mutate output and manage external resources","plugin modules in host process","public JS plugin API","callbacks are adjuncts and do not initiate build/write, own wrapper external-memory lifecycle, or create watch/dev handles","reentrancy/concurrency/resource cleanup, but upstream owns mapping","Reuse Effect Scope for owned handles/children, ChildProcess for selected processes, FileSystem/Path for explicit mutation, Stream only for a real typed event source, Layer for selection and dependency provision, and preserve Cause interruption.","bounded negative / reject for this operation","high","packages/rolldown/src/api/dev/dev-engine.ts:21-129,151-178 @ 483c648"
"rolldown","ROLL-WATCH-DEV","watch/dev/incremental engine","declarative-artifact","none supported; not available as a supported provider surface; none; effect-build calls provider. Family: stable config, manifest, project, or intermediate artifact handoff","provider pin/license: Rolldown 1.2.4 @ 483c64833c0fb0d1b75f1339accf781c0a09b335; MIT; evidence class/support promise: Rolldown config files are executable JS/TS and may export functions/plugins; no stable data-only build manifest/IR found; effect-build-owned adapter/prototype license: MIT where applicable, otherwise not applicable","would require effect-build to own an unsupported engine/ABI or substitute semantics","no supported faithful request/result boundary","unproven","unproven","would require new native/source distribution","unsupported coupling","storing argv/config path keeps CLI/package semantics and cannot represent closures","parallel schema would lose native configuration","Reuse Effect Scope for owned handles/children, ChildProcess for selected processes, FileSystem/Path for explicit mutation, Stream only for a real typed event source, Layer for selection and dependency provision, and preserve Cause interruption.","bounded negative / reject for this operation","high","packages/rolldown/src/api/dev/dev-engine.ts:21-129,151-178 @ 483c648"
"rolldown","ROLL-WATCH-DEV","watch/dev/incremental engine","isolated-worker","none supported; not available as a supported provider surface; none; effect-build calls provider. Family: local/remote isolated worker used specifically for host or fault isolation","provider pin/license: Rolldown 1.2.4 @ 483c64833c0fb0d1b75f1339accf781c0a09b335; MIT; evidence class/support promise: a worker/remote host could isolate N-API faults but no current admitted operation justifies the transport; effect-build-owned adapter/prototype license: MIT where applicable, otherwise not applicable","would require effect-build to own an unsupported engine/ABI or substitute semantics","no supported faithful request/result boundary","unproven","unproven","would require new native/source distribution","unsupported coupling","does not close lifecycle/package/callback/memory gates","workspace/code-mobility/protocol/crash states","Reuse Effect Scope for owned handles/children, ChildProcess for selected processes, FileSystem/Path for explicit mutation, Stream only for a real typed event source, Layer for selection and dependency provision, and preserve Cause interruption.","bounded negative / reject for this operation","high","packages/rolldown/src/api/dev/dev-engine.ts:21-129,151-178 @ 483c648"
"rolldown","ROLL-WATCH-DEV","watch/dev/incremental engine","upstream-contribution","future stable Rust/ABI or cancellable joined handle; Rolldown-owned; supported API/ABI; effect-build calls provider. Family: missing supported protocol/library/cancellation/event surface proposed upstream","provider pin/license: Rolldown 1.2.4 @ 483c64833c0fb0d1b75f1339accf781c0a09b335; MIT; evidence class/support promise: hypothetical; effect-build-owned adapter/prototype license: MIT where applicable, otherwise not applicable","must expose package/native/host capability identity","retain plugin/output ownership explicitly","cancel plus close-joins-in-flight law required","stable eager/borrowed memory semantics required","upstream platform artifacts","SemVer/support promise","would reopen deferred mechanisms after all package gates","upstream absorbs fast-moving binding contract","Reuse Effect Scope for owned handles/children, ChildProcess for selected processes, FileSystem/Path for explicit mutation, Stream only for a real typed event source, Layer for selection and dependency provision, and preserve Cause interruption.","upstream-dependent","high","packages/rolldown/src/api/dev/dev-engine.ts:21-129,151-178 @ 483c648"
